Data-hora da leitura,Plataforma,ID do post,Artista,Views,Likes,Comentários
2026-08-18 14:00,YouTube,D_UwyI4vBls,Russin Oficial,496,15,
2026-08-18 14:00,YouTube,8o_l3sREpeU,Evy Baddie,894,162,
2026-08-18 14:00,YouTube,jv_Rn_EmYZM,Fidelisx,1563,249,
2026-08-18 14:00,Instagram,DcL4deSPcOl,Kaka,3178,379,104
2026-08-18 14:00,YouTube,DvBN7Cy7uRg,Casa Saturno,1253,225,
2026-08-18 14:00,Instagram,DcLs0WNivII,Casa Saturno,4615,289,14
2026-08-18 14:00,YouTube,Y1uE8TO8zPY,Casa Saturno,,28,
2026-08-18 14:00,YouTube,M6YdKfdLaFI,Casa Saturno,1046,219,
2026-08-18 14:00,Instagram,DcLmCMOFjyC,Casa Saturno,2691,243,14
2026-08-18 14:00,YouTube,0GVzwMr3icI,Kaka,1487,213,
2026-08-18 14:00,YouTube,r9x_b_0CA4A,Casa Saturno,1188,222,
2026-08-18 14:00,Instagram,DcLfUYmjsCM,Casa Saturno,4486,327,24
2026-08-18 14:00,YouTube,1b8CDw8gdkA,Kysha e Mine,4442,1016,
2026-08-18 14:00,YouTube,vAKMqHPk8cw,Russin Oficial,4343,157,
2026-08-18 14:00,Instagram,DcKAZgdpBk-,Russin Oficial,6009,289,20
2026-08-18 14:00,YouTube,OkgaDUy9ZME,Kysha e Mine,16659,1202,
2026-08-18 14:00,YouTube,xF9LdQAbJ3s,Evy Baddie,4723,662,
2026-08-18 14:00,YouTube,2DUaa5fwYTA,Fidelisx,34726,2105,
2026-08-18 14:00,Instagram,DcJ9CuMhfO5,Evy Baddie,11031,774,82
2026-08-18 14:00,YouTube,p5BGX0yTgpU,Evy Baddie,3337,668,
2026-08-18 14:00,YouTube,n_oJwKiUY9I,Fidelisx,19152,1788,
2026-08-18 14:00,Instagram,DcJoFtfpRqN,Kaka,60282,1996,57
2026-08-18 14:00,YouTube,PKd4d8mIXC0,Russin Oficial,2233,181,
2026-08-18 14:00,YouTube,OaS_R3DunUw,Fidelisx,142522,7222,
2026-08-18 14:00,Instagram,DcJT1y1hSxi,Kysha e Mine,81042,5354,152
2026-08-18 14:00,Instagram,DcJT1y1hSxi,Casa Saturno,81042,5354,152
2026-08-18 14:00,YouTube,hgOuaj2tqRE,Casa Saturno,16460,1435,
2026-08-18 14:00,Instagram,DcJIELDDW_X,Casa Saturno,7435,432,22
2026-08-18 14:00,YouTube,iKXSdL3AOzU,Evy Baddie,2321,402,
2026-08-18 14:00,YouTube,XGpTJW4QjrQ,Casa Saturno,5820,846,
2026-08-18 14:00,Instagram,DcJCqd-iuw2,Kysha e Mine,32578,1014,54
2026-08-18 14:00,Instagram,DcJBV9EAc2M,Casa Saturno,18598,906,22
2026-08-18 14:00,YouTube,-UWOuDozZHw,Casa Saturno,11529,1253,
2026-08-18 14:00,Instagram,DcI6e6slW1v,Casa Saturno,8364,734,48
2026-08-18 14:00,Instagram,DcH4lBLRxTR,Russin Oficial,170317,1600,101
2026-08-18 14:00,YouTube,y7sXFTztGi0,Evy Baddie,8667,1107,
2026-08-18 14:00,Instagram,DcHihQJhl_v,Evy Baddie,25735,1381,251
2026-08-18 14:00,YouTube,qXIs94lohNI,Fidelisx,178186,4418,
2026-08-18 14:00,YouTube,Kj3wWD8I_EY,Kaka,1203,144,
2026-08-18 14:00,YouTube,ar4axizjGuM,Kysha e Mine,29299,2805,
2026-08-18 14:00,Instagram,DcHJ6-1uSCc,Kysha e Mine,26064,998,57
2026-08-18 14:00,YouTube,EA1HYgbFlsI,Fidelisx,66411,3261,
2026-08-18 14:00,YouTube,rvIf4f4dc0k,Casa Saturno,5184,774,
2026-08-18 14:00,Instagram,DcG4lWjx6j8,Casa Saturno,16936,828,49
2026-08-18 14:00,YouTube,8vErlX7qpvY,Russin Oficial,15734,755,
2026-08-18 14:00,Instagram,DcGuVDPuelA,Kysha e Mine,50373,1437,21
2026-08-18 14:00,YouTube,pn5gromSPlU,Kaka,24485,1151,
2026-08-18 14:00,YouTube,JQHTYVpMQ-M,Fidelisx,37976,2544,
2026-08-18 14:00,Instagram,DcGuqsfvD-L,Kaka,10648,873,44
2026-08-18 14:00,Instagram,DcGtC5Ku93Q,Kysha,29764,1895,266
2026-08-18 14:00,YouTube,R6uItkq3JhA,Kaka,23460,1223,
2026-08-18 14:00,Instagram,DcGhiJ3CGct,Casa Saturno,12614,674,51
2026-08-18 14:00,YouTube,BBRGZgeHG8w,Casa Saturno,16621,1271,
2026-08-18 14:00,YouTube,gGeOcLafvyM,Kysha e Mine,65362,3167,
2026-08-18 14:00,Instagram,DcGfWxhOq7y,Kysha e Mine,51491,3145,59
2026-08-18 14:00,Instagram,DcFUDJexNk7,Mine,260040,11544,678
2026-08-18 14:00,YouTube,IZDizzmXFnE,Kysha e Mine,19222,2176,
2026-08-18 14:00,YouTube,FgfJN5_p5n4,Russin Oficial,1413,124,
2026-08-18 14:00,Instagram,DcE7hBqp8Ny,Russin Oficial,88658,3668,65
2026-08-18 14:00,YouTube,EXWS8LiNb2o,Evy Baddie,33553,2783,
2026-08-18 14:00,YouTube,FTlbZlgOsRk,Evy Baddie,8103,1057,
2026-08-18 14:00,YouTube,BS0WAfijiUw,Russin Oficial,3903,464,
2026-08-18 14:00,Instagram,DcE19DcOXyy,Kysha,57147,2231,96
2026-08-18 14:00,YouTube,zeospHwGVSc,Casa Saturno,20645,1338,
2026-08-18 14:00,YouTube,gGZ_ggNMst4,Evy Baddie,6663,1331,
2026-08-18 14:00,YouTube,dUuD7guxc1w,Kysha e Mine,39875,2277,
2026-08-18 14:00,YouTube,nHVVaXAkNjg,Fidelisx,15181,1890,
2026-08-18 14:00,Instagram,DcEWwDSkSEA,Fidelisx,,4174,160
2026-08-18 14:00,Instagram,DcEUVs4OogP,Argentino,33093,2136,184
2026-08-18 14:00,YouTube,6bTVSN7BMSs,Russin Oficial,2895,476,
2026-08-18 14:00,YouTube,2eV18yfJgxo,Kaka,42695,1999,
2026-08-18 14:00,Instagram,DcEKaCkvomn,Kaka,73730,1942,57
2026-08-18 14:00,YouTube,CyQJAc-LSWk,Casa Saturno,8397,958,
2026-08-18 14:00,YouTube,SO_DMKU7XTg,Kysha e Mine,12938,686,
2026-08-18 14:00,Instagram,DcEHjvIDuKY,Casa Saturno,17963,1176,41
2026-08-18 14:00,YouTube,XfXsNK8BEl4,Casa Saturno,5554,670,
2026-08-18 14:00,Instagram,DcD9YTlR9gs,Casa Saturno,22820,1523,61
2026-08-18 14:00,YouTube,_h7FdZbgF2A,Kaka,81498,2150,
2026-08-18 14:00,YouTube,9NKbjDH5Cfs,Fidelisx,18782,1764,
2026-08-18 14:00,Instagram,DcCrYXLvZui,Kaka,35810,2358,105
2026-08-18 14:00,YouTube,d9nuCFq53w8,Kysha e Mine,41803,3465,
2026-08-18 14:00,Instagram,DcCgm7QufiZ,Argentino,19659,1344,20
2026-08-18 14:00,YouTube,jywrmWILlJw,Casa Saturno,8797,1121,
2026-08-18 14:00,YouTube,vCNcG8eDlmc,Russin Oficial,10885,471,
2026-08-18 14:00,YouTube,f33jieTUQ4M,Kaka,642256,11317,
2026-08-18 14:00,Instagram,DcCW1zVJWQm,Kaka,182869,5318,77
2026-08-18 14:00,Instagram,DcCW1zVJWQm,Casa Saturno,182854,5316,77
2026-08-18 14:00,Instagram,DcCR2Q8pso7,Russin Oficial,28397,472,16
2026-08-18 14:00,YouTube,-wzL5tO1MjI,Kaka,1655,153,
2026-08-18 14:00,YouTube,yMBa-IbQXRg,Russin Oficial,33387,956,
2026-08-18 14:00,YouTube,Ps3IjliqX5E,Kysha e Mine,28699,1491,
2026-08-18 14:00,YouTube,6uDsEXfGW4A,Evy Baddie,10311,1329,
2026-08-18 14:00,Instagram,DcCOsWHRWTS,Kysha e Mine,165413,3420,134
2026-08-18 14:00,Instagram,DcCOsGvRSTn,Evy Baddie,109125,2252,276
2026-08-18 14:00,Instagram,DcCOsGvRSTn,Casa Saturno,109125,2252,276
2026-08-18 14:00,Instagram,DcCOsWHRWTS,Casa Saturno,165409,3420,134
2026-08-18 14:00,YouTube,ulvKWMu0hN4,Kysha e Mine,57532,3961,
2026-08-18 14:00,YouTube,4qQ10lxvxuo,Fidelisx,81510,3541,
2026-08-18 14:00,YouTube,crrIvWcKuQY,Argentino,33172,1961,
2026-08-18 14:00,Instagram,DcB5v4tOeAX,Argentino,53988,1905,77
2026-08-18 14:00,YouTube,-irYWWc5XJQ,Russin Oficial,15075,674,
2026-08-18 14:00,Instagram,DcBzK4iiWUB,Casa Saturno,9828,364,10
2026-08-18 14:00,YouTube,tCcnkL50i9Y,Casa Saturno,34697,1569,
2026-08-18 14:00,Instagram,DcBlew0SAAk,Kaka,71864,2275,79
2026-08-18 14:00,YouTube,9nXV5N591XY,Kaka,159002,3652,
2026-08-18 14:00,YouTube,nxCL-h4DIO0,Casa Saturno,20988,1772,
2026-08-18 14:00,Instagram,DcBcEejASPQ,Casa Saturno,13214,1197,28
2026-08-18 14:00,YouTube,9zeM9diD7d0,Evy Baddie,7926,1047,
2026-08-18 14:00,Instagram,DcBbLtcRjo_,Casa Saturno,25030,1243,164
2026-08-18 14:00,YouTube,9j_c3GytIGU,Fidelisx,482606,12244,
2026-08-18 14:00,YouTube,AF7nZscSvz4,Kaka,9314,463,
2026-08-18 14:00,YouTube,BtOBb0vXQ_g,Russin Oficial,30420,1414,
2026-08-18 14:00,YouTube,115e1DyeI3U,Kysha e Mine,77608,3741,
2026-08-18 14:00,Instagram,Db_p4dgJQYw,Evy Baddie,97384,2034,363
2026-08-18 14:00,Instagram,Db_p4dgJQYw,Casa Saturno,97384,2034,363
2026-08-18 14:00,YouTube,YTgVeVjb0F8,Fidelisx,65242,4057,
2026-08-18 14:00,Instagram,Db_i20dGV7Q,Casa Saturno,19621,976,26
2026-08-18 14:00,YouTube,swAXjXwv9eA,Fidelisx,41711,2819,
2026-08-18 14:00,Instagram,Db_QK6IuGCW,Argentino,59006,3612,124
2026-08-18 14:00,YouTube,chCqJh3BUks,Kysha e Mine,42511,2846,
2026-08-18 14:00,Instagram,Db_H-YFOZ4w,Kysha e Mine,22434,1013,66
2026-08-18 14:00,YouTube,tn72sQytW98,Argentino,41922,2464,
2026-08-18 14:00,Instagram,Db_DDrqu1ss,Argentino,42364,2163,267
2026-08-18 14:00,YouTube,8zSjbXnzPho,Russin Oficial,10318,377,
2026-08-18 14:00,YouTube,zgJw6WBt8Bk,Fidelisx,68558,3558,
2026-08-18 14:00,Instagram,Db8da9nPAU9,Kaka,20435,584,31
2026-08-18 14:00,Instagram,Db-5_4_D6cF,Casa Saturno,30284,2341,163
2026-08-18 14:00,Instagram,Db9fAWvJmIK,Russin Oficial,107385,1372,43
2026-08-18 14:00,Instagram,Db9fAWvJmIK,Kaka,107389,1372,43
2026-08-18 14:00,Instagram,Db9azW6xmDU,Mine,107804,4253,316
2026-08-18 14:00,YouTube,-IlnPTIBLyA,Russin Oficial,47829,1029,
2026-08-18 14:00,Instagram,Db9M4FVOPCm,Kysha,103233,5467,383
2026-08-18 14:00,YouTube,tSVFlvaEfvQ,Kysha e Mine,107372,4912,
2026-08-18 14:00,YouTube,XdR28ULu58Y,Kysha e Mine,50202,2886,
2026-08-18 14:00,YouTube,TNvoVO_a-p8,Kysha e Mine,21048,1327,
2026-08-18 14:00,YouTube,VZIPYancGp8,Fidelisx,56028,3599,
2026-08-18 14:00,YouTube,E2_aThmkOD0,Russin Oficial,10705,819,
2026-08-18 14:00,Instagram,Db9FGM-PjLj,Russin Oficial,25294,581,8
2026-08-18 14:00,Instagram,Db88w9_p7bJ,Casa Saturno,15435,861,77
2026-08-18 14:00,YouTube,1WVlihGT2Cs,Argentino,69411,3776,
2026-08-18 14:00,YouTube,Bw0OFEBtnpI,Kaka,26059,1266,
2026-08-18 14:00,YouTube,kRyvx8gmAJ8,Kaka,15702,835,
2026-08-18 14:00,Instagram,Db8jjYXO02Y,Argentino,51492,2500,130
2026-08-18 14:00,YouTube,T_SKcOmvji4,Kaka,2697,222,
2026-08-18 14:00,YouTube,bZQr8j3QBp0,Kaka,7995,662,
2026-08-18 14:00,YouTube,PYdqT2C6MEg,Russin Oficial,5232,577,
2026-08-18 14:00,Instagram,Db8b7Oavoso,Kaka,9693,800,114
2026-08-18 14:00,Instagram,Db8O3R6xeEX,Casa Saturno,15980,752,39
2026-08-18 14:00,YouTube,Xxla6mSmm70,Evy Baddie,16474,2248,
2026-08-18 14:00,Instagram,Db6jsPUJKnP,Evy Baddie,116130,4719,2577
2026-08-18 14:00,YouTube,0UKxIh5Ir0g,Evy Baddie,27252,3210,
2026-08-18 14:00,Instagram,Db6ErGEM6Q-,Kysha e Mine,47824,1417,59
2026-08-18 14:00,Instagram,Db6C6SDuLI4,Kysha,167535,8295,314
2026-08-18 14:00,Instagram,Db529uJvPnA,Kaka,31811,2491,99
2026-08-18 14:00,YouTube,O1cKMaCuX04,Evy Baddie,19386,2909,
2026-08-18 14:00,Instagram,Db4RnTupIcf,Russin Oficial,258582,13271,237
2026-08-18 14:00,Instagram,Db4DEtxOC-E,Kysha,50688,2768,450
2026-08-18 14:00,Instagram,Db3kgG5J19Z,Evy Baddie,29401,1881,360
2026-08-18 14:00,Instagram,Db3SYJWullk,Kysha e Mine,41791,2115,48
2026-08-18 14:00,Instagram,Db3SL0JvOVr,Kaka,11367,572,38
2026-08-18 14:00,Instagram,Db1rhq5pJI0,Kaka,43238,6533,47
2026-08-18 14:00,Instagram,Db1Wu80Bz6a,Russin Oficial,31699,692,222
2026-08-18 14:00,Instagram,Db1WfvtJwaQ,Kaka,68091,4587,46
2026-08-18 14:00,YouTube,slDejUD38Y4,Evy Baddie,42583,3192,
2026-08-18 14:00,Instagram,Db0-wCMpfqL,Evy Baddie,55256,3050,86
2026-08-18 14:00,Instagram,Db0655sx9UO,Fidelisx,287094,15793,312
2026-08-18 14:00,Instagram,Db0tQiJPeNe,Kaka,80189,7762,178
2026-08-18 14:00,YouTube,Y-8nCpppQH8,Kaka,7100,506,
2026-08-18 14:00,Instagram,DbzQdzNRbpN,Russin Oficial,29099,571,16
2026-08-18 14:00,Instagram,Dby_Khwu3n2,Argentino,221418,13361,746
2026-08-18 14:00,Instagram,Dby_Khwu3n2,Kysha,221429,13361,746
2026-08-18 14:00,Instagram,DbyxvHRpLS5,Kaka,32159,2026,92
2026-08-18 14:00,YouTube,qUmMPXvEZ7I,Evy Baddie,29736,2840,
2026-08-18 14:00,Instagram,DbyIuasBh21,Evy Baddie,36224,2825,93
2026-08-18 14:00,Instagram,DbyH0nkPpjs,Kaka,105442,2727,229
2026-08-18 14:00,Instagram,Dbx7y-2MAQ1,Kysha e Mine,63969,2342,90
2026-08-18 14:00,Instagram,Dbwf0FdJzWp,Russin Oficial,16529,605,4
2026-08-18 14:00,Instagram,DbrJMzQhav8,Evy Baddie,34168,1575,52
2026-08-18 14:00,Instagram,DbwNIejB1ei,Fidelisx,44553,1999,226
2026-08-18 14:00,Instagram,DbvklOYxetS,Russin Oficial,50474,2540,24
2026-08-18 14:00,Instagram,DbvaX5zuq7t,Kysha e Mine,63799,2712,101
2026-08-18 14:00,Instagram,Dbt2o2wpMYV,Russin Oficial,82496,1780,46
2026-08-18 14:00,Instagram,DbtosA8hv6V,Fidelisx,34053,1819,174
2026-08-18 14:00,Instagram,DbtoWA0B2Hr,Evy Baddie,12991,1258,93
2026-08-18 14:00,Instagram,DbtAhMXuATv,Kysha,94006,4281,210
2026-08-18 14:00,Instagram,DbrR1oYJliS,Russin Oficial,54073,765,86
2026-08-18 14:00,Instagram,DbrOFEbuN3B,Mine,117914,4593,138
2026-08-18 14:00,Instagram,DbrOFEbuN3B,Kysha,117914,4593,138
2026-08-18 14:00,Instagram,DbrG4hmlXN6,Evy Baddie,,5155,606
2026-08-18 14:00,Instagram,DbqnLP1xnSG,Kysha e Mine,168384,5188,234
2026-08-18 14:00,Instagram,DbqbI8eOoOH,Kysha e Mine,79192,3040,79
2026-08-18 14:00,Instagram,DboiuPQJRxQ,Russin Oficial,12974,603,24
2026-08-18 14:00,Instagram,DbofiRfBXI-,Fidelisx,68194,2824,357
2026-08-18 14:00,Instagram,Dbn3mgvFhfc,Kysha e Mine,,4514,236
2026-08-18 14:00,Instagram,Dbn3mgvFhfc,Mine,,4514,236
2026-08-18 14:00,Instagram,Dbn3mgvFhfc,Kysha,,4514,236
2026-08-18 14:00,Instagram,Dbn1kkYMnqL,Kysha e Mine,155894,10089,115
2026-08-18 14:00,Instagram,DbmTWiCpVfT,Russin Oficial,31451,1144,13
2026-08-18 14:00,Instagram,DbmDSeAFa5e,Kysha e Mine,,4831,139
2026-08-18 14:00,Instagram,Dbl6tKfBnkb,Fidelisx,145484,5211,865
2026-08-18 14:00,Instagram,Dbl58DZBXIw,Evy Baddie,141703,5813,71
2026-08-18 14:00,Instagram,Dbl58DZBXIw,Russin Oficial,141704,5813,71
2026-08-18 14:00,Instagram,Dbl5x7juD7g,Kysha e Mine,80811,2034,72
2026-08-18 14:00,Instagram,Dbl5x7juD7g,Mine,80811,2034,72
2026-08-18 14:00,Instagram,Dbl5x7juD7g,Kysha,80811,2034,72
2026-08-18 14:00,Instagram,DblrUWBONv3,Kysha e Mine,64032,3965,354
2026-08-18 14:00,Instagram,DbleDdEuiyR,Argentino,,3,470
2026-08-18 14:00,Instagram,DblXIG8RXuD,Russin Oficial,24112,594,13
2026-08-18 14:00,Instagram,DbjVeN-pkI3,Russin Oficial,44387,2174,31
2026-08-18 14:00,Instagram,DbhMlwrp090,Russin Oficial,11707,248,8
2026-08-18 14:00,Instagram,DbhHO6tOBd_,Kysha,84440,5580,639
2026-08-18 14:00,Instagram,Dbg3MuyJvdv,Russin Oficial,62223,2451,18
2026-08-18 14:00,YouTube,iRAuYyaleyk,Argentino,35145,2480,
2026-08-18 14:00,Instagram,DbgfAfNwej0,Argentino,43340,2690,76
2026-08-18 14:00,Instagram,DbgPpHPOFTF,Kysha e Mine,152401,2917,120
2026-08-18 14:00,Instagram,DbgPpHPOFTF,Mine,152401,2918,120
2026-08-18 14:00,Instagram,DbgPpHPOFTF,Kysha,152401,2918,120
2026-08-18 14:00,Instagram,DbgHL_nB5Bb,Evy Baddie,32496,1526,67
2026-08-18 14:00,Instagram,DbeLm8yhK-d,Evy Baddie,150558,5839,152
2026-08-18 14:00,Instagram,DbeLm8yhK-d,Russin Oficial,150558,5839,152
2026-08-18 14:00,Instagram,DbeLWFlOAln,Kysha e Mine,166005,2714,92
2026-08-18 14:00,Instagram,DbeLWFlOAln,Mine,166005,2714,92
2026-08-18 14:00,Instagram,DbeLWFlOAln,Kysha,166005,2714,92
2026-08-18 14:00,YouTube,H0RS59g33z4,Argentino,51325,2767,
2026-08-18 14:00,Instagram,DbeAjxhOIgG,Argentino,48363,1204,60
2026-08-18 14:00,Instagram,Dbdin3SOO6i,Kysha e Mine,,876,38
2026-08-18 14:00,Instagram,DbcJDjlRqLF,Russin Oficial,16218,427,11
2026-08-18 14:00,Instagram,DbbN7CakTRK,Mine,,10834,437
2026-08-18 14:00,Instagram,Dba9iQQhlKE,Kysha e Mine,28869,1868,62
2026-08-18 14:00,Instagram,Dba9jEIBTm1,Evy Baddie,57746,1670,65
2026-08-18 14:00,Instagram,Dba9jEIBTm1,Russin Oficial,57746,1670,65
2026-08-18 14:00,Instagram,DbZfv42RlzI,Mine,,15818,278
2026-08-18 14:00,Instagram,DbZa4QGDmLe,Argentino,,3493,87
2026-08-18 14:00,Instagram,DbZRc6qpY-d,Russin Oficial,18973,389,16
2026-08-18 14:00,Instagram,DbZB_YSBcN1,Evy Baddie,38552,1696,100
2026-08-18 14:00,YouTube,42K9zV2batc,Argentino,93246,4818,
2026-08-18 14:00,Instagram,DbY_oXfD26A,Kysha e Mine,,3988,124
2026-08-18 14:00,Instagram,DbY7SZQukE4,Argentino,70471,4371,201
2026-08-18 14:00,Instagram,DbY4a6ruf88,Kysha,234436,12247,917
2026-08-18 14:00,Instagram,DbYZp50uQ25,Mine,147580,4164,126
2026-08-18 14:00,Instagram,DbYZp50uQ25,Kysha,147580,4164,126
2026-08-18 14:00,Instagram,DbYYvOolQBN,Evy Baddie,,5507,526
2026-08-18 14:00,Instagram,DbYYXf8xDVK,Fidelisx,,6345,148
2026-08-18 14:00,YouTube,K8vJM0cW-uA,Argentino,60200,2767,
2026-08-18 14:00,Instagram,DbWkvvnum4z,Argentino,60011,2134,103
2026-08-18 14:00,Instagram,DbV0ldrBQl2,Evy Baddie,40237,3562,141
2026-08-18 14:00,Instagram,DbT9snkFlCm,Argentino,,8533,303
2026-08-18 14:00,Instagram,DbT9snkFlCm,Kysha,,8533,303
2026-08-18 14:00,YouTube,QdNRbesC88s,Argentino,180396,6506,
2026-08-18 14:00,Instagram,DbT1i5jPsM_,Argentino,39473,1649,75
2026-08-18 14:00,Instagram,DbTQE-RROxt,Fidelisx,33902,2265,136
2026-08-18 14:00,YouTube,KxZt5_0wtHo,Argentino,59763,2626,
2026-08-18 14:00,Instagram,DbRTKZ5O6Pk,Kysha,72701,4257,190
2026-08-18 14:00,YouTube,-VrjwceNZhw,Argentino,95729,5388,
2026-08-18 14:00,Instagram,DbRGIwEsNkU,Argentino,41784,2745,124
2026-08-18 14:00,Instagram,DbQm6xrxyCn,Evy Baddie,50921,2141,81
2026-08-18 14:00,Instagram,DbOryoIpuxW,Evy Baddie,51704,2090,96
2026-08-18 14:00,YouTube,QFIc2Nb6qnM,Argentino,145807,5802,
2026-08-18 14:00,Instagram,DbOXRh4jmoH,Argentino,,2465,251
2026-08-18 14:00,Instagram,DbOA5cRx_RL,Mine,,6192,380
2026-08-18 14:00,Instagram,DbMJ9tfBCK9,Evy Baddie,24804,1221,114
2026-08-18 14:00,YouTube,V0RcMxLGsi4,Argentino,58069,2843,
2026-08-18 14:00,Instagram,DbL3X6ylkTN,Argentino,,3409,442
2026-08-18 14:00,Instagram,DbLiXJou2Fh,Kysha,526547,31230,1142
2026-08-18 14:00,Instagram,DbJoH71uXai,Kysha,76881,4102,506
2026-08-18 14:00,Instagram,DbI7nO5uehX,Mine,97617,2515,124
2026-08-18 14:00,Instagram,DbI7nO5uehX,Kysha,97617,2515,124
2026-08-18 14:00,Instagram,DbHLexwxcsb,Mine,93683,5631,226
2026-08-18 14:00,Instagram,DbHFmc2prJn,Evy Baddie,38789,2088,86
2026-08-18 14:00,Instagram,DbB3cOxkd5z,Evy Baddie,,3946,211
2026-08-18 14:00,Instagram,DbB3cOxkd5z,Fidelisx,,3946,211
2026-08-18 14:00,Instagram,DbB1H5Eu6ES,Kysha,271960,14828,1029
2026-08-18 14:00,Instagram,DbBrNUUR-4P,Mine,143849,9177,368
2026-08-18 14:00,Instagram,DbBLX_PJ6ld,Evy Baddie,88076,3654,206
2026-08-18 14:00,YouTube,x4b2F_N_lV4,Argentino,109821,8548,
2026-08-18 14:00,Instagram,Da-_M4POpf-,Mine,214983,15012,324
2026-08-18 14:00,Instagram,Da-_M4POpf-,Kysha,214983,15012,324
2026-08-18 14:00,Instagram,Da81zW9O30C,Kysha,297720,14903,606
2026-08-18 14:00,Instagram,Da8YRqtkYde,Fidelisx,,9980,266
2026-08-18 14:00,Instagram,Da8YRqtkYde,Mine,,9981,266
2026-08-18 14:00,YouTube,Y_IEUK5tVwo,Argentino,131438,6528,
2026-08-18 14:00,Instagram,Da0-1zzkX_F,Fidelisx,,4105,105
2026-08-18 14:00,Instagram,Da0-iRXpVkp,Mine,148930,4996,195
2026-08-18 14:00,Instagram,Da0aEMjxH0n,Fidelisx,115789,4172,119
2026-08-18 14:00,Instagram,DayxWxDRFq0,Fidelisx,68866,4077,89
2026-08-18 14:00,Instagram,DasnHm3OQpn,Mine,226032,3388,101
2026-08-18 14:00,Instagram,DaquKK3ONt3,Mine,144462,4686,106
2026-08-18 14:00,YouTube,CsW3GiQo52Q,Argentino,85848,4233,
2026-08-18 14:00,Instagram,DaqnoNfOoJa,Mine,144852,6327,180
2026-08-18 14:00,Instagram,DaqfvUURcdc,Fidelisx,137955,7571,606
2026-08-18 14:00,Instagram,DaoIh0_EcUI,Fidelisx,,19670,353
2026-08-18 14:00,Instagram,DaoIh0_EcUI,Mine,,19669,353
2026-08-18 14:00,Instagram,DandzZbu9ct,Mine,117726,3980,212
2026-08-18 14:00,Instagram,DalmOVOFnw3,Argentino,,7813,309
2026-08-18 14:00,Instagram,Dak49_NxxKJ,Fidelisx,153002,10008,202
2026-08-18 14:00,Instagram,Dak49_NxxKJ,Mine,153005,10007,202
2026-08-18 14:00,Instagram,DagZFhZskm1,Argentino,69773,4425,303
2026-08-18 14:00,Instagram,DaeDvs3kbGG,Fidelisx,,4762,209
2026-08-18 14:00,Instagram,DaeDvs3kbGG,Argentino,,4762,209
2026-08-18 14:00,Instagram,DaWFT3KhRm8,Fidelisx,108507,4832,366
2026-08-18 14:00,Instagram,DaVpTcaxOGc,Fidelisx,143047,6099,457
2026-08-18 14:00,Instagram,DaOPZy7x_Ww,Fidelisx,128820,10146,362
2026-08-18 14:00,Instagram,DaODj7lmGc2,Fidelisx,,2419,63
2026-08-18 14:00,Instagram,DaODj7lmGc2,Argentino,,2419,63
2026-08-18 14:00,Instagram,DaJCcfXEaAd,Fidelisx,,10554,326
2026-08-18 14:00,Instagram,DaJCcfXEaAd,Argentino,,10554,326
2026-08-18 14:00,Instagram,DaGUuMJRcpL,Fidelisx,52475,4584,246
2026-08-18 14:00,Instagram,DZI3tGtFou1,Argentino,,13920,595
2026-08-18 14:00,Instagram,DYaxfdQJFy1,Fidelisx,95841,5232,453
2026-08-18 14:00,Instagram,DYSwhWdu3Wn,Kysha e Mine,,5101,878
2026-08-18 14:00,Instagram,DYSwhWdu3Wn,Mine,,5101,878
2026-08-18 14:00,Instagram,DYSwhWdu3Wn,Casa Saturno,,5101,878
2026-08-18 14:00,Instagram,DUDruj0DVTa,Kysha,,7835,924
2026-08-18 14:00,Instagram,DNEC1nmJENA,Casa Saturno,,3149,134
2026-08-18 19:56,YouTube,D_UwyI4vBls,Russin Oficial,1223,113,
2026-08-18 19:56,YouTube,8o_l3sREpeU,Evy Baddie,4201,677,
2026-08-18 19:56,YouTube,jv_Rn_EmYZM,Fidelisx,9138,1294,
2026-08-18 19:56,Instagram,DcL4deSPcOl,Kaka,10862,1162,130
2026-08-18 19:56,YouTube,DvBN7Cy7uRg,Casa Saturno,6891,875,
2026-08-18 19:56,Instagram,DcLs0WNivII,Casa Saturno,8279,510,23
2026-08-18 19:56,YouTube,Y1uE8TO8zPY,Casa Saturno,3040,563,
2026-08-18 19:56,YouTube,M6YdKfdLaFI,Casa Saturno,4392,631,
2026-08-18 19:56,Instagram,DcLmCMOFjyC,Casa Saturno,4703,465,14
2026-08-18 19:56,YouTube,0GVzwMr3icI,Kaka,3591,468,
2026-08-18 19:56,YouTube,r9x_b_0CA4A,Casa Saturno,3873,603,
2026-08-18 19:56,Instagram,DcLfUYmjsCM,Casa Saturno,7349,533,29
2026-08-18 19:56,YouTube,1b8CDw8gdkA,Kysha e Mine,9357,1751,
2026-08-18 19:56,YouTube,vAKMqHPk8cw,Russin Oficial,8024,235,
2026-08-18 19:56,Instagram,DcKAZgdpBk-,Russin Oficial,6586,315,20
2026-08-18 19:56,YouTube,OkgaDUy9ZME,Kysha e Mine,20670,1364,
2026-08-18 19:56,YouTube,xF9LdQAbJ3s,Evy Baddie,6664,802,
2026-08-18 19:56,YouTube,2DUaa5fwYTA,Fidelisx,66715,2949,
2026-08-18 19:56,Instagram,DcJ9CuMhfO5,Evy Baddie,12033,850,90
2026-08-18 19:56,YouTube,p5BGX0yTgpU,Evy Baddie,4538,830,
2026-08-18 19:56,YouTube,n_oJwKiUY9I,Fidelisx,21963,1938,
2026-08-18 19:56,Instagram,DcJoFtfpRqN,Kaka,66715,2284,62
2026-08-18 19:56,YouTube,PKd4d8mIXC0,Russin Oficial,2581,214,
2026-08-18 19:56,YouTube,OaS_R3DunUw,Fidelisx,159767,7689,
2026-08-18 19:56,Instagram,DcJT1y1hSxi,Kysha e Mine,86645,5895,157
2026-08-18 19:56,Instagram,DcJT1y1hSxi,Casa Saturno,86645,5895,157
2026-08-18 19:56,YouTube,hgOuaj2tqRE,Casa Saturno,19220,1562,
2026-08-18 19:56,Instagram,DcJIELDDW_X,Casa Saturno,7685,449,22
2026-08-18 19:56,YouTube,iKXSdL3AOzU,Evy Baddie,2621,437,
2026-08-18 19:56,YouTube,XGpTJW4QjrQ,Casa Saturno,6629,922,
2026-08-18 19:56,Instagram,DcJCqd-iuw2,Kysha e Mine,33534,1067,55
2026-08-18 19:56,Instagram,DcJBV9EAc2M,Casa Saturno,19391,980,22
2026-08-18 19:56,YouTube,-UWOuDozZHw,Casa Saturno,12353,1305,
2026-08-18 19:56,Instagram,DcI6e6slW1v,Casa Saturno,8929,780,48
2026-08-18 19:56,Instagram,DcH4lBLRxTR,Russin Oficial,174103,1652,101
2026-08-18 19:56,YouTube,y7sXFTztGi0,Evy Baddie,9022,1145,
2026-08-18 19:56,Instagram,DcHihQJhl_v,Evy Baddie,26876,1466,251
2026-08-18 19:56,YouTube,qXIs94lohNI,Fidelisx,184814,4557,
2026-08-18 19:56,YouTube,Kj3wWD8I_EY,Kaka,1311,150,
2026-08-18 19:56,YouTube,ar4axizjGuM,Kysha e Mine,30922,2900,
2026-08-18 19:56,Instagram,DcHJ6-1uSCc,Kysha e Mine,26524,1019,58
2026-08-18 19:56,YouTube,EA1HYgbFlsI,Fidelisx,69596,3412,
2026-08-18 19:56,YouTube,rvIf4f4dc0k,Casa Saturno,5599,794,
2026-08-18 19:56,Instagram,DcG4lWjx6j8,Casa Saturno,17098,848,49
2026-08-18 19:56,YouTube,8vErlX7qpvY,Russin Oficial,17191,806,
2026-08-18 19:56,Instagram,DcGuVDPuelA,Kysha e Mine,51267,1465,21
2026-08-18 19:56,YouTube,pn5gromSPlU,Kaka,25837,1220,
2026-08-18 19:56,YouTube,JQHTYVpMQ-M,Fidelisx,39784,2622,
2026-08-18 19:56,Instagram,DcGuqsfvD-L,Kaka,10854,889,46
2026-08-18 19:56,Instagram,DcGtC5Ku93Q,Kysha,30553,1958,266
2026-08-18 19:56,YouTube,R6uItkq3JhA,Kaka,24314,1269,
2026-08-18 19:56,YouTube,BBRGZgeHG8w,Casa Saturno,17437,1317,
2026-08-18 19:56,YouTube,gGeOcLafvyM,Kysha e Mine,68717,3291,
2026-08-18 19:56,Instagram,DcGfWxhOq7y,Kysha e Mine,52283,3186,59
2026-08-18 19:56,Instagram,DcFUDJexNk7,Mine,264579,11764,681
2026-08-18 19:56,YouTube,IZDizzmXFnE,Kysha e Mine,20236,2253,
2026-08-18 19:56,YouTube,FgfJN5_p5n4,Russin Oficial,1449,127,
2026-08-18 19:56,Instagram,DcE7hBqp8Ny,Russin Oficial,90098,3729,69
2026-08-18 19:56,YouTube,EXWS8LiNb2o,Evy Baddie,34056,2800,
2026-08-18 19:56,YouTube,FTlbZlgOsRk,Evy Baddie,8445,1077,
2026-08-18 19:56,YouTube,BS0WAfijiUw,Russin Oficial,3975,479,
2026-08-18 19:56,Instagram,DcE19DcOXyy,Kysha,57963,2265,100
2026-08-18 19:56,YouTube,zeospHwGVSc,Casa Saturno,21505,1362,
2026-08-18 19:56,YouTube,gGZ_ggNMst4,Evy Baddie,6898,1374,
2026-08-18 19:56,YouTube,dUuD7guxc1w,Kysha e Mine,41136,2344,
2026-08-18 19:56,YouTube,nHVVaXAkNjg,Fidelisx,15968,1937,
2026-08-18 19:56,Instagram,DcEWwDSkSEA,Fidelisx,,4264,160
2026-08-18 19:56,Instagram,DcEUVs4OogP,Argentino,33602,2179,200
2026-08-18 19:56,YouTube,6bTVSN7BMSs,Russin Oficial,3050,495,
2026-08-18 19:56,YouTube,2eV18yfJgxo,Kaka,44139,2060,
2026-08-18 19:56,Instagram,DcEKaCkvomn,Kaka,75794,1996,58
2026-08-18 19:56,YouTube,CyQJAc-LSWk,Casa Saturno,8729,969,
2026-08-18 19:56,YouTube,SO_DMKU7XTg,Kysha e Mine,14073,706,
2026-08-18 19:56,YouTube,XfXsNK8BEl4,Casa Saturno,5852,686,
2026-08-18 19:56,YouTube,_h7FdZbgF2A,Kaka,83611,2195,
2026-08-18 19:56,YouTube,9NKbjDH5Cfs,Fidelisx,19435,1804,
2026-08-18 19:56,Instagram,DcCrYXLvZui,Kaka,37248,2476,107
2026-08-18 19:56,YouTube,d9nuCFq53w8,Kysha e Mine,42752,3523,
2026-08-18 19:56,Instagram,DcCgm7QufiZ,Argentino,20014,1366,20
2026-08-18 19:56,YouTube,jywrmWILlJw,Casa Saturno,9052,1132,
2026-08-18 19:56,YouTube,vCNcG8eDlmc,Russin Oficial,10930,473,
2026-08-18 19:56,YouTube,f33jieTUQ4M,Kaka,643170,11340,
2026-08-18 19:56,Instagram,DcCW1zVJWQm,Kaka,184538,5402,77
2026-08-18 19:56,Instagram,DcCR2Q8pso7,Russin Oficial,28735,476,17
2026-08-18 19:56,YouTube,-wzL5tO1MjI,Kaka,1854,161,
2026-08-18 19:56,YouTube,yMBa-IbQXRg,Russin Oficial,33558,964,
2026-08-18 19:56,YouTube,Ps3IjliqX5E,Kysha e Mine,29563,1509,
2026-08-18 19:56,YouTube,6uDsEXfGW4A,Evy Baddie,10456,1340,
2026-08-18 19:56,Instagram,DcCOsWHRWTS,Kysha e Mine,168553,3515,136
2026-08-18 19:56,Instagram,DcCOsGvRSTn,Evy Baddie,109664,2270,276
2026-08-18 19:56,YouTube,ulvKWMu0hN4,Kysha e Mine,58633,4014,
2026-08-18 19:56,YouTube,4qQ10lxvxuo,Fidelisx,82633,3581,
2026-08-18 19:56,YouTube,crrIvWcKuQY,Argentino,33569,1983,
2026-08-18 19:56,Instagram,DcB5v4tOeAX,Argentino,54599,1936,77
2026-08-18 19:56,YouTube,-irYWWc5XJQ,Russin Oficial,15110,676,
2026-08-18 19:56,YouTube,tCcnkL50i9Y,Casa Saturno,35092,1578,
2026-08-18 19:56,Instagram,DcBlew0SAAk,Kaka,73046,2309,79
2026-08-18 19:56,YouTube,9nXV5N591XY,Kaka,164116,3730,
2026-08-18 19:56,YouTube,9zeM9diD7d0,Evy Baddie,8091,1054,
2026-08-18 19:56,YouTube,9j_c3GytIGU,Fidelisx,504171,12580,
2026-08-18 19:56,YouTube,AF7nZscSvz4,Kaka,9464,470,
2026-08-18 19:56,YouTube,BtOBb0vXQ_g,Russin Oficial,30465,1413,
2026-08-18 19:56,YouTube,115e1DyeI3U,Kysha e Mine,80141,3805,
2026-08-18 19:56,Instagram,Db_p4dgJQYw,Evy Baddie,97601,2041,363
2026-08-18 19:56,YouTube,YTgVeVjb0F8,Fidelisx,66056,4089,
2026-08-18 19:56,YouTube,swAXjXwv9eA,Fidelisx,42683,2856,
2026-08-18 19:56,Instagram,Db_QK6IuGCW,Argentino,59379,3632,125
2026-08-18 19:56,YouTube,chCqJh3BUks,Kysha e Mine,43493,2888,
2026-08-18 19:56,Instagram,Db_H-YFOZ4w,Kysha e Mine,22616,1026,66
2026-08-18 19:56,YouTube,tn72sQytW98,Argentino,42388,2488,
2026-08-18 19:56,Instagram,Db_DDrqu1ss,Argentino,42834,2196,269
2026-08-18 19:56,YouTube,8zSjbXnzPho,Russin Oficial,10343,377,
2026-08-18 19:56,Instagram,Db8da9nPAU9,Kaka,20783,597,31
2026-08-18 19:56,Instagram,Db9fAWvJmIK,Russin Oficial,108057,1382,43
2026-08-18 19:56,Instagram,Db9fAWvJmIK,Kaka,108057,1382,43
2026-08-18 19:56,Instagram,Db9azW6xmDU,Mine,108429,4280,317
2026-08-18 19:56,YouTube,-IlnPTIBLyA,Russin Oficial,48597,1050,
2026-08-18 19:56,Instagram,Db9M4FVOPCm,Kysha,104500,5519,383
2026-08-18 19:56,YouTube,tSVFlvaEfvQ,Kysha e Mine,108962,4957,
2026-08-18 19:56,YouTube,E2_aThmkOD0,Russin Oficial,10734,819,
2026-08-18 19:56,Instagram,Db9FGM-PjLj,Russin Oficial,25547,591,8
2026-08-18 19:56,YouTube,1WVlihGT2Cs,Argentino,69990,3822,
2026-08-18 19:56,YouTube,Bw0OFEBtnpI,Kaka,26273,1275,
2026-08-18 19:56,YouTube,kRyvx8gmAJ8,Kaka,15873,843,
2026-08-18 19:56,Instagram,Db8jjYXO02Y,Argentino,51968,2520,130
2026-08-18 19:56,YouTube,T_SKcOmvji4,Kaka,2777,226,
2026-08-18 19:56,YouTube,bZQr8j3QBp0,Kaka,8116,669,
2026-08-18 19:56,Instagram,Db8b7Oavoso,Kaka,9763,806,114
2026-08-18 19:56,YouTube,Xxla6mSmm70,Evy Baddie,16592,2253,
2026-08-18 19:56,Instagram,Db6jsPUJKnP,Evy Baddie,116407,4751,2578
2026-08-18 19:56,YouTube,0UKxIh5Ir0g,Evy Baddie,27753,3230,
2026-08-18 19:56,Instagram,Db6ErGEM6Q-,Kysha e Mine,48070,1430,59
2026-08-18 19:56,Instagram,Db6C6SDuLI4,Kysha,168721,8340,315
2026-08-18 19:56,Instagram,Db529uJvPnA,Kaka,32297,2554,100
2026-08-18 19:56,YouTube,O1cKMaCuX04,Evy Baddie,19489,2915,
2026-08-18 19:56,YouTube,GdRXiWNFiWs,Kysha e Mine,1231,344,
2026-08-18 19:56,YouTube,tc-xByKI_fw,Kysha e Mine,2433,585,
2026-08-18 19:56,YouTube,j4ciN_F9hEM,Evy Baddie,5231,615,
2026-08-18 19:56,YouTube,qugwSpEr7rs,Fidelisx,5283,828,
2026-08-18 19:56,YouTube,VOzv4LoYTR8,Fidelisx,9280,1568,
2026-08-18 19:56,YouTube,bpd0lUFSfNY,Russin Oficial,778,26,
2026-08-18 19:56,YouTube,5EbVaUJvOSA,Kaka,1668,270,
2026-08-18 19:56,YouTube,YKGqO5lvM_s,Casa Saturno,3136,531,
2026-08-18 19:56,Instagram,DcMh5X7FTzj,Evy Baddie,,722,146
2026-08-18 19:56,Instagram,DcMIW6dDDVK,Casa Saturno,8839,574,23
2026-08-18 19:56,Instagram,DcMMII0x_0F,Casa Saturno,11933,619,168
2026-08-18 19:56,Instagram,DcMdSwhO-_v,Kysha,16199,3,432
2026-08-19 19:26,YouTube,D_UwyI4vBls,Russin Oficial,2195,165,
2026-08-19 19:26,YouTube,8o_l3sREpeU,Evy Baddie,11401,1209,
2026-08-19 19:26,YouTube,jv_Rn_EmYZM,Fidelisx,23509,2047,
2026-08-19 19:26,Instagram,DcL4deSPcOl,Kaka,21013,2023,177
2026-08-19 19:26,YouTube,DvBN7Cy7uRg,Casa Saturno,14775,1318,
2026-08-19 19:26,Instagram,DcLs0WNivII,Casa Saturno,10430,685,24
2026-08-19 19:26,YouTube,Y1uE8TO8zPY,Casa Saturno,14569,1195,
2026-08-19 19:26,YouTube,M6YdKfdLaFI,Casa Saturno,7672,835,
2026-08-19 19:26,Instagram,DcLmCMOFjyC,Casa Saturno,6059,614,15
2026-08-19 19:26,YouTube,0GVzwMr3icI,Kaka,6153,695,
2026-08-19 19:26,YouTube,r9x_b_0CA4A,Casa Saturno,7505,903,
2026-08-19 19:26,Instagram,DcLfUYmjsCM,Casa Saturno,9381,700,32
2026-08-19 19:26,YouTube,1b8CDw8gdkA,Kysha e Mine,15285,2225,
2026-08-19 19:26,YouTube,vAKMqHPk8cw,Russin Oficial,19391,399,
2026-08-19 19:26,Instagram,DcKAZgdpBk-,Russin Oficial,7372,336,20
2026-08-19 19:26,YouTube,OkgaDUy9ZME,Kysha e Mine,25560,1535,
2026-08-19 19:26,YouTube,xF9LdQAbJ3s,Evy Baddie,8162,891,
2026-08-19 19:26,YouTube,2DUaa5fwYTA,Fidelisx,85578,3436,
2026-08-19 19:26,Instagram,DcJ9CuMhfO5,Evy Baddie,12958,934,92
2026-08-19 19:26,YouTube,p5BGX0yTgpU,Evy Baddie,6167,1051,
2026-08-19 19:26,YouTube,n_oJwKiUY9I,Fidelisx,25763,2111,
2026-08-19 19:26,Instagram,DcJoFtfpRqN,Kaka,73824,2677,66
2026-08-19 19:26,YouTube,PKd4d8mIXC0,Russin Oficial,3140,272,
2026-08-19 19:26,YouTube,OaS_R3DunUw,Fidelisx,180216,8410,
2026-08-19 19:26,Instagram,DcJT1y1hSxi,Kysha e Mine,96879,6847,175
2026-08-19 19:26,YouTube,hgOuaj2tqRE,Casa Saturno,21915,1690,
2026-08-19 19:26,YouTube,iKXSdL3AOzU,Evy Baddie,3274,499,
2026-08-19 19:26,YouTube,XGpTJW4QjrQ,Casa Saturno,7696,1003,
2026-08-19 19:26,Instagram,DcJCqd-iuw2,Kysha e Mine,34967,1153,55
2026-08-19 19:26,YouTube,-UWOuDozZHw,Casa Saturno,13621,1369,
2026-08-19 19:26,Instagram,DcH4lBLRxTR,Russin Oficial,179517,1715,104
2026-08-19 19:26,YouTube,y7sXFTztGi0,Evy Baddie,10082,1222,
2026-08-19 19:26,Instagram,DcHihQJhl_v,Evy Baddie,28539,1578,252
2026-08-19 19:26,YouTube,qXIs94lohNI,Fidelisx,199778,4905,
2026-08-19 19:26,YouTube,Kj3wWD8I_EY,Kaka,1452,159,
2026-08-19 19:26,YouTube,ar4axizjGuM,Kysha e Mine,34414,3081,
2026-08-19 19:26,Instagram,DcHJ6-1uSCc,Kysha e Mine,27495,1055,60
2026-08-19 19:26,YouTube,EA1HYgbFlsI,Fidelisx,81992,3819,
2026-08-19 19:26,YouTube,rvIf4f4dc0k,Casa Saturno,6256,828,
2026-08-19 19:26,YouTube,8vErlX7qpvY,Russin Oficial,19682,891,
2026-08-19 19:26,Instagram,DcGuVDPuelA,Kysha e Mine,53291,1519,22
2026-08-19 19:26,YouTube,pn5gromSPlU,Kaka,28619,1323,
2026-08-19 19:26,YouTube,JQHTYVpMQ-M,Fidelisx,43843,2717,
2026-08-19 19:26,Instagram,DcGuqsfvD-L,Kaka,11272,926,46
2026-08-19 19:26,Instagram,DcGtC5Ku93Q,Kysha,31979,2056,271
2026-08-19 19:26,YouTube,R6uItkq3JhA,Kaka,25537,1330,
2026-08-19 19:26,YouTube,BBRGZgeHG8w,Casa Saturno,18928,1375,
2026-08-19 19:26,YouTube,gGeOcLafvyM,Kysha e Mine,74637,3461,
2026-08-19 19:26,Instagram,DcGfWxhOq7y,Kysha e Mine,53896,3264,60
2026-08-19 19:26,Instagram,DcFUDJexNk7,Mine,273564,12227,693
2026-08-19 19:26,YouTube,IZDizzmXFnE,Kysha e Mine,22616,2403,
2026-08-19 19:26,YouTube,FgfJN5_p5n4,Russin Oficial,1544,137,
2026-08-19 19:26,Instagram,DcE7hBqp8Ny,Russin Oficial,94237,3913,73
2026-08-19 19:26,YouTube,EXWS8LiNb2o,Evy Baddie,35167,2857,
2026-08-19 19:26,YouTube,FTlbZlgOsRk,Evy Baddie,9001,1111,
2026-08-19 19:26,YouTube,BS0WAfijiUw,Russin Oficial,4129,503,
2026-08-19 19:26,Instagram,DcE19DcOXyy,Kysha,59657,2313,101
2026-08-19 19:26,YouTube,zeospHwGVSc,Casa Saturno,22724,1396,
2026-08-19 19:26,YouTube,gGZ_ggNMst4,Evy Baddie,7560,1453,
2026-08-19 19:26,YouTube,dUuD7guxc1w,Kysha e Mine,44215,2482,
2026-08-19 19:26,YouTube,nHVVaXAkNjg,Fidelisx,17710,2024,
2026-08-19 19:26,Instagram,DcEWwDSkSEA,Fidelisx,,4455,164
2026-08-19 19:26,Instagram,DcEUVs4OogP,Argentino,34708,2243,202
2026-08-19 19:26,YouTube,6bTVSN7BMSs,Russin Oficial,3243,516,
2026-08-19 19:26,YouTube,2eV18yfJgxo,Kaka,47037,2159,
2026-08-19 19:26,Instagram,DcEKaCkvomn,Kaka,80205,2099,58
2026-08-19 19:26,YouTube,SO_DMKU7XTg,Kysha e Mine,17287,749,
2026-08-19 19:26,YouTube,_h7FdZbgF2A,Kaka,94320,2396,
2026-08-19 19:26,YouTube,9NKbjDH5Cfs,Fidelisx,20795,1853,
2026-08-19 19:26,Instagram,DcCrYXLvZui,Kaka,39082,2618,110
2026-08-19 19:26,YouTube,d9nuCFq53w8,Kysha e Mine,45019,3620,
2026-08-19 19:26,Instagram,DcCgm7QufiZ,Argentino,20909,1427,20
2026-08-19 19:26,YouTube,vCNcG8eDlmc,Russin Oficial,11070,482,
2026-08-19 19:26,YouTube,f33jieTUQ4M,Kaka,646320,11466,
2026-08-19 19:26,Instagram,DcCR2Q8pso7,Russin Oficial,29349,485,17
2026-08-19 19:26,YouTube,-wzL5tO1MjI,Kaka,2146,168,
2026-08-19 19:26,YouTube,yMBa-IbQXRg,Russin Oficial,33885,984,
2026-08-19 19:26,YouTube,Ps3IjliqX5E,Kysha e Mine,31164,1555,
2026-08-19 19:26,YouTube,6uDsEXfGW4A,Evy Baddie,10746,1355,
2026-08-19 19:26,Instagram,DcCOsWHRWTS,Kysha e Mine,174204,3666,137
2026-08-19 19:26,Instagram,DcCOsGvRSTn,Evy Baddie,110504,2307,276
2026-08-19 19:26,YouTube,ulvKWMu0hN4,Kysha e Mine,61079,4113,
2026-08-19 19:26,YouTube,4qQ10lxvxuo,Fidelisx,84880,3639,
2026-08-19 19:26,YouTube,crrIvWcKuQY,Argentino,34546,2036,
2026-08-19 19:26,Instagram,DcB5v4tOeAX,Argentino,55742,2014,79
2026-08-19 19:26,YouTube,-irYWWc5XJQ,Russin Oficial,15231,680,
2026-08-19 19:26,YouTube,9nXV5N591XY,Kaka,181308,4021,
2026-08-19 19:26,YouTube,9zeM9diD7d0,Evy Baddie,8391,1070,
2026-08-19 19:26,YouTube,AF7nZscSvz4,Kaka,9709,481,
2026-08-19 19:26,YouTube,BtOBb0vXQ_g,Russin Oficial,30612,1424,
2026-08-19 19:26,YouTube,115e1DyeI3U,Kysha e Mine,86004,4006,
2026-08-19 19:26,Instagram,Db_p4dgJQYw,Evy Baddie,98103,2062,363
2026-08-19 19:26,Instagram,Db_QK6IuGCW,Argentino,60241,3693,126
2026-08-19 19:26,Instagram,Db_H-YFOZ4w,Kysha e Mine,23082,1051,66
2026-08-19 19:26,YouTube,tn72sQytW98,Argentino,43969,2570,
2026-08-19 19:26,Instagram,Db_DDrqu1ss,Argentino,43687,2236,270
2026-08-19 19:26,YouTube,8zSjbXnzPho,Russin Oficial,10410,379,
2026-08-19 19:26,Instagram,Db9fAWvJmIK,Russin Oficial,109154,1404,43
2026-08-19 19:26,Instagram,Db9azW6xmDU,Mine,109578,4347,320
2026-08-19 19:26,Instagram,Db9M4FVOPCm,Kysha,106993,5602,384
2026-08-19 19:26,Instagram,Db9FGM-PjLj,Russin Oficial,26183,604,8
2026-08-19 19:26,YouTube,1WVlihGT2Cs,Argentino,72355,3950,
2026-08-19 19:26,YouTube,Bw0OFEBtnpI,Kaka,26754,1295,
2026-08-19 19:26,YouTube,kRyvx8gmAJ8,Kaka,16237,850,
2026-08-19 19:26,Instagram,Db8jjYXO02Y,Argentino,52950,2554,131
2026-08-19 19:26,YouTube,T_SKcOmvji4,Kaka,2971,234,
2026-08-19 19:26,YouTube,GdRXiWNFiWs,Kysha e Mine,6842,608,
2026-08-19 19:26,YouTube,tc-xByKI_fw,Kysha e Mine,13628,1676,
2026-08-19 19:26,YouTube,j4ciN_F9hEM,Evy Baddie,38079,1778,
2026-08-19 19:26,YouTube,qugwSpEr7rs,Fidelisx,41477,2610,
2026-08-19 19:26,YouTube,VOzv4LoYTR8,Fidelisx,32593,2495,
2026-08-19 19:26,YouTube,bpd0lUFSfNY,Russin Oficial,2563,128,
2026-08-19 19:26,YouTube,5EbVaUJvOSA,Kaka,2728,404,
2026-08-19 19:26,YouTube,YKGqO5lvM_s,Casa Saturno,17201,1253,
2026-08-19 19:26,Instagram,DcMh5X7FTzj,Evy Baddie,,1352,222
2026-08-19 19:26,Instagram,DcMIW6dDDVK,Casa Saturno,13757,846,28
2026-08-19 19:26,Instagram,DcMMII0x_0F,Casa Saturno,18371,835,195
2026-08-19 19:26,Instagram,DcMdSwhO-_v,Kysha,33179,3,514
2026-08-19 19:26,YouTube,R-De0jl7e7c,Kysha e Mine,2957,572,
2026-08-19 19:26,YouTube,5sjlQdlMzkk,Kysha e Mine,3636,882,
2026-08-19 19:26,YouTube,irM9rw5_2js,Evy Baddie,3596,481,
2026-08-19 19:26,YouTube,hULA9Gwklw0,Evy Baddie,8976,1059,
2026-08-19 19:26,YouTube,RW71PfE7tKA,Evy Baddie,5502,889,
2026-08-19 19:26,YouTube,t3PpfkhrBVU,Fidelisx,4110,525,
2026-08-19 19:26,YouTube,WQFB_TWkcsE,Fidelisx,6078,899,
2026-08-19 19:26,YouTube,IdMsNTqmqjM,Fidelisx,21438,1983,
2026-08-19 19:26,YouTube,Zs9rkq9yyRU,Russin Oficial,1816,152,
2026-08-19 19:26,YouTube,LKwWE09nYBg,Russin Oficial,1617,94,
2026-08-19 19:26,YouTube,WRb3QZu3F5s,Kaka,1195,189,
2026-08-19 19:26,YouTube,1sNkSJpzgbg,Casa Saturno,1936,424,
2026-08-19 19:26,YouTube,GdZ8vNztxRk,Casa Saturno,7385,791,
2026-08-19 19:26,YouTube,fQ7aj7DiJYQ,Casa Saturno,3689,595,
2026-08-19 19:26,YouTube,Z0Zswt18cTM,Casa Saturno,11535,1018,
2026-08-19 19:26,Instagram,DcPGoaPBwqs,Casa Saturno,4444,313,39
2026-08-19 19:26,Instagram,DcOtPLpFwTB,Casa Saturno,6039,546,30
2026-08-19 19:26,Instagram,DcORssqCaa3,Casa Saturno,3340,209,15
2026-08-19 19:26,Instagram,DcOK2axk4Y9,Casa Saturno,4897,400,22
2026-08-19 19:26,Instagram,DcOD4-fj18x,Casa Saturno,6723,313,25
2026-08-19 19:26,Instagram,DcPGoaPBwqs,Evy Baddie,4456,314,39
2026-08-19 19:26,Instagram,DcMz8kNuIcK,Kysha,33303,1534,79
2026-08-19 19:26,Instagram,DcPNR0AJIdq,Russin Oficial,1885,71,8
2026-08-19 19:26,Instagram,DcPGpVbJLNz,Kaka,2262,259,24
2026-08-19 19:26,Instagram,DcOdLWgPBY_,Kaka,9150,710,48
2026-08-20 11:14,YouTube,D_UwyI4vBls,Russin Oficial,2475,179,
2026-08-20 11:14,YouTube,8o_l3sREpeU,Evy Baddie,13027,1285,
2026-08-20 11:14,YouTube,jv_Rn_EmYZM,Fidelisx,26879,2212,
2026-08-20 11:14,YouTube,DvBN7Cy7uRg,Casa Saturno,16042,1390,
2026-08-20 11:14,Instagram,DcLs0WNivII,Casa Saturno,10990,737,26
2026-08-20 11:14,YouTube,Y1uE8TO8zPY,Casa Saturno,16847,1293,
2026-08-20 11:14,YouTube,M6YdKfdLaFI,Casa Saturno,8375,882,
2026-08-20 11:14,Instagram,DcLmCMOFjyC,Casa Saturno,6297,644,15
2026-08-20 11:14,YouTube,0GVzwMr3icI,Kaka,7319,753,
2026-08-20 11:14,YouTube,r9x_b_0CA4A,Casa Saturno,8016,944,
2026-08-20 11:14,Instagram,DcLfUYmjsCM,Casa Saturno,9685,738,32
2026-08-20 11:14,YouTube,1b8CDw8gdkA,Kysha e Mine,17053,2300,
2026-08-20 11:14,YouTube,vAKMqHPk8cw,Russin Oficial,30480,469,
2026-08-20 11:14,YouTube,OkgaDUy9ZME,Kysha e Mine,27553,1579,
2026-08-20 11:14,YouTube,xF9LdQAbJ3s,Evy Baddie,8826,935,
2026-08-20 11:14,YouTube,2DUaa5fwYTA,Fidelisx,92292,3665,
2026-08-20 11:14,YouTube,p5BGX0yTgpU,Evy Baddie,6921,1131,
2026-08-20 11:14,YouTube,n_oJwKiUY9I,Fidelisx,27717,2178,
2026-08-20 11:14,YouTube,PKd4d8mIXC0,Russin Oficial,3433,296,
2026-08-20 11:14,YouTube,OaS_R3DunUw,Fidelisx,189640,8716,
2026-08-20 11:14,Instagram,DcJT1y1hSxi,Kysha e Mine,101463,7238,179
2026-08-20 11:14,YouTube,hgOuaj2tqRE,Casa Saturno,22928,1714,
2026-08-20 11:14,YouTube,iKXSdL3AOzU,Evy Baddie,3658,533,
2026-08-20 11:14,YouTube,XGpTJW4QjrQ,Casa Saturno,8433,1080,
2026-08-20 11:14,Instagram,DcJCqd-iuw2,Kysha e Mine,35717,1201,55
2026-08-20 11:14,YouTube,-UWOuDozZHw,Casa Saturno,14237,1392,
2026-08-20 11:14,YouTube,y7sXFTztGi0,Evy Baddie,10776,1256,
2026-08-20 11:14,Instagram,DcHihQJhl_v,Evy Baddie,29115,1619,253
2026-08-20 11:14,YouTube,qXIs94lohNI,Fidelisx,211437,5091,
2026-08-20 11:14,YouTube,Kj3wWD8I_EY,Kaka,1547,166,
2026-08-20 11:14,YouTube,ar4axizjGuM,Kysha e Mine,36050,3133,
2026-08-20 11:14,Instagram,DcHJ6-1uSCc,Kysha e Mine,28000,1070,60
2026-08-20 11:14,YouTube,EA1HYgbFlsI,Fidelisx,98007,4195,
2026-08-20 11:14,YouTube,rvIf4f4dc0k,Casa Saturno,6542,845,
2026-08-20 11:14,YouTube,8vErlX7qpvY,Russin Oficial,20912,943,
2026-08-20 11:14,Instagram,DcGuVDPuelA,Kysha e Mine,53745,1512,22
2026-08-20 11:14,YouTube,pn5gromSPlU,Kaka,30228,1368,
2026-08-20 11:14,YouTube,JQHTYVpMQ-M,Fidelisx,46027,2760,
2026-08-20 11:14,Instagram,DcGtC5Ku93Q,Kysha,32703,2096,275
2026-08-20 11:14,YouTube,R6uItkq3JhA,Kaka,26651,1372,
2026-08-20 11:14,YouTube,gGeOcLafvyM,Kysha e Mine,77391,3548,
2026-08-20 11:14,Instagram,DcGfWxhOq7y,Kysha e Mine,53989,3273,58
2026-08-20 11:14,Instagram,DcFUDJexNk7,Mine,277325,12452,699
2026-08-20 11:14,YouTube,IZDizzmXFnE,Kysha e Mine,23912,2471,
2026-08-20 11:14,YouTube,FgfJN5_p5n4,Russin Oficial,1597,142,
2026-08-20 11:14,YouTube,EXWS8LiNb2o,Evy Baddie,36227,2910,
2026-08-20 11:14,YouTube,FTlbZlgOsRk,Evy Baddie,9247,1124,
2026-08-20 11:14,YouTube,BS0WAfijiUw,Russin Oficial,4182,507,
2026-08-20 11:14,Instagram,DcE19DcOXyy,Kysha,60364,2337,102
2026-08-20 11:14,YouTube,gGZ_ggNMst4,Evy Baddie,7834,1471,
2026-08-20 11:14,YouTube,dUuD7guxc1w,Kysha e Mine,45768,2523,
2026-08-20 11:14,YouTube,nHVVaXAkNjg,Fidelisx,18739,2075,
2026-08-20 11:14,YouTube,6bTVSN7BMSs,Russin Oficial,3283,520,
2026-08-20 11:14,YouTube,2eV18yfJgxo,Kaka,50488,2252,
2026-08-20 11:14,YouTube,SO_DMKU7XTg,Kysha e Mine,19238,765,
2026-08-20 11:14,YouTube,_h7FdZbgF2A,Kaka,105879,2548,
2026-08-20 11:14,YouTube,9NKbjDH5Cfs,Fidelisx,21589,1874,
2026-08-20 11:14,YouTube,d9nuCFq53w8,Kysha e Mine,46221,3654,
2026-08-20 11:14,YouTube,vCNcG8eDlmc,Russin Oficial,11133,486,
2026-08-20 11:14,YouTube,f33jieTUQ4M,Kaka,649429,11560,
2026-08-20 11:14,YouTube,-wzL5tO1MjI,Kaka,2264,170,
2026-08-20 11:14,YouTube,yMBa-IbQXRg,Russin Oficial,34048,1005,
2026-08-20 11:14,YouTube,Ps3IjliqX5E,Kysha e Mine,32013,1574,
2026-08-20 11:14,YouTube,6uDsEXfGW4A,Evy Baddie,10969,1368,
2026-08-20 11:14,Instagram,DcCOsWHRWTS,Kysha e Mine,174848,3733,140
2026-08-20 11:14,Instagram,DcCOsGvRSTn,Evy Baddie,110790,2324,276
2026-08-20 11:14,YouTube,ulvKWMu0hN4,Kysha e Mine,62461,4173,
2026-08-20 11:14,YouTube,4qQ10lxvxuo,Fidelisx,86907,3729,
2026-08-20 11:14,YouTube,crrIvWcKuQY,Argentino,35128,2052,
2026-08-20 11:14,YouTube,-irYWWc5XJQ,Russin Oficial,15277,683,
2026-08-20 11:14,YouTube,9nXV5N591XY,Kaka,189425,4115,
2026-08-20 11:14,YouTube,9zeM9diD7d0,Evy Baddie,8587,1079,
2026-08-20 11:14,YouTube,AF7nZscSvz4,Kaka,9857,488,
2026-08-20 11:14,YouTube,BtOBb0vXQ_g,Russin Oficial,30690,1429,
2026-08-20 11:14,Instagram,Db_p4dgJQYw,Evy Baddie,98375,2071,363
2026-08-20 11:14,Instagram,Db_H-YFOZ4w,Kysha e Mine,22867,1043,65
2026-08-20 11:14,YouTube,tn72sQytW98,Argentino,45154,2613,
2026-08-20 11:14,YouTube,GdRXiWNFiWs,Kysha e Mine,8534,662,
2026-08-20 11:14,YouTube,tc-xByKI_fw,Kysha e Mine,16553,1827,
2026-08-20 11:14,YouTube,j4ciN_F9hEM,Evy Baddie,51907,1992,
2026-08-20 11:14,YouTube,qugwSpEr7rs,Fidelisx,51344,2829,
2026-08-20 11:14,YouTube,VOzv4LoYTR8,Fidelisx,36163,2600,
2026-08-20 11:14,YouTube,bpd0lUFSfNY,Russin Oficial,3908,161,
2026-08-20 11:14,YouTube,5EbVaUJvOSA,Kaka,3253,429,
2026-08-20 11:14,YouTube,YKGqO5lvM_s,Casa Saturno,21324,1383,
2026-08-20 11:14,Instagram,DcMh5X7FTzj,Evy Baddie,,1445,222
2026-08-20 11:14,Instagram,DcMIW6dDDVK,Casa Saturno,14727,903,28
2026-08-20 11:14,Instagram,DcMMII0x_0F,Casa Saturno,18729,878,200
2026-08-20 11:14,Instagram,DcMdSwhO-_v,Kysha,34444,3,522
2026-08-20 11:14,YouTube,R-De0jl7e7c,Kysha e Mine,15537,1289,
2026-08-20 11:14,YouTube,5sjlQdlMzkk,Kysha e Mine,8790,1529,
2026-08-20 11:14,YouTube,irM9rw5_2js,Evy Baddie,15026,1325,
2026-08-20 11:14,YouTube,hULA9Gwklw0,Evy Baddie,18718,1562,
2026-08-20 11:14,YouTube,RW71PfE7tKA,Evy Baddie,6836,1058,
2026-08-20 11:14,YouTube,t3PpfkhrBVU,Fidelisx,15227,1440,
2026-08-20 11:14,YouTube,WQFB_TWkcsE,Fidelisx,17696,1521,
2026-08-20 11:14,YouTube,IdMsNTqmqjM,Fidelisx,44482,2611,
2026-08-20 11:14,YouTube,Zs9rkq9yyRU,Russin Oficial,2687,243,
2026-08-20 11:14,YouTube,LKwWE09nYBg,Russin Oficial,1925,117,
2026-08-20 11:14,YouTube,WRb3QZu3F5s,Kaka,3195,326,
2026-08-20 11:14,YouTube,1sNkSJpzgbg,Casa Saturno,5423,692,
2026-08-20 11:14,YouTube,GdZ8vNztxRk,Casa Saturno,18694,1327,
2026-08-20 11:14,YouTube,fQ7aj7DiJYQ,Casa Saturno,7216,983,
2026-08-20 11:14,YouTube,Z0Zswt18cTM,Casa Saturno,28508,1535,
2026-08-20 11:14,Instagram,DcPGoaPBwqs,Casa Saturno,11688,689,47
2026-08-20 11:14,Instagram,DcOtPLpFwTB,Casa Saturno,8758,777,34
2026-08-20 11:14,Instagram,DcORssqCaa3,Casa Saturno,4282,257,16
2026-08-20 11:14,Instagram,DcOK2axk4Y9,Casa Saturno,6051,502,23
2026-08-20 11:14,Instagram,DcOD4-fj18x,Casa Saturno,8461,375,25
2026-08-20 11:14,Instagram,DcMz8kNuIcK,Kysha,45809,1611,88
2026-08-20 11:14,YouTube,l1AQvYqrmaE,Kysha e Mine,22112,1112,
2026-08-20 11:14,YouTube,Q5y5Lb-PmJ0,Evy Baddie,6864,815,
2026-08-20 11:14,YouTube,YsYkBcCZbLU,Russin Oficial,1211,67,
2026-08-20 11:14,YouTube,SN3Ef-TYros,Kaka,,8,
2026-08-20 11:14,YouTube,pMrq2vK1kLU,Casa Saturno,485,73,
2026-08-20 11:14,YouTube,Cx_YAbgsbmY,Casa Saturno,,4,
2026-08-20 11:14,Instagram,DcQ50wbIHL2,Casa Saturno,1776,125,15
2026-08-21 11:20,YouTube,D_UwyI4vBls,Russin Oficial,3040,229,
2026-08-21 11:20,YouTube,8o_l3sREpeU,Evy Baddie,15824,1397,
2026-08-21 11:20,YouTube,jv_Rn_EmYZM,Fidelisx,32355,2513,
2026-08-21 11:20,Instagram,DcL4deSPcOl,Kaka,22752,2233,180
2026-08-21 11:20,YouTube,DvBN7Cy7uRg,Casa Saturno,18420,1502,
2026-08-21 11:20,Instagram,DcLs0WNivII,Casa Saturno,11616,783,29
2026-08-21 11:20,YouTube,Y1uE8TO8zPY,Casa Saturno,19357,1405,
2026-08-21 11:20,YouTube,M6YdKfdLaFI,Casa Saturno,9965,985,
2026-08-21 11:20,YouTube,0GVzwMr3icI,Kaka,8476,836,
2026-08-21 11:20,YouTube,r9x_b_0CA4A,Casa Saturno,9057,1052,
2026-08-21 11:20,YouTube,1b8CDw8gdkA,Kysha e Mine,19812,2450,
2026-08-21 11:20,YouTube,vAKMqHPk8cw,Russin Oficial,31169,484,
2026-08-21 11:20,Instagram,DcKAZgdpBk-,Russin Oficial,8474,357,20
2026-08-21 11:20,YouTube,OkgaDUy9ZME,Kysha e Mine,28982,1613,
2026-08-21 11:20,YouTube,xF9LdQAbJ3s,Evy Baddie,9690,983,
2026-08-21 11:20,YouTube,2DUaa5fwYTA,Fidelisx,102051,3974,
2026-08-21 11:20,YouTube,p5BGX0yTgpU,Evy Baddie,7840,1272,
2026-08-21 11:20,YouTube,n_oJwKiUY9I,Fidelisx,30151,2271,
2026-08-21 11:20,Instagram,DcJoFtfpRqN,Kaka,78847,2954,72
2026-08-21 11:20,YouTube,PKd4d8mIXC0,Russin Oficial,4091,368,
2026-08-21 11:20,YouTube,OaS_R3DunUw,Fidelisx,205517,9417,
2026-08-21 11:20,Instagram,DcJT1y1hSxi,Kysha e Mine,107037,7706,184
2026-08-21 11:20,YouTube,hgOuaj2tqRE,Casa Saturno,24787,1788,
2026-08-21 11:20,YouTube,iKXSdL3AOzU,Evy Baddie,4087,573,
2026-08-21 11:20,YouTube,XGpTJW4QjrQ,Casa Saturno,9926,1235,
2026-08-21 11:20,Instagram,DcJCqd-iuw2,Kysha e Mine,36622,1258,55
2026-08-21 11:20,YouTube,-UWOuDozZHw,Casa Saturno,15072,1434,
2026-08-21 11:20,Instagram,DcH4lBLRxTR,Russin Oficial,184373,1791,108
2026-08-21 11:20,YouTube,y7sXFTztGi0,Evy Baddie,11541,1310,
2026-08-21 11:20,Instagram,DcHihQJhl_v,Evy Baddie,29859,1662,253
2026-08-21 11:20,YouTube,qXIs94lohNI,Fidelisx,229660,5477,
2026-08-21 11:20,YouTube,Kj3wWD8I_EY,Kaka,1629,169,
2026-08-21 11:20,YouTube,ar4axizjGuM,Kysha e Mine,39041,3265,
2026-08-21 11:20,Instagram,DcHJ6-1uSCc,Kysha e Mine,28667,1090,60
2026-08-21 11:20,YouTube,EA1HYgbFlsI,Fidelisx,129042,4873,
2026-08-21 11:20,YouTube,rvIf4f4dc0k,Casa Saturno,7002,881,
2026-08-21 11:20,YouTube,8vErlX7qpvY,Russin Oficial,21615,965,
2026-08-21 11:20,Instagram,DcGuVDPuelA,Kysha e Mine,56029,1587,22
2026-08-21 11:20,YouTube,pn5gromSPlU,Kaka,32499,1446,
2026-08-21 11:20,YouTube,JQHTYVpMQ-M,Fidelisx,48700,2815,
2026-08-21 11:20,Instagram,DcGuqsfvD-L,Kaka,11925,985,46
2026-08-21 11:20,Instagram,DcGtC5Ku93Q,Kysha,33776,2171,276
2026-08-21 11:20,YouTube,R6uItkq3JhA,Kaka,27496,1410,
2026-08-21 11:20,YouTube,gGeOcLafvyM,Kysha e Mine,86592,3816,
2026-08-21 11:20,Instagram,DcGfWxhOq7y,Kysha e Mine,55753,3359,62
2026-08-21 11:20,Instagram,DcFUDJexNk7,Mine,283407,12771,703
2026-08-21 11:20,YouTube,IZDizzmXFnE,Kysha e Mine,26019,2574,
2026-08-21 11:20,YouTube,FgfJN5_p5n4,Russin Oficial,1639,148,
2026-08-21 11:20,Instagram,DcE7hBqp8Ny,Russin Oficial,101139,4176,76
2026-08-21 11:20,YouTube,EXWS8LiNb2o,Evy Baddie,37973,3013,
2026-08-21 11:20,YouTube,FTlbZlgOsRk,Evy Baddie,9527,1136,
2026-08-21 11:20,YouTube,BS0WAfijiUw,Russin Oficial,4239,512,
2026-08-21 11:20,Instagram,DcE19DcOXyy,Kysha,61531,2375,102
2026-08-21 11:20,YouTube,gGZ_ggNMst4,Evy Baddie,8130,1494,
2026-08-21 11:20,YouTube,dUuD7guxc1w,Kysha e Mine,48139,2599,
2026-08-21 11:20,Instagram,DcEWwDSkSEA,Fidelisx,,4642,168
2026-08-21 11:20,Instagram,DcEUVs4OogP,Argentino,36138,2327,203
2026-08-21 11:20,YouTube,6bTVSN7BMSs,Russin Oficial,3339,523,
2026-08-21 11:20,YouTube,2eV18yfJgxo,Kaka,53911,2360,
2026-08-21 11:20,Instagram,DcEKaCkvomn,Kaka,86370,2232,59
2026-08-21 11:20,YouTube,SO_DMKU7XTg,Kysha e Mine,22898,789,
2026-08-21 11:20,YouTube,_h7FdZbgF2A,Kaka,114171,2658,
2026-08-21 11:20,YouTube,d9nuCFq53w8,Kysha e Mine,48023,3722,
2026-08-21 11:20,Instagram,DcCgm7QufiZ,Argentino,22455,1534,20
2026-08-21 11:20,YouTube,vCNcG8eDlmc,Russin Oficial,11212,490,
2026-08-21 11:20,YouTube,f33jieTUQ4M,Kaka,654352,11685,
2026-08-21 11:20,Instagram,DcCR2Q8pso7,Russin Oficial,30561,500,17
2026-08-21 11:20,YouTube,-wzL5tO1MjI,Kaka,2530,182,
2026-08-21 11:20,YouTube,yMBa-IbQXRg,Russin Oficial,34385,1037,
2026-08-21 11:20,YouTube,6uDsEXfGW4A,Evy Baddie,11190,1381,
2026-08-21 11:20,Instagram,DcCOsWHRWTS,Kysha e Mine,180320,3835,145
2026-08-21 11:20,Instagram,DcCOsGvRSTn,Evy Baddie,111256,2350,276
2026-08-21 11:20,YouTube,crrIvWcKuQY,Argentino,36386,2099,
2026-08-21 11:20,Instagram,DcB5v4tOeAX,Argentino,57215,2098,82
2026-08-21 11:20,YouTube,-irYWWc5XJQ,Russin Oficial,15392,693,
2026-08-21 11:20,YouTube,9nXV5N591XY,Kaka,198302,4268,
2026-08-21 11:20,YouTube,GdRXiWNFiWs,Kysha e Mine,11463,716,
2026-08-21 11:20,YouTube,tc-xByKI_fw,Kysha e Mine,20342,2044,
2026-08-21 11:20,YouTube,j4ciN_F9hEM,Evy Baddie,60232,2157,
2026-08-21 11:20,YouTube,qugwSpEr7rs,Fidelisx,57089,3036,
2026-08-21 11:20,YouTube,VOzv4LoYTR8,Fidelisx,41199,2792,
2026-08-21 11:20,YouTube,bpd0lUFSfNY,Russin Oficial,4631,216,
2026-08-21 11:20,YouTube,5EbVaUJvOSA,Kaka,3842,482,
2026-08-21 11:20,YouTube,YKGqO5lvM_s,Casa Saturno,24004,1477,
2026-08-21 11:20,Instagram,DcMh5X7FTzj,Evy Baddie,,1564,223
2026-08-21 11:20,Instagram,DcMIW6dDDVK,Casa Saturno,15623,951,28
2026-08-21 11:20,Instagram,DcMMII0x_0F,Casa Saturno,19562,912,202
2026-08-21 11:20,Instagram,DcMdSwhO-_v,Kysha,35880,3,533
2026-08-21 11:20,YouTube,R-De0jl7e7c,Kysha e Mine,25761,1658,
2026-08-21 11:20,YouTube,5sjlQdlMzkk,Kysha e Mine,14544,2210,
2026-08-21 11:20,YouTube,irM9rw5_2js,Evy Baddie,28034,1885,
2026-08-21 11:20,YouTube,hULA9Gwklw0,Evy Baddie,28228,1978,
2026-08-21 11:20,YouTube,RW71PfE7tKA,Evy Baddie,9196,1367,
2026-08-21 11:20,YouTube,t3PpfkhrBVU,Fidelisx,26957,1927,
2026-08-21 11:20,YouTube,WQFB_TWkcsE,Fidelisx,24105,1751,
2026-08-21 11:20,YouTube,IdMsNTqmqjM,Fidelisx,54703,2874,
2026-08-21 11:20,YouTube,Zs9rkq9yyRU,Russin Oficial,3457,370,
2026-08-21 11:20,YouTube,LKwWE09nYBg,Russin Oficial,2218,164,
2026-08-21 11:20,YouTube,WRb3QZu3F5s,Kaka,4712,416,
2026-08-21 11:20,YouTube,1sNkSJpzgbg,Casa Saturno,8007,881,
2026-08-21 11:20,YouTube,GdZ8vNztxRk,Casa Saturno,29615,1780,
2026-08-21 11:20,YouTube,fQ7aj7DiJYQ,Casa Saturno,10205,1352,
2026-08-21 11:20,YouTube,Z0Zswt18cTM,Casa Saturno,33115,1687,
2026-08-21 11:20,Instagram,DcPGoaPBwqs,Casa Saturno,15428,867,49
2026-08-21 11:20,Instagram,DcOtPLpFwTB,Casa Saturno,10104,924,36
2026-08-21 11:20,Instagram,DcORssqCaa3,Casa Saturno,4786,297,16
2026-08-21 11:20,Instagram,DcOK2axk4Y9,Casa Saturno,6689,563,24
2026-08-21 11:20,Instagram,DcOD4-fj18x,Casa Saturno,9111,426,26
2026-08-21 11:20,Instagram,DcMz8kNuIcK,Kysha,51046,1682,88
2026-08-21 11:20,Instagram,DcPNR0AJIdq,Russin Oficial,16585,772,22
2026-08-21 11:20,Instagram,DcPGpVbJLNz,Kaka,6180,677,38
2026-08-21 11:20,Instagram,DcOdLWgPBY_,Kaka,12524,942,58
2026-08-21 11:20,YouTube,l1AQvYqrmaE,Kysha e Mine,66032,2526,
2026-08-21 11:20,YouTube,Q5y5Lb-PmJ0,Evy Baddie,12627,1307,
2026-08-21 11:20,YouTube,YsYkBcCZbLU,Russin Oficial,1818,156,
2026-08-21 11:20,YouTube,SN3Ef-TYros,Kaka,,16,
2026-08-21 11:20,YouTube,pMrq2vK1kLU,Casa Saturno,19189,1358,
2026-08-21 11:20,YouTube,Cx_YAbgsbmY,Casa Saturno,11749,1088,
2026-08-21 11:20,Instagram,DcQ50wbIHL2,Casa Saturno,11785,471,25
2026-08-21 11:20,YouTube,d3sJ7k9wcXk,Kysha e Mine,19223,1852,
2026-08-21 11:20,YouTube,CMiEC40mBeM,Kysha e Mine,6870,978,
2026-08-21 11:20,YouTube,yDeVJLDLG3Y,Evy Baddie,7888,1051,
2026-08-21 11:20,YouTube,8gK38rZRz0I,Fidelisx,11828,1591,
2026-08-21 11:20,YouTube,f_mR4FP6l8I,Fidelisx,27279,2373,
2026-08-21 11:20,YouTube,MLzJzWReacY,Fidelisx,19739,1797,
2026-08-21 11:20,YouTube,4hDfPdKck7A,Russin Oficial,1311,84,
2026-08-21 11:20,YouTube,ysyTnRdodBs,Kaka,1869,204,
2026-08-21 11:20,Instagram,DcRrckDCdXK,Casa Saturno,,1255,251
2026-08-21 11:20,Instagram,DcTfecrkcPT,Mine,,545,103
2026-08-21 11:20,Instagram,DcRCb1ixbFe,Fidelisx,111178,7528,581
2026-08-21 11:20,Instagram,DcSLZrPxpVf,Russin Oficial,26536,441,33
2026-08-21 11:20,Instagram,DcRGSKSvw1h,Kaka,18683,892,27
2026-08-21 19:20,YouTube,D_UwyI4vBls,Russin Oficial,3269,249,
2026-08-21 19:20,YouTube,8o_l3sREpeU,Evy Baddie,16351,1425,
2026-08-21 19:20,YouTube,jv_Rn_EmYZM,Fidelisx,35173,2650,
2026-08-21 19:20,YouTube,DvBN7Cy7uRg,Casa Saturno,19323,1529,
2026-08-21 19:20,YouTube,Y1uE8TO8zPY,Casa Saturno,19943,1441,
2026-08-21 19:20,YouTube,M6YdKfdLaFI,Casa Saturno,10594,1016,
2026-08-21 19:20,YouTube,0GVzwMr3icI,Kaka,8818,858,
2026-08-21 19:20,YouTube,r9x_b_0CA4A,Casa Saturno,9572,1087,
2026-08-21 19:20,YouTube,1b8CDw8gdkA,Kysha e Mine,20914,2534,
2026-08-21 19:20,YouTube,vAKMqHPk8cw,Russin Oficial,31200,486,
2026-08-21 19:20,YouTube,OkgaDUy9ZME,Kysha e Mine,29474,1631,
2026-08-21 19:20,YouTube,xF9LdQAbJ3s,Evy Baddie,9988,1002,
2026-08-21 19:20,YouTube,2DUaa5fwYTA,Fidelisx,105150,4079,
2026-08-21 19:20,YouTube,p5BGX0yTgpU,Evy Baddie,8226,1313,
2026-08-21 19:20,YouTube,n_oJwKiUY9I,Fidelisx,30890,2295,
2026-08-21 19:20,YouTube,PKd4d8mIXC0,Russin Oficial,4229,371,
2026-08-21 19:20,YouTube,OaS_R3DunUw,Fidelisx,215095,9741,
2026-08-21 19:20,YouTube,hgOuaj2tqRE,Casa Saturno,25503,1813,
2026-08-21 19:20,YouTube,iKXSdL3AOzU,Evy Baddie,4235,581,
2026-08-21 19:20,YouTube,XGpTJW4QjrQ,Casa Saturno,10145,1245,
2026-08-21 19:20,YouTube,y7sXFTztGi0,Evy Baddie,11765,1323,
2026-08-21 19:20,YouTube,qXIs94lohNI,Fidelisx,237195,5648,
2026-08-21 19:20,YouTube,Kj3wWD8I_EY,Kaka,1647,169,
2026-08-21 19:20,YouTube,ar4axizjGuM,Kysha e Mine,40171,3327,
2026-08-21 19:20,YouTube,EA1HYgbFlsI,Fidelisx,141892,5174,
2026-08-21 19:20,YouTube,8vErlX7qpvY,Russin Oficial,21691,973,
2026-08-21 19:20,YouTube,pn5gromSPlU,Kaka,33419,1484,
2026-08-21 19:20,YouTube,R6uItkq3JhA,Kaka,27846,1427,
2026-08-21 19:20,YouTube,gGeOcLafvyM,Kysha e Mine,89453,3890,
2026-08-21 19:20,YouTube,IZDizzmXFnE,Kysha e Mine,26858,2619,
2026-08-21 19:20,YouTube,FgfJN5_p5n4,Russin Oficial,1645,148,
2026-08-21 19:20,YouTube,EXWS8LiNb2o,Evy Baddie,38600,3047,
2026-08-21 19:20,YouTube,FTlbZlgOsRk,Evy Baddie,9636,1140,
2026-08-21 19:20,YouTube,BS0WAfijiUw,Russin Oficial,4243,512,
2026-08-21 19:20,YouTube,gGZ_ggNMst4,Evy Baddie,8260,1501,
2026-08-21 19:20,YouTube,6bTVSN7BMSs,Russin Oficial,3347,523,
2026-08-21 19:20,YouTube,2eV18yfJgxo,Kaka,55650,2420,
2026-08-21 19:20,YouTube,_h7FdZbgF2A,Kaka,117786,2703,
2026-08-21 19:20,YouTube,vCNcG8eDlmc,Russin Oficial,11224,492,
2026-08-21 19:20,YouTube,f33jieTUQ4M,Kaka,655913,11717,
2026-08-21 19:20,YouTube,-wzL5tO1MjI,Kaka,2597,183,
2026-08-21 19:20,YouTube,yMBa-IbQXRg,Russin Oficial,34567,1061,
2026-08-21 19:20,YouTube,crrIvWcKuQY,Argentino,36866,2115,
2026-08-21 19:20,YouTube,-irYWWc5XJQ,Russin Oficial,15407,693,
2026-08-21 19:20,YouTube,9nXV5N591XY,Kaka,200017,4289,
2026-08-21 19:20,YouTube,GdRXiWNFiWs,Kysha e Mine,12585,741,
2026-08-21 19:20,YouTube,tc-xByKI_fw,Kysha e Mine,21843,2148,
2026-08-21 19:20,YouTube,j4ciN_F9hEM,Evy Baddie,61330,2197,
2026-08-21 19:20,YouTube,qugwSpEr7rs,Fidelisx,59191,3133,
2026-08-21 19:20,YouTube,VOzv4LoYTR8,Fidelisx,42868,2867,
2026-08-21 19:20,YouTube,bpd0lUFSfNY,Russin Oficial,4854,231,
2026-08-21 19:20,YouTube,5EbVaUJvOSA,Kaka,4134,503,
2026-08-21 19:20,YouTube,YKGqO5lvM_s,Casa Saturno,25178,1513,
2026-08-21 19:20,YouTube,R-De0jl7e7c,Kysha e Mine,28140,1758,
2026-08-21 19:20,YouTube,5sjlQdlMzkk,Kysha e Mine,15935,2328,
2026-08-21 19:20,YouTube,irM9rw5_2js,Evy Baddie,31131,2009,
2026-08-21 19:20,YouTube,hULA9Gwklw0,Evy Baddie,33857,2195,
2026-08-21 19:20,YouTube,RW71PfE7tKA,Evy Baddie,9978,1451,
2026-08-21 19:20,YouTube,t3PpfkhrBVU,Fidelisx,28813,2012,
2026-08-21 19:20,YouTube,WQFB_TWkcsE,Fidelisx,25254,1799,
2026-08-21 19:20,YouTube,IdMsNTqmqjM,Fidelisx,56268,2935,
2026-08-21 19:20,YouTube,Zs9rkq9yyRU,Russin Oficial,3773,422,
2026-08-21 19:20,YouTube,LKwWE09nYBg,Russin Oficial,2328,181,
2026-08-21 19:20,YouTube,WRb3QZu3F5s,Kaka,5129,457,
2026-08-21 19:20,YouTube,1sNkSJpzgbg,Casa Saturno,8809,944,
2026-08-21 19:20,YouTube,GdZ8vNztxRk,Casa Saturno,30862,1837,
2026-08-21 19:20,YouTube,fQ7aj7DiJYQ,Casa Saturno,10865,1389,
2026-08-21 19:20,YouTube,Z0Zswt18cTM,Casa Saturno,34765,1743,
2026-08-21 19:20,YouTube,l1AQvYqrmaE,Kysha e Mine,69699,2695,
2026-08-21 19:20,YouTube,Q5y5Lb-PmJ0,Evy Baddie,13833,1397,
2026-08-21 19:20,YouTube,YsYkBcCZbLU,Russin Oficial,1924,175,
2026-08-21 19:20,YouTube,SN3Ef-TYros,Kaka,369,78,
2026-08-21 19:20,YouTube,pMrq2vK1kLU,Casa Saturno,21442,1480,
2026-08-21 19:20,YouTube,Cx_YAbgsbmY,Casa Saturno,15874,1298,
2026-08-21 19:20,YouTube,d3sJ7k9wcXk,Kysha e Mine,32899,2674,
2026-08-21 19:20,YouTube,CMiEC40mBeM,Kysha e Mine,12109,1446,
2026-08-21 19:20,YouTube,yDeVJLDLG3Y,Evy Baddie,9589,1199,
2026-08-21 19:20,YouTube,8gK38rZRz0I,Fidelisx,16913,2011,
2026-08-21 19:20,YouTube,f_mR4FP6l8I,Fidelisx,30667,2622,
2026-08-21 19:20,YouTube,MLzJzWReacY,Fidelisx,24269,1959,
2026-08-21 19:20,YouTube,4hDfPdKck7A,Russin Oficial,1749,153,
2026-08-21 19:20,YouTube,ysyTnRdodBs,Kaka,8621,815,
2026-08-21 19:20,YouTube,t_jdIB5OSoA,Kysha e Mine,821,210,
2026-08-21 19:20,YouTube,FWkLX2QT8hg,Kysha e Mine,2585,463,
2026-08-21 19:20,YouTube,VXL6umjevME,Kysha e Mine,2617,686,
2026-08-21 19:20,YouTube,pSyxntrd6Kw,Evy Baddie,6395,925,
2026-08-21 19:20,YouTube,7a34w_JZC50,Fidelisx,1427,252,
2026-08-21 19:20,YouTube,0h_uvIV_OeQ,Argentino,2202,505,
2026-08-21 19:20,YouTube,h0wdJodkxp0,Kaka,4400,423,
2026-08-21 19:20,YouTube,c-NrsJOz4Is,Casa Saturno,356,94,
2026-08-21 19:20,YouTube,PjUMuqZ3JcY,Casa Saturno,3182,554,
2026-08-24 19:35,YouTube,D_UwyI4vBls,Russin Oficial,3755,291,
2026-08-24 19:35,Instagram,DcL4deSPcOl,Kaka,24452,2428,200
2026-08-24 19:35,YouTube,0GVzwMr3icI,Kaka,10634,954,
2026-08-24 19:35,YouTube,vAKMqHPk8cw,Russin Oficial,31512,505,
2026-08-24 19:35,Instagram,DcKAZgdpBk-,Russin Oficial,9423,382,22
2026-08-24 19:35,YouTube,PKd4d8mIXC0,Russin Oficial,4405,383,
2026-08-24 19:35,Instagram,DcJT1y1hSxi,Kysha e Mine,123639,9372,200
2026-08-24 19:35,Instagram,DcJCqd-iuw2,Kysha e Mine,39965,1441,57
2026-08-24 19:35,YouTube,GdRXiWNFiWs,Kysha e Mine,18990,855,
2026-08-24 19:35,YouTube,tc-xByKI_fw,Kysha e Mine,28856,2490,
2026-08-24 19:35,YouTube,j4ciN_F9hEM,Evy Baddie,68593,2471,
2026-08-24 19:35,YouTube,bpd0lUFSfNY,Russin Oficial,5670,279,
2026-08-24 19:35,YouTube,5EbVaUJvOSA,Kaka,5541,608,
2026-08-24 19:35,Instagram,DcMh5X7FTzj,Evy Baddie,,1798,231
2026-08-24 19:35,Instagram,DcMdSwhO-_v,Kysha,40857,3,554
2026-08-24 19:35,YouTube,R-De0jl7e7c,Kysha e Mine,36253,2033,
2026-08-24 19:35,YouTube,5sjlQdlMzkk,Kysha e Mine,22680,2731,
2026-08-24 19:35,YouTube,irM9rw5_2js,Evy Baddie,44610,2406,
2026-08-24 19:35,YouTube,hULA9Gwklw0,Evy Baddie,68000,3101,
2026-08-24 19:35,YouTube,RW71PfE7tKA,Evy Baddie,12779,1743,
2026-08-24 19:35,YouTube,t3PpfkhrBVU,Fidelisx,39901,2368,
2026-08-24 19:35,YouTube,WQFB_TWkcsE,Fidelisx,34151,2107,
2026-08-24 19:35,YouTube,IdMsNTqmqjM,Fidelisx,68266,3328,
2026-08-24 19:35,YouTube,Zs9rkq9yyRU,Russin Oficial,5369,602,
2026-08-24 19:35,YouTube,LKwWE09nYBg,Russin Oficial,2719,226,
2026-08-24 19:35,YouTube,WRb3QZu3F5s,Kaka,7151,601,
2026-08-24 19:35,YouTube,1sNkSJpzgbg,Casa Saturno,13261,1186,
2026-08-24 19:35,YouTube,GdZ8vNztxRk,Casa Saturno,37099,2069,
2026-08-24 19:35,Instagram,DcMz8kNuIcK,Kysha,56169,1931,98
2026-08-24 19:35,Instagram,DcPNR0AJIdq,Russin Oficial,19142,843,22
2026-08-24 19:35,Instagram,DcPGpVbJLNz,Kaka,7818,852,45
2026-08-24 19:35,Instagram,DcOdLWgPBY_,Kaka,14869,1114,67
2026-08-24 19:35,YouTube,l1AQvYqrmaE,Kysha e Mine,83872,3227,
2026-08-24 19:35,YouTube,Q5y5Lb-PmJ0,Evy Baddie,18055,1599,
2026-08-24 19:35,YouTube,YsYkBcCZbLU,Russin Oficial,2668,282,
2026-08-24 19:35,YouTube,SN3Ef-TYros,Kaka,1201,133,
2026-08-24 19:35,YouTube,pMrq2vK1kLU,Casa Saturno,28932,1789,
2026-08-24 19:35,YouTube,Cx_YAbgsbmY,Casa Saturno,24906,1728,
2026-08-24 19:35,YouTube,d3sJ7k9wcXk,Kysha e Mine,57604,3739,
2026-08-24 19:35,YouTube,CMiEC40mBeM,Kysha e Mine,25015,2207,
2026-08-24 19:35,YouTube,yDeVJLDLG3Y,Evy Baddie,13356,1440,
2026-08-24 19:35,YouTube,8gK38rZRz0I,Fidelisx,30636,2811,
2026-08-24 19:35,YouTube,f_mR4FP6l8I,Fidelisx,40638,3182,
2026-08-24 19:35,YouTube,MLzJzWReacY,Fidelisx,38101,2454,
2026-08-24 19:35,YouTube,4hDfPdKck7A,Russin Oficial,3842,412,
2026-08-24 19:35,YouTube,ysyTnRdodBs,Kaka,60406,2369,
2026-08-24 19:35,Instagram,DcTfecrkcPT,Mine,,14025,616
2026-08-24 19:35,Instagram,DcRCb1ixbFe,Fidelisx,133003,9216,625
2026-08-24 19:35,Instagram,DcSLZrPxpVf,Russin Oficial,38634,667,38
2026-08-24 19:35,Instagram,DcRGSKSvw1h,Kaka,25141,1299,33
2026-08-24 19:35,YouTube,t_jdIB5OSoA,Kysha e Mine,32428,2848,
2026-08-24 19:35,YouTube,FWkLX2QT8hg,Kysha e Mine,31503,1640,
2026-08-24 19:35,YouTube,VXL6umjevME,Kysha e Mine,19020,2064,
2026-08-24 19:35,YouTube,pSyxntrd6Kw,Evy Baddie,16000,2326,
2026-08-24 19:35,YouTube,7a34w_JZC50,Fidelisx,44969,3367,
2026-08-24 19:35,YouTube,0h_uvIV_OeQ,Argentino,22269,2002,
2026-08-24 19:35,YouTube,h0wdJodkxp0,Kaka,16577,1006,
2026-08-24 19:35,YouTube,c-NrsJOz4Is,Casa Saturno,8666,1209,
2026-08-24 19:35,YouTube,PjUMuqZ3JcY,Casa Saturno,22519,1626,
2026-08-24 19:35,YouTube,4IDQfjXEKzk,Kysha e Mine,4129,610,
2026-08-24 19:35,YouTube,tQRNJ-6PmUA,Kysha e Mine,6429,1377,
2026-08-24 19:35,YouTube,AEDokCyqMPU,Kysha e Mine,10548,1159,
2026-08-24 19:35,YouTube,4jd32o2JDOE,Kysha e Mine,23641,1975,
2026-08-24 19:35,YouTube,tCquVvbTr3I,Kysha e Mine,6366,457,
2026-08-24 19:35,YouTube,PD1O6Pm0iis,Evy Baddie,303,129,
2026-08-24 19:35,YouTube,g_2fa3oF5q8,Evy Baddie,21441,1833,
2026-08-24 19:35,YouTube,cqsNqya7NnQ,Evy Baddie,9708,1226,
2026-08-24 19:35,YouTube,vgk2Vdd3Vo4,Evy Baddie,14627,1277,
2026-08-24 19:35,YouTube,IhfWI_hGVhY,Evy Baddie,7479,1050,
2026-08-24 19:35,YouTube,sWFR3hUX9Vo,Evy Baddie,9224,1572,
2026-08-24 19:35,YouTube,JRKbm6DNDBc,Evy Baddie,11867,1206,
2026-08-24 19:35,YouTube,UYBF5K0JzZE,Evy Baddie,38177,1787,
2026-08-24 19:35,YouTube,IdBG1XK7zcA,Fidelisx,4600,918,
2026-08-24 19:35,YouTube,KTVnEDyZ3JY,Fidelisx,33590,3019,
2026-08-24 19:35,YouTube,_ob851xlbeM,Fidelisx,10653,1572,
2026-08-24 19:35,YouTube,eIgCzvDIsp0,Fidelisx,14590,1576,
2026-08-24 19:35,YouTube,gPphP3VXInc,Fidelisx,34617,3238,
2026-08-24 19:35,YouTube,mEwxV5y-R8Q,Fidelisx,38612,3134,
2026-08-24 19:35,YouTube,z0xa51mXDE4,Fidelisx,104036,4064,
2026-08-24 19:35,YouTube,iObferxf3bk,Fidelisx,37816,2501,
2026-08-24 19:35,YouTube,WA0HFVnf8s8,Russin Oficial,765,37,
2026-08-24 19:35,YouTube,9MBwJHE2BIs,Russin Oficial,2463,180,
2026-08-24 19:35,YouTube,BiB-gLES5Vs,Russin Oficial,2265,227,
2026-08-24 19:35,YouTube,eo99t72hRmw,Russin Oficial,1127,69,
2026-08-24 19:35,YouTube,gx2YBLabBbQ,Russin Oficial,3648,559,
2026-08-24 19:35,YouTube,UhljzQ9ePP0,Russin Oficial,20805,587,
2026-08-24 19:35,YouTube,o0mGIogpV68,Russin Oficial,3560,346,
2026-08-24 19:35,YouTube,2NjNEiAFfyM,Argentino,6066,2008,
2026-08-24 19:35,YouTube,hwA-61D4Ib8,Argentino,69573,4447,
2026-08-24 19:35,YouTube,hy5AN2qbpKU,Kaka,,1,
2026-08-24 19:35,YouTube,f2Sq58kgIjw,Kaka,3585,636,
2026-08-24 19:35,YouTube,BIxrB6Bf_dU,Kaka,1345,163,
2026-08-24 19:35,YouTube,mGp8E78Rb-M,Kaka,61189,1797,
2026-08-24 19:35,YouTube,Ft-w6kkTLE4,Kaka,18921,1524,
2026-08-24 19:35,YouTube,peCX2piv3B8,Casa Saturno,1163,270,
2026-08-24 19:35,YouTube,a3_EMP66jDc,Casa Saturno,2407,574,
2026-08-24 19:35,YouTube,ER7A-9nXmgA,Casa Saturno,14520,1196,
2026-08-24 19:35,YouTube,uXRtT1QDYlo,Casa Saturno,5655,982,
2026-08-24 19:35,YouTube,-TYXfioBzi0,Casa Saturno,6850,955,
2026-08-24 19:35,YouTube,fypv-yKV5f4,Casa Saturno,14385,1623,
2026-08-24 19:35,YouTube,Ad12d3XS76U,Casa Saturno,28880,1682,
2026-08-24 19:35,YouTube,TLLDnhdo_Q8,Casa Saturno,21021,1333,
2026-08-24 19:35,YouTube,ZS59XOKjJ0w,Casa Saturno,13864,1042,
2026-08-24 19:35,Instagram,DcbJSX2Of1I,Kysha e Mine,15747,1239,40
2026-08-24 19:35,Instagram,DcbHq59EUnO,Kysha e Mine,38864,734,36
2026-08-24 19:35,Instagram,DcZgGW3uR8T,Kysha e Mine,43828,2084,82
2026-08-24 19:35,Instagram,DcZHiyou9bf,Kysha e Mine,32962,1187,22
2026-08-24 19:35,Instagram,DcRhWNLPV-U,Kysha e Mine,,1451,48
2026-08-24 19:35,Instagram,DcUJ-5MjA3Q,Kysha e Mine,35450,2694,136
2026-08-24 19:35,Instagram,Dcbck79pQdG,Casa Saturno,,1625,515
2026-08-24 19:35,Instagram,Dcb-QhHJKH5,Casa Saturno,12931,805,94
2026-08-24 19:35,Instagram,Dcbgx6ulfi2,Casa Saturno,8110,661,41
2026-08-24 19:35,Instagram,DcbJSX2Of1I,Casa Saturno,15747,1239,40
2026-08-24 19:35,Instagram,DcbAZn8Ap11,Casa Saturno,10042,380,28
2026-08-24 19:35,Instagram,DcZZpSKptrg,Casa Saturno,19172,982,94
2026-08-24 19:35,Instagram,DcYok3kiLeQ,Casa Saturno,25584,1384,34
2026-08-24 19:35,Instagram,DcRhWNLPV-U,Casa Saturno,,1451,48
2026-08-24 19:35,Instagram,DcW1A3DhXjI,Casa Saturno,95891,2032,193
2026-08-24 19:35,Instagram,DcWM4Qfpi0a,Casa Saturno,49685,1680,133
2026-08-24 19:35,Instagram,Dcbck79pQdG,Evy Baddie,,1626,515
2026-08-24 19:35,Instagram,DcW1A3DhXjI,Evy Baddie,95895,2032,193
2026-08-24 19:35,Instagram,DcWM4Qfpi0a,Evy Baddie,49687,1680,133
2026-08-24 19:35,Instagram,DcUa1dxkX9e,Evy Baddie,,15428,410
2026-08-24 19:35,Instagram,DcWLwxcvyp-,Mine,51898,2246,146
2026-08-24 19:35,Instagram,DcbWAIike5q,Fidelisx,,2244,2026
2026-08-24 19:35,Instagram,DcW8ZyqR0WT,Fidelisx,133753,5996,341
2026-08-24 19:35,Instagram,DcUa1dxkX9e,Fidelisx,,15428,410
2026-08-24 19:35,Instagram,DcWMPr_xfLT,Russin Oficial,48693,1110,119
2026-08-24 19:35,Instagram,DccAKmpJsaV,Argentino,11486,1059,154
2026-08-24 19:35,Instagram,DcbaJamji-z,Argentino,,3,398
2026-08-24 19:35,Instagram,DcZKKjuxvh6,Argentino,52246,1841,151
2026-08-24 19:35,Instagram,DcW3Hj2BxLu,Argentino,48592,2137,150
2026-08-24 19:35,Instagram,DcWSoN5jmVp,Argentino,,3,303
2026-08-24 19:35,Instagram,DcbVIiKvYV7,Kaka,21533,1057,94
2026-08-24 19:35,Instagram,DcZZpSKptrg,Kaka,19188,982,94
2026-08-24 19:35,Instagram,DcXJg-nCaKv,Kaka,,843,89
2026-08-24 19:35,Instagram,DcWLwxcvyp-,Kaka,51899,2246,146
2026-08-24 19:35,Instagram,DcTn6-BvYwa,Kaka,56229,2052,109
2026-08-25 11:10,YouTube,D_UwyI4vBls,Russin Oficial,3816,291,
2026-08-25 11:10,YouTube,0GVzwMr3icI,Kaka,10778,958,
2026-08-25 11:10,YouTube,GdRXiWNFiWs,Kysha e Mine,20056,872,
2026-08-25 11:10,YouTube,tc-xByKI_fw,Kysha e Mine,29764,2513,
2026-08-25 11:10,YouTube,j4ciN_F9hEM,Evy Baddie,69587,2496,
2026-08-25 11:10,YouTube,bpd0lUFSfNY,Russin Oficial,5725,277,
2026-08-25 11:10,YouTube,5EbVaUJvOSA,Kaka,5715,613,
2026-08-25 11:10,Instagram,DcMh5X7FTzj,Evy Baddie,,1817,231
2026-08-25 11:10,Instagram,DcMdSwhO-_v,Kysha,41344,3,555
2026-08-25 11:10,YouTube,R-De0jl7e7c,Kysha e Mine,37534,2066,
2026-08-25 11:10,YouTube,5sjlQdlMzkk,Kysha e Mine,23622,2764,
2026-08-25 11:10,YouTube,irM9rw5_2js,Evy Baddie,45940,2445,
2026-08-25 11:10,YouTube,hULA9Gwklw0,Evy Baddie,72744,3200,
2026-08-25 11:10,YouTube,RW71PfE7tKA,Evy Baddie,12988,1748,
2026-08-25 11:10,YouTube,t3PpfkhrBVU,Fidelisx,41318,2405,
2026-08-25 11:10,YouTube,WQFB_TWkcsE,Fidelisx,35477,2141,
2026-08-25 11:10,YouTube,Zs9rkq9yyRU,Russin Oficial,5410,602,
2026-08-25 11:10,YouTube,LKwWE09nYBg,Russin Oficial,2754,228,
2026-08-25 11:10,YouTube,WRb3QZu3F5s,Kaka,7352,607,
2026-08-25 11:10,YouTube,1sNkSJpzgbg,Casa Saturno,13957,1209,
2026-08-25 11:10,Instagram,DcMz8kNuIcK,Kysha,56589,1956,98
2026-08-25 11:10,Instagram,DcPNR0AJIdq,Russin Oficial,19369,852,22
2026-08-25 11:10,YouTube,l1AQvYqrmaE,Kysha e Mine,86023,3285,
2026-08-25 11:10,YouTube,Q5y5Lb-PmJ0,Evy Baddie,18369,1619,
2026-08-25 11:10,YouTube,YsYkBcCZbLU,Russin Oficial,2718,282,
2026-08-25 11:10,YouTube,SN3Ef-TYros,Kaka,1353,139,
2026-08-25 11:10,YouTube,pMrq2vK1kLU,Casa Saturno,30094,1813,
2026-08-25 11:10,YouTube,Cx_YAbgsbmY,Casa Saturno,25889,1745,
2026-08-25 11:10,YouTube,d3sJ7k9wcXk,Kysha e Mine,60049,3815,
2026-08-25 11:10,YouTube,CMiEC40mBeM,Kysha e Mine,26419,2262,
2026-08-25 11:10,YouTube,yDeVJLDLG3Y,Evy Baddie,13876,1465,
2026-08-25 11:10,YouTube,8gK38rZRz0I,Fidelisx,32686,2894,
2026-08-25 11:10,YouTube,f_mR4FP6l8I,Fidelisx,41954,3235,
2026-08-25 11:10,YouTube,MLzJzWReacY,Fidelisx,40541,2507,
2026-08-25 11:10,YouTube,4hDfPdKck7A,Russin Oficial,3930,416,
2026-08-25 11:10,YouTube,ysyTnRdodBs,Kaka,63112,2430,
2026-08-25 11:10,Instagram,DcTfecrkcPT,Mine,,14256,618
2026-08-25 11:10,Instagram,DcRCb1ixbFe,Fidelisx,133797,9284,628
2026-08-25 11:10,Instagram,DcSLZrPxpVf,Russin Oficial,39067,679,38
2026-08-25 11:10,YouTube,t_jdIB5OSoA,Kysha e Mine,34304,2905,
2026-08-25 11:10,YouTube,FWkLX2QT8hg,Kysha e Mine,33577,1685,
2026-08-25 11:10,YouTube,VXL6umjevME,Kysha e Mine,20478,2125,
2026-08-25 11:10,YouTube,pSyxntrd6Kw,Evy Baddie,16372,2356,
2026-08-25 11:10,YouTube,7a34w_JZC50,Fidelisx,48368,3502,
2026-08-25 11:10,YouTube,0h_uvIV_OeQ,Argentino,23508,2043,
2026-08-25 11:10,YouTube,h0wdJodkxp0,Kaka,17196,1044,
2026-08-25 11:10,YouTube,c-NrsJOz4Is,Casa Saturno,9347,1239,
2026-08-25 11:10,YouTube,PjUMuqZ3JcY,Casa Saturno,23517,1667,
2026-08-25 11:10,YouTube,4IDQfjXEKzk,Kysha e Mine,17759,1144,
2026-08-25 11:10,YouTube,tQRNJ-6PmUA,Kysha e Mine,15500,1962,
2026-08-25 11:10,YouTube,AEDokCyqMPU,Kysha e Mine,14379,1302,
2026-08-25 11:10,YouTube,4jd32o2JDOE,Kysha e Mine,27143,2097,
2026-08-25 11:10,YouTube,tCquVvbTr3I,Kysha e Mine,7200,471,
2026-08-25 11:10,YouTube,PD1O6Pm0iis,Evy Baddie,1504,268,
2026-08-25 11:10,YouTube,g_2fa3oF5q8,Evy Baddie,41271,2178,
2026-08-25 11:10,YouTube,cqsNqya7NnQ,Evy Baddie,11440,1314,
2026-08-25 11:10,YouTube,vgk2Vdd3Vo4,Evy Baddie,15432,1320,
2026-08-25 11:10,YouTube,IhfWI_hGVhY,Evy Baddie,8123,1115,
2026-08-25 11:10,YouTube,sWFR3hUX9Vo,Evy Baddie,10198,1705,
2026-08-25 11:10,YouTube,JRKbm6DNDBc,Evy Baddie,12176,1224,
2026-08-25 11:10,YouTube,UYBF5K0JzZE,Evy Baddie,38715,1798,
2026-08-25 11:10,YouTube,IdBG1XK7zcA,Fidelisx,15207,1504,
2026-08-25 11:10,YouTube,KTVnEDyZ3JY,Fidelisx,130094,4386,
2026-08-25 11:10,YouTube,_ob851xlbeM,Fidelisx,13526,1682,
2026-08-25 11:10,YouTube,eIgCzvDIsp0,Fidelisx,16685,1643,
2026-08-25 11:10,YouTube,gPphP3VXInc,Fidelisx,37973,3379,
2026-08-25 11:10,YouTube,mEwxV5y-R8Q,Fidelisx,41813,3250,
2026-08-25 11:10,YouTube,z0xa51mXDE4,Fidelisx,109573,4198,
2026-08-25 11:10,YouTube,iObferxf3bk,Fidelisx,39604,2548,
2026-08-25 11:10,YouTube,WA0HFVnf8s8,Russin Oficial,1473,163,
2026-08-25 11:10,YouTube,9MBwJHE2BIs,Russin Oficial,4951,253,
2026-08-25 11:10,YouTube,BiB-gLES5Vs,Russin Oficial,3307,306,
2026-08-25 11:10,YouTube,eo99t72hRmw,Russin Oficial,1190,76,
2026-08-25 11:10,YouTube,gx2YBLabBbQ,Russin Oficial,4010,612,
2026-08-25 11:10,YouTube,UhljzQ9ePP0,Russin Oficial,25003,618,
2026-08-25 11:10,YouTube,o0mGIogpV68,Russin Oficial,3861,371,
2026-08-25 11:10,YouTube,2NjNEiAFfyM,Argentino,21913,2955,
2026-08-25 11:10,YouTube,hwA-61D4Ib8,Argentino,75571,4651,
2026-08-25 11:10,YouTube,hy5AN2qbpKU,Kaka,,140,
2026-08-25 11:10,YouTube,f2Sq58kgIjw,Kaka,7594,973,
2026-08-25 11:10,YouTube,BIxrB6Bf_dU,Kaka,1969,206,
2026-08-25 11:10,YouTube,mGp8E78Rb-M,Kaka,65112,1856,
2026-08-25 11:10,YouTube,Ft-w6kkTLE4,Kaka,20432,1574,
2026-08-25 11:10,YouTube,peCX2piv3B8,Casa Saturno,12460,1405,
2026-08-25 11:10,YouTube,a3_EMP66jDc,Casa Saturno,5984,765,
2026-08-25 11:10,YouTube,ER7A-9nXmgA,Casa Saturno,40628,1628,
2026-08-25 11:10,YouTube,uXRtT1QDYlo,Casa Saturno,8771,1269,
2026-08-25 11:10,YouTube,-TYXfioBzi0,Casa Saturno,8320,1033,
2026-08-25 11:10,YouTube,fypv-yKV5f4,Casa Saturno,15855,1656,
2026-08-25 11:10,YouTube,Ad12d3XS76U,Casa Saturno,32742,1766,
2026-08-25 11:10,YouTube,TLLDnhdo_Q8,Casa Saturno,22336,1366,
2026-08-25 11:10,YouTube,ZS59XOKjJ0w,Casa Saturno,14963,1070,
2026-08-25 11:10,Instagram,DcbJSX2Of1I,Kysha e Mine,19302,1455,45
2026-08-25 11:10,Instagram,DcbHq59EUnO,Kysha e Mine,48912,950,40
2026-08-25 11:10,Instagram,DcZgGW3uR8T,Kysha e Mine,45722,2171,82
2026-08-25 11:10,Instagram,DcZHiyou9bf,Kysha e Mine,33777,1220,23
2026-08-25 11:10,Instagram,DcRhWNLPV-U,Kysha e Mine,,1504,48
2026-08-25 11:10,Instagram,DcUJ-5MjA3Q,Kysha e Mine,36030,2738,136
2026-08-25 11:10,Instagram,Dcbck79pQdG,Casa Saturno,,3535,710
2026-08-25 11:10,Instagram,Dcb-QhHJKH5,Casa Saturno,37485,1492,112
2026-08-25 11:10,Instagram,Dcbgx6ulfi2,Casa Saturno,10754,844,44
2026-08-25 11:10,Instagram,DcbJSX2Of1I,Casa Saturno,19302,1455,45
2026-08-25 11:10,Instagram,Dcbck79pQdG,Evy Baddie,,3536,710
2026-08-25 11:10,Instagram,DcW1A3DhXjI,Evy Baddie,97524,2089,198
2026-08-25 11:10,Instagram,DcWM4Qfpi0a,Evy Baddie,50305,1727,133
2026-08-25 11:10,Instagram,DcUa1dxkX9e,Evy Baddie,,15728,411
2026-08-25 11:10,Instagram,DcWLwxcvyp-,Mine,53061,2297,147
2026-08-25 11:10,Instagram,DcbWAIike5q,Fidelisx,,2799,2051
2026-08-25 11:10,Instagram,DcW8ZyqR0WT,Fidelisx,135127,6095,346
2026-08-25 11:10,Instagram,DcUa1dxkX9e,Fidelisx,,15728,411
2026-08-25 11:10,Instagram,DcWMPr_xfLT,Russin Oficial,49244,1123,119
2026-08-25 11:10,Instagram,DccAKmpJsaV,Argentino,26275,2052,183
2026-08-25 11:10,Instagram,DcbaJamji-z,Argentino,,3,403
2026-08-25 11:10,Instagram,DcZKKjuxvh6,Argentino,53361,1894,151
2026-08-25 11:10,Instagram,DcW3Hj2BxLu,Argentino,49188,2178,150
2026-08-25 11:10,Instagram,DcbVIiKvYV7,Kaka,27308,1325,107
2026-08-25 11:10,Instagram,DcZZpSKptrg,Kaka,23276,1142,96
2026-08-25 11:10,Instagram,DcXJg-nCaKv,Kaka,,856,89
2026-08-25 11:10,Instagram,DcWLwxcvyp-,Kaka,53062,2297,147
2026-08-25 11:10,Instagram,DcTn6-BvYwa,Kaka,56660,2066,109
2026-08-25 11:10,YouTube,N99AibqusuA,Fidelisx,5206,645,
2026-08-25 11:10,YouTube,nihxd0T6MNc,Casa Saturno,713,104,
2026-08-25 11:10,Instagram,DcdtSPXDFDn,Casa Saturno,2493,178,23
2026-08-25 11:10,Instagram,DccKYslp41r,Casa Saturno,,513,177
2026-08-25 11:10,Instagram,DccKYslp41r,Russin Oficial,,513,177
2026-08-25 19:20,YouTube,D_UwyI4vBls,Russin Oficial,3836,291,
2026-08-25 19:20,Instagram,DcL4deSPcOl,Kaka,24709,2461,204
2026-08-25 19:20,YouTube,0GVzwMr3icI,Kaka,10912,970,
2026-08-25 19:20,YouTube,bpd0lUFSfNY,Russin Oficial,5746,280,
2026-08-25 19:20,YouTube,5EbVaUJvOSA,Kaka,5827,625,
2026-08-25 19:20,Instagram,DcMh5X7FTzj,Evy Baddie,,1830,232
2026-08-25 19:20,Instagram,DcMdSwhO-_v,Kysha,41773,3,558
2026-08-25 19:20,YouTube,R-De0jl7e7c,Kysha e Mine,38221,2093,
2026-08-25 19:20,YouTube,irM9rw5_2js,Evy Baddie,47348,2507,
2026-08-25 19:20,YouTube,hULA9Gwklw0,Evy Baddie,74040,3251,
2026-08-25 19:20,YouTube,Zs9rkq9yyRU,Russin Oficial,5423,603,
2026-08-25 19:20,YouTube,LKwWE09nYBg,Russin Oficial,2759,228,
2026-08-25 19:20,YouTube,WRb3QZu3F5s,Kaka,7515,619,
2026-08-25 19:20,Instagram,DcMz8kNuIcK,Kysha,56976,1983,98
2026-08-25 19:20,Instagram,DcPNR0AJIdq,Russin Oficial,19505,854,22
2026-08-25 19:20,Instagram,DcPGpVbJLNz,Kaka,8085,881,47
2026-08-25 19:20,Instagram,DcOdLWgPBY_,Kaka,15228,1143,72
2026-08-25 19:20,YouTube,l1AQvYqrmaE,Kysha e Mine,87163,3348,
2026-08-25 19:20,YouTube,Q5y5Lb-PmJ0,Evy Baddie,18586,1630,
2026-08-25 19:20,YouTube,YsYkBcCZbLU,Russin Oficial,2731,282,
2026-08-25 19:20,YouTube,SN3Ef-TYros,Kaka,1425,143,
2026-08-25 19:20,YouTube,d3sJ7k9wcXk,Kysha e Mine,61518,3870,
2026-08-25 19:20,YouTube,CMiEC40mBeM,Kysha e Mine,27297,2320,
2026-08-25 19:20,YouTube,yDeVJLDLG3Y,Evy Baddie,14183,1486,
2026-08-25 19:20,YouTube,8gK38rZRz0I,Fidelisx,33937,2965,
2026-08-25 19:20,YouTube,f_mR4FP6l8I,Fidelisx,42604,3262,
2026-08-25 19:20,YouTube,MLzJzWReacY,Fidelisx,42024,2532,
2026-08-25 19:20,YouTube,4hDfPdKck7A,Russin Oficial,3947,416,
2026-08-25 19:20,YouTube,ysyTnRdodBs,Kaka,64304,2472,
2026-08-25 19:20,Instagram,DcTfecrkcPT,Mine,,14399,623
2026-08-25 19:20,Instagram,DcRCb1ixbFe,Fidelisx,134448,9323,628
2026-08-25 19:20,Instagram,DcSLZrPxpVf,Russin Oficial,39426,707,38
2026-08-25 19:20,Instagram,DcRGSKSvw1h,Kaka,25638,1328,33
2026-08-25 19:20,YouTube,t_jdIB5OSoA,Kysha e Mine,35323,2965,
2026-08-25 19:20,YouTube,FWkLX2QT8hg,Kysha e Mine,34588,1708,
2026-08-25 19:20,YouTube,VXL6umjevME,Kysha e Mine,21355,2188,
2026-08-25 19:20,YouTube,pSyxntrd6Kw,Evy Baddie,16569,2383,
2026-08-25 19:20,YouTube,7a34w_JZC50,Fidelisx,49696,3570,
2026-08-25 19:20,YouTube,0h_uvIV_OeQ,Argentino,24214,2081,
2026-08-25 19:20,YouTube,h0wdJodkxp0,Kaka,17607,1079,
2026-08-25 19:20,YouTube,c-NrsJOz4Is,Casa Saturno,9759,1262,
2026-08-25 19:20,YouTube,4IDQfjXEKzk,Kysha e Mine,23404,1346,
2026-08-25 19:20,YouTube,tQRNJ-6PmUA,Kysha e Mine,19238,2289,
2026-08-25 19:20,YouTube,AEDokCyqMPU,Kysha e Mine,15841,1409,
2026-08-25 19:20,YouTube,4jd32o2JDOE,Kysha e Mine,28890,2183,
2026-08-25 19:20,YouTube,tCquVvbTr3I,Kysha e Mine,8002,479,
2026-08-25 19:20,YouTube,PD1O6Pm0iis,Evy Baddie,2048,315,
2026-08-25 19:20,YouTube,g_2fa3oF5q8,Evy Baddie,42782,2330,
2026-08-25 19:20,YouTube,cqsNqya7NnQ,Evy Baddie,12339,1418,
2026-08-25 19:20,YouTube,vgk2Vdd3Vo4,Evy Baddie,15903,1383,
2026-08-25 19:20,YouTube,IhfWI_hGVhY,Evy Baddie,8555,1180,
2026-08-25 19:20,YouTube,sWFR3hUX9Vo,Evy Baddie,10710,1794,
2026-08-25 19:20,YouTube,JRKbm6DNDBc,Evy Baddie,12373,1244,
2026-08-25 19:20,YouTube,UYBF5K0JzZE,Evy Baddie,38985,1809,
2026-08-25 19:20,YouTube,IdBG1XK7zcA,Fidelisx,18495,1689,
2026-08-25 19:20,YouTube,KTVnEDyZ3JY,Fidelisx,155167,4957,
2026-08-25 19:20,YouTube,_ob851xlbeM,Fidelisx,15032,1773,
2026-08-25 19:20,YouTube,eIgCzvDIsp0,Fidelisx,17737,1700,
2026-08-25 19:20,YouTube,gPphP3VXInc,Fidelisx,39416,3470,
2026-08-25 19:20,YouTube,mEwxV5y-R8Q,Fidelisx,43452,3341,
2026-08-25 19:20,YouTube,z0xa51mXDE4,Fidelisx,112948,4311,
2026-08-25 19:20,YouTube,iObferxf3bk,Fidelisx,40483,2573,
2026-08-25 19:20,YouTube,WA0HFVnf8s8,Russin Oficial,1793,236,
2026-08-25 19:20,YouTube,9MBwJHE2BIs,Russin Oficial,6117,323,
2026-08-25 19:20,YouTube,BiB-gLES5Vs,Russin Oficial,4130,360,
2026-08-25 19:20,YouTube,eo99t72hRmw,Russin Oficial,1302,114,
2026-08-25 19:20,YouTube,gx2YBLabBbQ,Russin Oficial,4270,665,
2026-08-25 19:20,YouTube,UhljzQ9ePP0,Russin Oficial,25479,644,
2026-08-25 19:20,YouTube,o0mGIogpV68,Russin Oficial,3990,387,
2026-08-25 19:20,YouTube,2NjNEiAFfyM,Argentino,31743,3530,
2026-08-25 19:20,YouTube,hwA-61D4Ib8,Argentino,79132,4845,
2026-08-25 19:20,YouTube,hy5AN2qbpKU,Kaka,2699,876,
2026-08-25 19:20,YouTube,f2Sq58kgIjw,Kaka,10330,1161,
2026-08-25 19:20,YouTube,BIxrB6Bf_dU,Kaka,2386,252,
2026-08-25 19:20,YouTube,mGp8E78Rb-M,Kaka,66504,1921,
2026-08-25 19:20,YouTube,Ft-w6kkTLE4,Kaka,21003,1619,
2026-08-25 19:20,YouTube,peCX2piv3B8,Casa Saturno,22622,1985,
2026-08-25 19:20,YouTube,a3_EMP66jDc,Casa Saturno,7321,849,
2026-08-25 19:20,YouTube,ER7A-9nXmgA,Casa Saturno,44893,1736,
2026-08-25 19:20,YouTube,uXRtT1QDYlo,Casa Saturno,10514,1467,
2026-08-25 19:20,YouTube,-TYXfioBzi0,Casa Saturno,9027,1073,
2026-08-25 19:20,YouTube,fypv-yKV5f4,Casa Saturno,16631,1699,
2026-08-25 19:20,YouTube,Ad12d3XS76U,Casa Saturno,35049,1830,
2026-08-25 19:20,YouTube,TLLDnhdo_Q8,Casa Saturno,23182,1387,
2026-08-25 19:20,YouTube,ZS59XOKjJ0w,Casa Saturno,15676,1100,
2026-08-25 19:20,Instagram,DcbJSX2Of1I,Kysha e Mine,20504,1551,48
2026-08-25 19:20,Instagram,DcbHq59EUnO,Kysha e Mine,51586,1040,44
2026-08-25 19:20,Instagram,DcZgGW3uR8T,Kysha e Mine,46677,2222,82
2026-08-25 19:20,Instagram,DcZHiyou9bf,Kysha e Mine,34308,1236,24
2026-08-25 19:20,Instagram,DcRhWNLPV-U,Kysha e Mine,,1549,49
2026-08-25 19:20,Instagram,DcUJ-5MjA3Q,Kysha e Mine,36471,2776,138
2026-08-25 19:20,Instagram,Dcbck79pQdG,Casa Saturno,,4030,803
2026-08-25 19:20,Instagram,Dcb-QhHJKH5,Casa Saturno,46819,1673,116
2026-08-25 19:20,Instagram,DcbJSX2Of1I,Casa Saturno,20504,1551,48
2026-08-25 19:20,Instagram,Dcbck79pQdG,Evy Baddie,,4030,803
2026-08-25 19:20,Instagram,DcW1A3DhXjI,Evy Baddie,98051,2125,204
2026-08-25 19:20,Instagram,DcWM4Qfpi0a,Evy Baddie,50802,1764,134
2026-08-25 19:20,Instagram,DcUa1dxkX9e,Evy Baddie,,15921,410
2026-08-25 19:20,Instagram,DcWLwxcvyp-,Mine,53934,2344,147
2026-08-25 19:20,Instagram,DcbWAIike5q,Fidelisx,,2989,2056
2026-08-25 19:20,Instagram,DcW8ZyqR0WT,Fidelisx,136292,6186,350
2026-08-25 19:20,Instagram,DcUa1dxkX9e,Fidelisx,,15921,410
2026-08-25 19:20,Instagram,DcWMPr_xfLT,Russin Oficial,49667,1127,119
2026-08-25 19:20,Instagram,DccAKmpJsaV,Argentino,29703,2307,192
2026-08-25 19:20,Instagram,DcbaJamji-z,Argentino,,3,410
2026-08-25 19:20,Instagram,DcZKKjuxvh6,Argentino,54016,1931,157
2026-08-25 19:20,Instagram,DcW3Hj2BxLu,Argentino,49678,2211,154
2026-08-25 19:20,Instagram,DcWSoN5jmVp,Argentino,,3,304
2026-08-25 19:20,Instagram,DcbVIiKvYV7,Kaka,29159,1428,110
2026-08-25 19:20,Instagram,DcZZpSKptrg,Kaka,25333,1219,99
2026-08-25 19:20,Instagram,DcXJg-nCaKv,Kaka,,876,90
2026-08-25 19:20,Instagram,DcWLwxcvyp-,Kaka,53934,2344,147
2026-08-25 19:20,Instagram,DcTn6-BvYwa,Kaka,57004,2079,109
2026-08-25 19:20,YouTube,N99AibqusuA,Fidelisx,16266,1518,
2026-08-25 19:20,YouTube,nihxd0T6MNc,Casa Saturno,14352,1157,
2026-08-25 19:20,Instagram,DcdtSPXDFDn,Casa Saturno,13435,551,38
2026-08-25 19:20,Instagram,DccKYslp41r,Casa Saturno,,611,182
2026-08-25 19:20,Instagram,DccKYslp41r,Russin Oficial,,611,182
2026-08-25 19:20,YouTube,jXpLIvY1NQo,Kysha e Mine,1853,425,
2026-08-25 19:20,YouTube,HxSP8BCH4F4,Kysha e Mine,986,251,
2026-08-25 19:20,YouTube,UzUnGJlq10E,Kysha e Mine,4094,677,
2026-08-25 19:20,YouTube,Ex0xSU097sc,Evy Baddie,2380,347,
2026-08-25 19:20,YouTube,4Eean6gPnyQ,Evy Baddie,3559,717,
2026-08-25 19:20,YouTube,OrCxVMRvz88,Fidelisx,2773,471,
2026-08-25 19:20,YouTube,GM2__GDzkCw,Fidelisx,17551,1521,
2026-08-25 19:20,YouTube,oH02-pD6SQk,Russin Oficial,1125,140,
2026-08-25 19:20,YouTube,wxGoAlkLHYY,Russin Oficial,,68,
2026-08-25 19:20,YouTube,gPsrRLJj1E0,Argentino,14211,1942,
2026-08-25 19:20,YouTube,A2_dPg-9fEg,Kaka,1403,321,
2026-08-25 19:20,YouTube,gPGtDGvnGTo,Casa Saturno,2693,462,
2026-08-25 19:20,YouTube,ex4gOXs2ha0,Casa Saturno,746,212,
2026-08-25 19:20,YouTube,e52NSS2vA_Q,Casa Saturno,864,225,
2026-08-25 19:20,YouTube,hmSYpyJ9r_0,Casa Saturno,1890,384,
2026-08-25 19:20,Instagram,DcejujDs9n_,Kysha e Mine,21106,771,70
2026-08-25 19:20,Instagram,DcekmbflaEp,Evy Baddie,,483,179
2026-08-25 19:20,Instagram,DcemnVtpBzs,Casa Saturno,3907,270,283
2026-08-25 19:20,Instagram,DcekmbflaEp,Casa Saturno,,484,179
2026-08-25 19:20,Instagram,DcejujDs9n_,Casa Saturno,21106,771,70
2026-08-25 19:20,Instagram,DcejUvVJHci,Casa Saturno,3227,266,51
2026-08-25 19:20,Instagram,DcejbL7JcJq,Casa Saturno,12342,800,72
2026-08-25 19:20,Instagram,Dceb8m1AXQm,Casa Saturno,4076,359,18
2026-08-25 19:20,Instagram,DcemnVtpBzs,Russin Oficial,3907,270,283
2026-08-25 19:20,Instagram,DcejmtrFlc2,Argentino,,3,104
2026-08-25 19:20,Instagram,Dcd_AWFOM13,Argentino,29677,2109,282
2026-08-25 19:20,Instagram,DcUVcpXsaMB,Argentino,94672,6660,706
2026-08-25 19:20,Instagram,DcejUvVJHci,Kaka,3238,266,51
2026-08-25 19:20,Instagram,DcejbL7JcJq,Kaka,12342,802,72
2026-08-25 19:20,Instagram,Dcd77IEvCOD,Kaka,11777,899,104
2026-08-26 11:10,YouTube,R-De0jl7e7c,Kysha e Mine,39241,2109,
2026-08-26 11:10,YouTube,irM9rw5_2js,Evy Baddie,49012,2544,
2026-08-26 11:10,YouTube,hULA9Gwklw0,Evy Baddie,76002,3319,
2026-08-26 11:10,YouTube,Zs9rkq9yyRU,Russin Oficial,5456,607,
2026-08-26 11:10,YouTube,WRb3QZu3F5s,Kaka,7715,623,
2026-08-26 11:10,Instagram,DcPNR0AJIdq,Russin Oficial,19663,858,22
2026-08-26 11:10,Instagram,DcPGpVbJLNz,Kaka,8212,895,47
2026-08-26 11:10,Instagram,DcOdLWgPBY_,Kaka,15393,1154,72
2026-08-26 11:10,YouTube,l1AQvYqrmaE,Kysha e Mine,88842,3385,
2026-08-26 11:10,YouTube,Q5y5Lb-PmJ0,Evy Baddie,18847,1646,
2026-08-26 11:10,YouTube,YsYkBcCZbLU,Russin Oficial,2757,282,
2026-08-26 11:10,YouTube,SN3Ef-TYros,Kaka,1512,145,
2026-08-26 11:10,YouTube,d3sJ7k9wcXk,Kysha e Mine,63470,3944,
2026-08-26 11:10,YouTube,CMiEC40mBeM,Kysha e Mine,28513,2366,
2026-08-26 11:10,YouTube,yDeVJLDLG3Y,Evy Baddie,14470,1502,
2026-08-26 11:10,YouTube,8gK38rZRz0I,Fidelisx,35262,3018,
2026-08-26 11:10,YouTube,f_mR4FP6l8I,Fidelisx,43279,3291,
2026-08-26 11:10,YouTube,MLzJzWReacY,Fidelisx,43034,2554,
2026-08-26 11:10,YouTube,4hDfPdKck7A,Russin Oficial,3976,418,
2026-08-26 11:10,YouTube,ysyTnRdodBs,Kaka,66014,2524,
2026-08-26 11:10,Instagram,DcTfecrkcPT,Mine,,14582,627
2026-08-26 11:10,Instagram,DcRCb1ixbFe,Fidelisx,134956,9356,628
2026-08-26 11:10,Instagram,DcSLZrPxpVf,Russin Oficial,39833,716,38
2026-08-26 11:10,Instagram,DcRGSKSvw1h,Kaka,25822,1340,33
2026-08-26 11:10,YouTube,t_jdIB5OSoA,Kysha e Mine,36491,3012,
2026-08-26 11:10,YouTube,FWkLX2QT8hg,Kysha e Mine,35830,1738,
2026-08-26 11:10,YouTube,VXL6umjevME,Kysha e Mine,22474,2230,
2026-08-26 11:10,YouTube,pSyxntrd6Kw,Evy Baddie,16917,2418,
2026-08-26 11:10,YouTube,7a34w_JZC50,Fidelisx,51661,3631,
2026-08-26 11:10,YouTube,0h_uvIV_OeQ,Argentino,24962,2108,
2026-08-26 11:10,YouTube,h0wdJodkxp0,Kaka,18066,1103,
2026-08-26 11:10,YouTube,4IDQfjXEKzk,Kysha e Mine,27658,1448,
2026-08-26 11:10,YouTube,tQRNJ-6PmUA,Kysha e Mine,22208,2440,
2026-08-26 11:10,YouTube,AEDokCyqMPU,Kysha e Mine,17621,1479,
2026-08-26 11:10,YouTube,4jd32o2JDOE,Kysha e Mine,30763,2243,
2026-08-26 11:10,YouTube,tCquVvbTr3I,Kysha e Mine,8707,495,
2026-08-26 11:10,YouTube,PD1O6Pm0iis,Evy Baddie,2485,350,
2026-08-26 11:10,YouTube,g_2fa3oF5q8,Evy Baddie,46109,2412,
2026-08-26 11:10,YouTube,cqsNqya7NnQ,Evy Baddie,13261,1468,
2026-08-26 11:10,YouTube,vgk2Vdd3Vo4,Evy Baddie,16666,1422,
2026-08-26 11:10,YouTube,IhfWI_hGVhY,Evy Baddie,9190,1228,
2026-08-26 11:10,YouTube,sWFR3hUX9Vo,Evy Baddie,11525,1868,
2026-08-26 11:10,YouTube,JRKbm6DNDBc,Evy Baddie,12616,1260,
2026-08-26 11:10,YouTube,UYBF5K0JzZE,Evy Baddie,39399,1825,
2026-08-26 11:10,YouTube,IdBG1XK7zcA,Fidelisx,20726,1768,
2026-08-26 11:10,YouTube,KTVnEDyZ3JY,Fidelisx,171454,5212,
2026-08-26 11:10,YouTube,_ob851xlbeM,Fidelisx,16443,1821,
2026-08-26 11:10,YouTube,eIgCzvDIsp0,Fidelisx,18944,1731,
2026-08-26 11:10,YouTube,gPphP3VXInc,Fidelisx,40895,3519,
2026-08-26 11:10,YouTube,mEwxV5y-R8Q,Fidelisx,45095,3411,
2026-08-26 11:10,YouTube,z0xa51mXDE4,Fidelisx,116192,4367,
2026-08-26 11:10,YouTube,iObferxf3bk,Fidelisx,41356,2594,
2026-08-26 11:10,YouTube,WA0HFVnf8s8,Russin Oficial,2174,286,
2026-08-26 11:10,YouTube,9MBwJHE2BIs,Russin Oficial,6843,361,
2026-08-26 11:10,YouTube,BiB-gLES5Vs,Russin Oficial,4880,411,
2026-08-26 11:10,YouTube,eo99t72hRmw,Russin Oficial,1444,137,
2026-08-26 11:10,YouTube,gx2YBLabBbQ,Russin Oficial,4753,724,
2026-08-26 11:10,YouTube,UhljzQ9ePP0,Russin Oficial,26226,669,
2026-08-26 11:10,YouTube,o0mGIogpV68,Russin Oficial,4101,395,
2026-08-26 11:10,YouTube,2NjNEiAFfyM,Argentino,40646,3795,
2026-08-26 11:10,YouTube,hwA-61D4Ib8,Argentino,83051,4981,
2026-08-26 11:10,YouTube,hy5AN2qbpKU,Kaka,8381,1474,
2026-08-26 11:10,YouTube,f2Sq58kgIjw,Kaka,13038,1294,
2026-08-26 11:10,YouTube,BIxrB6Bf_dU,Kaka,3068,284,
2026-08-26 11:10,YouTube,mGp8E78Rb-M,Kaka,67874,1966,
2026-08-26 11:10,YouTube,Ft-w6kkTLE4,Kaka,21695,1654,
2026-08-26 11:10,YouTube,peCX2piv3B8,Casa Saturno,26844,2122,
2026-08-26 11:10,YouTube,a3_EMP66jDc,Casa Saturno,8171,890,
2026-08-26 11:10,YouTube,ER7A-9nXmgA,Casa Saturno,47418,1786,
2026-08-26 11:10,YouTube,uXRtT1QDYlo,Casa Saturno,11909,1594,
2026-08-26 11:10,YouTube,-TYXfioBzi0,Casa Saturno,9624,1117,
2026-08-26 11:10,YouTube,fypv-yKV5f4,Casa Saturno,17507,1736,
2026-08-26 11:10,YouTube,Ad12d3XS76U,Casa Saturno,37126,1883,
2026-08-26 11:10,Instagram,DcbJSX2Of1I,Kysha e Mine,21461,1598,49
2026-08-26 11:10,Instagram,DcbHq59EUnO,Kysha e Mine,53416,1095,45
2026-08-26 11:10,Instagram,DcZgGW3uR8T,Kysha e Mine,47337,2250,83
2026-08-26 11:10,Instagram,DcZHiyou9bf,Kysha e Mine,34772,1245,24
2026-08-26 11:10,Instagram,DcRhWNLPV-U,Kysha e Mine,,1580,49
2026-08-26 11:10,Instagram,DcUJ-5MjA3Q,Kysha e Mine,36941,2807,139
2026-08-26 11:10,Instagram,Dcbck79pQdG,Evy Baddie,,4268,816
2026-08-26 11:10,Instagram,DcW1A3DhXjI,Evy Baddie,98442,2145,204
2026-08-26 11:10,Instagram,DcWM4Qfpi0a,Evy Baddie,51147,1793,135
2026-08-26 11:10,Instagram,DcUa1dxkX9e,Evy Baddie,,16087,410
2026-08-26 11:10,Instagram,DcWLwxcvyp-,Mine,54800,2387,147
2026-08-26 11:10,Instagram,DcbWAIike5q,Fidelisx,,3104,2059
2026-08-26 11:10,Instagram,DcW8ZyqR0WT,Fidelisx,137313,6270,354
2026-08-26 11:10,Instagram,DcUa1dxkX9e,Fidelisx,,16087,410
2026-08-26 11:10,Instagram,DcWMPr_xfLT,Russin Oficial,50054,1137,119
2026-08-26 11:10,Instagram,DccAKmpJsaV,Argentino,31101,2405,201
2026-08-26 11:10,Instagram,DcbaJamji-z,Argentino,,3,412
2026-08-26 11:10,Instagram,DcZKKjuxvh6,Argentino,54502,1962,160
2026-08-26 11:10,Instagram,DcW3Hj2BxLu,Argentino,50077,2231,155
2026-08-26 11:10,Instagram,DcWSoN5jmVp,Argentino,,3,304
2026-08-26 11:10,Instagram,DcbVIiKvYV7,Kaka,29856,1484,111
2026-08-26 11:10,Instagram,DcZZpSKptrg,Kaka,26581,1272,99
2026-08-26 11:10,Instagram,DcXJg-nCaKv,Kaka,,899,97
2026-08-26 11:10,Instagram,DcWLwxcvyp-,Kaka,54800,2387,147
2026-08-26 11:10,Instagram,DcTn6-BvYwa,Kaka,57238,2086,109
2026-08-26 11:10,YouTube,N99AibqusuA,Fidelisx,27161,1977,
2026-08-26 11:10,YouTube,nihxd0T6MNc,Casa Saturno,28285,1547,
2026-08-26 11:10,Instagram,DccKYslp41r,Russin Oficial,,645,183
2026-08-26 11:10,YouTube,jXpLIvY1NQo,Kysha e Mine,12580,1333,
2026-08-26 11:10,YouTube,HxSP8BCH4F4,Kysha e Mine,3666,410,
2026-08-26 11:10,YouTube,UzUnGJlq10E,Kysha e Mine,15928,1196,
2026-08-26 11:10,YouTube,Ex0xSU097sc,Evy Baddie,13647,1087,
2026-08-26 11:10,YouTube,4Eean6gPnyQ,Evy Baddie,8789,1158,
2026-08-26 11:10,YouTube,OrCxVMRvz88,Fidelisx,13559,1380,
2026-08-26 11:10,YouTube,GM2__GDzkCw,Fidelisx,35964,2046,
2026-08-26 11:10,YouTube,oH02-pD6SQk,Russin Oficial,1587,237,
2026-08-26 11:10,YouTube,wxGoAlkLHYY,Russin Oficial,,103,
2026-08-26 11:10,YouTube,gPsrRLJj1E0,Argentino,37001,2890,
2026-08-26 11:10,YouTube,A2_dPg-9fEg,Kaka,2954,436,
2026-08-26 11:10,YouTube,gPGtDGvnGTo,Casa Saturno,11782,966,
2026-08-26 11:10,YouTube,ex4gOXs2ha0,Casa Saturno,3840,673,
2026-08-26 11:10,YouTube,e52NSS2vA_Q,Casa Saturno,3887,727,
2026-08-26 11:10,YouTube,hmSYpyJ9r_0,Casa Saturno,7660,996,
2026-08-26 11:10,Instagram,DcejujDs9n_,Kysha e Mine,54015,1165,85
2026-08-26 11:10,Instagram,DcekmbflaEp,Evy Baddie,,1059,318
2026-08-26 11:10,Instagram,DcemnVtpBzs,Casa Saturno,12303,638,298
2026-08-26 11:10,Instagram,DcekmbflaEp,Casa Saturno,,1059,318
2026-08-26 11:10,Instagram,DcejujDs9n_,Casa Saturno,54025,1165,85
2026-08-26 11:10,Instagram,DcejUvVJHci,Casa Saturno,8261,557,86
2026-08-26 11:10,Instagram,DcejbL7JcJq,Casa Saturno,33222,1611,125
2026-08-26 11:10,Instagram,Dceb8m1AXQm,Casa Saturno,7591,687,20
2026-08-26 11:10,Instagram,DcemnVtpBzs,Russin Oficial,12303,638,298
2026-08-26 11:10,Instagram,DcejmtrFlc2,Argentino,,3,139
2026-08-26 11:10,Instagram,Dcd_AWFOM13,Argentino,41639,2772,307
2026-08-26 11:10,Instagram,DcUVcpXsaMB,Argentino,95430,6717,706
2026-08-26 11:10,Instagram,DcejUvVJHci,Kaka,8264,557,86
2026-08-26 11:10,Instagram,DcejbL7JcJq,Kaka,33229,1612,125
2026-08-26 11:10,Instagram,Dcd77IEvCOD,Kaka,15843,1050,106
2026-08-26 11:10,YouTube,j-UbrSFzMVE,Russin Oficial,1079,139,
2026-08-26 11:10,YouTube,_F989pvMlA0,Kaka,3649,415,
2026-08-26 11:10,YouTube,NKxa5P6rOV0,Casa Saturno,,5,
2026-08-26 11:10,YouTube,8BYjENIwbDo,Casa Saturno,786,101,
2026-08-26 11:10,YouTube,ApzKzV9BW84,Casa Saturno,2653,210,
2026-08-26 11:10,Instagram,Dce4ty2EVNa,Kysha,,3553,332
2026-08-26 11:10,Instagram,DcexkZ9ObaG,Kysha,12268,685,87
2026-08-26 11:10,Instagram,DcgTIFzDSRU,Casa Saturno,190,19,4
2026-08-26 11:10,Instagram,DcgMdrslVSN,Casa Saturno,3020,215,22
2026-08-26 11:10,Instagram,DcgFfJYEy5E,Casa Saturno,7452,367,21
2026-08-26 11:10,Instagram,Dce4ty2EVNa,Casa Saturno,,3554,332
2026-08-26 11:10,Instagram,Dce4ty2EVNa,Mine,,3554,332
2026-08-26 11:10,Instagram,Dce4ty2EVNa,Fidelisx,,3554,332
2026-08-26 11:10,Instagram,Dce4ty2EVNa,Argentino,,3554,332
2026-08-26 19:35,YouTube,Zs9rkq9yyRU,Russin Oficial,5483,610,
2026-08-26 19:35,YouTube,WRb3QZu3F5s,Kaka,7812,627,
2026-08-26 19:35,YouTube,Q5y5Lb-PmJ0,Evy Baddie,19021,1656,
2026-08-26 19:35,YouTube,YsYkBcCZbLU,Russin Oficial,2774,285,
2026-08-26 19:35,YouTube,SN3Ef-TYros,Kaka,1549,147,
2026-08-26 19:35,YouTube,d3sJ7k9wcXk,Kysha e Mine,65004,4003,
2026-08-26 19:35,YouTube,CMiEC40mBeM,Kysha e Mine,29187,2400,
2026-08-26 19:35,YouTube,yDeVJLDLG3Y,Evy Baddie,14713,1524,
2026-08-26 19:35,YouTube,4hDfPdKck7A,Russin Oficial,3993,421,
2026-08-26 19:35,YouTube,ysyTnRdodBs,Kaka,68995,2603,
2026-08-26 19:35,YouTube,t_jdIB5OSoA,Kysha e Mine,37173,3042,
2026-08-26 19:35,YouTube,FWkLX2QT8hg,Kysha e Mine,36518,1754,
2026-08-26 19:35,YouTube,VXL6umjevME,Kysha e Mine,23180,2272,
2026-08-26 19:35,YouTube,pSyxntrd6Kw,Evy Baddie,17180,2454,
2026-08-26 19:35,YouTube,7a34w_JZC50,Fidelisx,52743,3662,
2026-08-26 19:35,YouTube,0h_uvIV_OeQ,Argentino,25482,2115,
2026-08-26 19:35,YouTube,h0wdJodkxp0,Kaka,18215,1109,
2026-08-26 19:35,YouTube,4IDQfjXEKzk,Kysha e Mine,29841,1514,
2026-08-26 19:35,YouTube,tQRNJ-6PmUA,Kysha e Mine,23668,2534,
2026-08-26 19:35,YouTube,AEDokCyqMPU,Kysha e Mine,18637,1549,
2026-08-26 19:35,YouTube,4jd32o2JDOE,Kysha e Mine,31927,2298,
2026-08-26 19:35,YouTube,tCquVvbTr3I,Kysha e Mine,9134,502,
2026-08-26 19:35,YouTube,PD1O6Pm0iis,Evy Baddie,2720,369,
2026-08-26 19:35,YouTube,g_2fa3oF5q8,Evy Baddie,46806,2462,
2026-08-26 19:35,YouTube,cqsNqya7NnQ,Evy Baddie,13644,1504,
2026-08-26 19:35,YouTube,vgk2Vdd3Vo4,Evy Baddie,17080,1447,
2026-08-26 19:35,YouTube,IhfWI_hGVhY,Evy Baddie,9598,1273,
2026-08-26 19:35,YouTube,sWFR3hUX9Vo,Evy Baddie,11920,1916,
2026-08-26 19:35,YouTube,JRKbm6DNDBc,Evy Baddie,12819,1274,
2026-08-26 19:35,YouTube,UYBF5K0JzZE,Evy Baddie,39712,1835,
2026-08-26 19:35,YouTube,IdBG1XK7zcA,Fidelisx,21938,1817,
2026-08-26 19:35,YouTube,KTVnEDyZ3JY,Fidelisx,176217,5327,
2026-08-26 19:35,YouTube,_ob851xlbeM,Fidelisx,17243,1862,
2026-08-26 19:35,YouTube,eIgCzvDIsp0,Fidelisx,19730,1764,
2026-08-26 19:35,YouTube,gPphP3VXInc,Fidelisx,41885,3567,
2026-08-26 19:35,YouTube,mEwxV5y-R8Q,Fidelisx,46416,3471,
2026-08-26 19:35,YouTube,z0xa51mXDE4,Fidelisx,117722,4413,
2026-08-26 19:35,YouTube,iObferxf3bk,Fidelisx,42004,2611,
2026-08-26 19:35,YouTube,WA0HFVnf8s8,Russin Oficial,2433,332,
2026-08-26 19:35,YouTube,9MBwJHE2BIs,Russin Oficial,7050,397,
2026-08-26 19:35,YouTube,BiB-gLES5Vs,Russin Oficial,5555,467,
2026-08-26 19:35,YouTube,eo99t72hRmw,Russin Oficial,1614,178,
2026-08-26 19:35,YouTube,gx2YBLabBbQ,Russin Oficial,5144,782,
2026-08-26 19:35,YouTube,UhljzQ9ePP0,Russin Oficial,26662,686,
2026-08-26 19:35,YouTube,o0mGIogpV68,Russin Oficial,4116,397,
2026-08-26 19:35,YouTube,2NjNEiAFfyM,Argentino,46404,3977,
2026-08-26 19:35,YouTube,hwA-61D4Ib8,Argentino,85646,5097,
2026-08-26 19:35,YouTube,hy5AN2qbpKU,Kaka,11279,1765,
2026-08-26 19:35,YouTube,f2Sq58kgIjw,Kaka,14180,1357,
2026-08-26 19:35,YouTube,BIxrB6Bf_dU,Kaka,3349,305,
2026-08-26 19:35,YouTube,mGp8E78Rb-M,Kaka,68411,1986,
2026-08-26 19:35,YouTube,Ft-w6kkTLE4,Kaka,21956,1672,
2026-08-26 19:35,YouTube,peCX2piv3B8,Casa Saturno,29036,2211,
2026-08-26 19:35,YouTube,a3_EMP66jDc,Casa Saturno,8711,924,
2026-08-26 19:35,YouTube,ER7A-9nXmgA,Casa Saturno,48389,1823,
2026-08-26 19:35,YouTube,uXRtT1QDYlo,Casa Saturno,12734,1736,
2026-08-26 19:35,YouTube,-TYXfioBzi0,Casa Saturno,10078,1152,
2026-08-26 19:35,YouTube,fypv-yKV5f4,Casa Saturno,17933,1768,
2026-08-26 19:35,Instagram,DcbJSX2Of1I,Kysha e Mine,21525,1601,46
2026-08-26 19:35,Instagram,DcbHq59EUnO,Kysha e Mine,54183,1118,46
2026-08-26 19:35,Instagram,DcZgGW3uR8T,Kysha e Mine,46975,2251,83
2026-08-26 19:35,Instagram,DcZHiyou9bf,Kysha e Mine,34750,1247,24
2026-08-26 19:35,Instagram,DcRhWNLPV-U,Kysha e Mine,,1604,49
2026-08-26 19:35,Instagram,DcUJ-5MjA3Q,Kysha e Mine,37351,2848,139
2026-08-26 19:35,Instagram,Dcbck79pQdG,Evy Baddie,,4397,831
2026-08-26 19:35,Instagram,DcW1A3DhXjI,Evy Baddie,98775,2159,204
2026-08-26 19:35,Instagram,DcWM4Qfpi0a,Evy Baddie,51466,1812,135
2026-08-26 19:35,Instagram,DcUa1dxkX9e,Evy Baddie,,16228,411
2026-08-26 19:35,YouTube,N99AibqusuA,Fidelisx,29550,2098,
2026-08-26 19:35,YouTube,nihxd0T6MNc,Casa Saturno,30689,1611,
2026-08-26 19:35,YouTube,jXpLIvY1NQo,Kysha e Mine,16945,1620,
2026-08-26 19:35,YouTube,HxSP8BCH4F4,Kysha e Mine,4861,458,
2026-08-26 19:35,YouTube,UzUnGJlq10E,Kysha e Mine,19406,1312,
2026-08-26 19:35,YouTube,Ex0xSU097sc,Evy Baddie,17577,1367,
2026-08-26 19:35,YouTube,4Eean6gPnyQ,Evy Baddie,10786,1316,
2026-08-26 19:35,YouTube,OrCxVMRvz88,Fidelisx,21819,2052,
2026-08-26 19:35,YouTube,GM2__GDzkCw,Fidelisx,41351,2237,
2026-08-26 19:35,YouTube,oH02-pD6SQk,Russin Oficial,1850,312,
2026-08-26 19:35,YouTube,wxGoAlkLHYY,Russin Oficial,1756,595,
2026-08-26 19:35,YouTube,gPsrRLJj1E0,Argentino,44780,3345,
2026-08-26 19:35,YouTube,A2_dPg-9fEg,Kaka,3296,469,
2026-08-26 19:35,YouTube,gPGtDGvnGTo,Casa Saturno,15660,1122,
2026-08-26 19:35,YouTube,ex4gOXs2ha0,Casa Saturno,6730,1077,
2026-08-26 19:35,YouTube,e52NSS2vA_Q,Casa Saturno,5712,950,
2026-08-26 19:35,YouTube,hmSYpyJ9r_0,Casa Saturno,12928,1448,
2026-08-26 19:35,Instagram,DcejujDs9n_,Kysha e Mine,62959,1259,88
2026-08-26 19:35,Instagram,DcekmbflaEp,Evy Baddie,,1254,339
2026-08-26 19:35,YouTube,j-UbrSFzMVE,Russin Oficial,2068,307,
2026-08-26 19:35,YouTube,_F989pvMlA0,Kaka,5830,683,
2026-08-26 19:35,YouTube,NKxa5P6rOV0,Casa Saturno,7841,681,
2026-08-26 19:35,YouTube,8BYjENIwbDo,Casa Saturno,6109,642,
2026-08-26 19:35,YouTube,ApzKzV9BW84,Casa Saturno,19352,1134,
2026-08-26 19:35,Instagram,Dce4ty2EVNa,Kysha,,4694,371
2026-08-26 19:35,Instagram,DcexkZ9ObaG,Kysha,13921,806,93
2026-08-26 19:35,YouTube,RyTFyLuOE6w,Kysha e Mine,1910,370,
2026-08-26 19:35,YouTube,AMPMNFWfPfo,Kysha e Mine,5561,857,
2026-08-26 19:35,YouTube,_j3OePajdI8,Evy Baddie,2001,519,
2026-08-26 19:35,YouTube,Sria8I4DYz4,Evy Baddie,2944,704,
2026-08-26 19:35,YouTube,aib6Wjse_q8,Fidelisx,2027,337,
2026-08-26 19:35,YouTube,vOqgdWp9k_M,Fidelisx,3642,821,
2026-08-26 19:35,YouTube,TD7y8Ft61io,Fidelisx,4415,762,
2026-08-26 19:35,YouTube,GhqwB5RtS1k,Argentino,3619,495,
2026-08-26 19:35,YouTube,K7MQDVY0T7s,Kaka,167,43,
2026-08-26 19:35,YouTube,kxdinZ2tRxM,Kaka,627,149,
2026-08-26 19:35,YouTube,ZqRoYUw9eBc,Kaka,418,86,
2026-08-26 19:35,YouTube,wVYnNgJvTlY,Casa Saturno,808,177,
2026-08-26 19:35,Instagram,DcgmKobR7LI,Kysha e Mine,35887,1170,89
2026-08-26 19:35,Instagram,DcgcMgbo13i,Kysha e Mine,47905,979,72
2026-08-26 19:35,Instagram,DcgcMgbo13i,Kysha,47905,979,72
2026-08-26 19:35,Instagram,DchINiJBqk2,Evy Baddie,9986,920,95
2026-08-27 11:15,YouTube,d3sJ7k9wcXk,Kysha e Mine,66840,4044,
2026-08-27 11:15,YouTube,CMiEC40mBeM,Kysha e Mine,30065,2418,
2026-08-27 11:15,YouTube,yDeVJLDLG3Y,Evy Baddie,15079,1540,
2026-08-27 11:15,YouTube,4hDfPdKck7A,Russin Oficial,4023,422,
2026-08-27 11:15,YouTube,ysyTnRdodBs,Kaka,70451,2631,
2026-08-27 11:15,Instagram,DcTfecrkcPT,Mine,,14894,633
2026-08-27 11:15,Instagram,DcRCb1ixbFe,Fidelisx,135806,9418,629
2026-08-27 11:15,Instagram,DcSLZrPxpVf,Russin Oficial,40559,730,38
2026-08-27 11:15,YouTube,t_jdIB5OSoA,Kysha e Mine,38068,3066,
2026-08-27 11:15,YouTube,FWkLX2QT8hg,Kysha e Mine,37288,1763,
2026-08-27 11:15,YouTube,VXL6umjevME,Kysha e Mine,24161,2305,
2026-08-27 11:15,YouTube,pSyxntrd6Kw,Evy Baddie,17494,2481,
2026-08-27 11:15,YouTube,0h_uvIV_OeQ,Argentino,26057,2134,
2026-08-27 11:15,YouTube,h0wdJodkxp0,Kaka,18409,1112,
2026-08-27 11:15,YouTube,4IDQfjXEKzk,Kysha e Mine,31682,1548,
2026-08-27 11:15,YouTube,tQRNJ-6PmUA,Kysha e Mine,25385,2606,
2026-08-27 11:15,YouTube,AEDokCyqMPU,Kysha e Mine,19940,1582,
2026-08-27 11:15,YouTube,4jd32o2JDOE,Kysha e Mine,33483,2335,
2026-08-27 11:15,YouTube,tCquVvbTr3I,Kysha e Mine,9517,504,
2026-08-27 11:15,YouTube,PD1O6Pm0iis,Evy Baddie,3016,375,
2026-08-27 11:15,YouTube,g_2fa3oF5q8,Evy Baddie,48493,2523,
2026-08-27 11:15,YouTube,cqsNqya7NnQ,Evy Baddie,14161,1530,
2026-08-27 11:15,YouTube,vgk2Vdd3Vo4,Evy Baddie,17635,1474,
2026-08-27 11:15,YouTube,IhfWI_hGVhY,Evy Baddie,10205,1299,
2026-08-27 11:15,YouTube,sWFR3hUX9Vo,Evy Baddie,12226,1928,
2026-08-27 11:15,YouTube,JRKbm6DNDBc,Evy Baddie,13047,1283,
2026-08-27 11:15,YouTube,UYBF5K0JzZE,Evy Baddie,40126,1849,
2026-08-27 11:15,YouTube,IdBG1XK7zcA,Fidelisx,23544,1869,
2026-08-27 11:15,YouTube,KTVnEDyZ3JY,Fidelisx,182297,5436,
2026-08-27 11:15,YouTube,_ob851xlbeM,Fidelisx,18438,1901,
2026-08-27 11:15,YouTube,eIgCzvDIsp0,Fidelisx,20787,1794,
2026-08-27 11:15,YouTube,gPphP3VXInc,Fidelisx,43112,3607,
2026-08-27 11:15,YouTube,mEwxV5y-R8Q,Fidelisx,47996,3521,
2026-08-27 11:15,YouTube,z0xa51mXDE4,Fidelisx,119556,4439,
2026-08-27 11:15,YouTube,iObferxf3bk,Fidelisx,42911,2628,
2026-08-27 11:15,YouTube,WA0HFVnf8s8,Russin Oficial,2676,359,
2026-08-27 11:15,YouTube,9MBwJHE2BIs,Russin Oficial,7428,434,
2026-08-27 11:15,YouTube,BiB-gLES5Vs,Russin Oficial,6100,509,
2026-08-27 11:15,YouTube,eo99t72hRmw,Russin Oficial,1794,202,
2026-08-27 11:15,YouTube,gx2YBLabBbQ,Russin Oficial,5519,826,
2026-08-27 11:15,YouTube,UhljzQ9ePP0,Russin Oficial,26748,688,
2026-08-27 11:15,YouTube,o0mGIogpV68,Russin Oficial,4162,401,
2026-08-27 11:15,YouTube,2NjNEiAFfyM,Argentino,52595,4126,
2026-08-27 11:15,YouTube,hwA-61D4Ib8,Argentino,89708,5214,
2026-08-27 11:15,YouTube,hy5AN2qbpKU,Kaka,14703,1915,
2026-08-27 11:15,YouTube,f2Sq58kgIjw,Kaka,15404,1415,
2026-08-27 11:15,YouTube,BIxrB6Bf_dU,Kaka,3585,323,
2026-08-27 11:15,YouTube,mGp8E78Rb-M,Kaka,68999,2001,
2026-08-27 11:15,YouTube,Ft-w6kkTLE4,Kaka,22363,1694,
2026-08-27 11:15,YouTube,peCX2piv3B8,Casa Saturno,31498,2305,
2026-08-27 11:15,YouTube,a3_EMP66jDc,Casa Saturno,9428,959,
2026-08-27 11:15,YouTube,ER7A-9nXmgA,Casa Saturno,49661,1871,
2026-08-27 11:15,Instagram,DcbJSX2Of1I,Kysha e Mine,22533,1658,49
2026-08-27 11:15,Instagram,DcbHq59EUnO,Kysha e Mine,55274,1137,46
2026-08-27 11:15,Instagram,DcZgGW3uR8T,Kysha e Mine,48485,2307,83
2026-08-27 11:15,Instagram,DcZHiyou9bf,Kysha e Mine,35503,1268,24
2026-08-27 11:15,Instagram,DcRhWNLPV-U,Kysha e Mine,,1620,50
2026-08-27 11:15,Instagram,DcUJ-5MjA3Q,Kysha e Mine,37795,2886,140
2026-08-27 11:15,Instagram,Dcbck79pQdG,Evy Baddie,,4487,833
2026-08-27 11:15,Instagram,DcW1A3DhXjI,Evy Baddie,99181,2193,204
2026-08-27 11:15,Instagram,DcWM4Qfpi0a,Evy Baddie,51802,1832,135
2026-08-27 11:15,Instagram,DcUa1dxkX9e,Evy Baddie,,16408,412
2026-08-27 11:15,Instagram,DcWLwxcvyp-,Mine,56080,2461,147
2026-08-27 11:15,Instagram,DcbWAIike5q,Fidelisx,,3239,2067
2026-08-27 11:15,Instagram,DcW8ZyqR0WT,Fidelisx,138847,6398,356
2026-08-27 11:15,Instagram,DcUa1dxkX9e,Fidelisx,,16408,412
2026-08-27 11:15,Instagram,DcWMPr_xfLT,Russin Oficial,50713,1150,119
2026-08-27 11:15,Instagram,DccAKmpJsaV,Argentino,32757,2541,202
2026-08-27 11:15,Instagram,DcbaJamji-z,Argentino,,3,412
2026-08-27 11:15,Instagram,DcZKKjuxvh6,Argentino,55184,1999,162
2026-08-27 11:15,Instagram,DcbVIiKvYV7,Kaka,30449,1524,111
2026-08-27 11:15,Instagram,DcZZpSKptrg,Kaka,27927,1332,101
2026-08-27 11:15,Instagram,DcXJg-nCaKv,Kaka,,926,98
2026-08-27 11:15,YouTube,N99AibqusuA,Fidelisx,32306,2195,
2026-08-27 11:15,YouTube,nihxd0T6MNc,Casa Saturno,32191,1661,
2026-08-27 11:15,Instagram,DccKYslp41r,Russin Oficial,,679,183
2026-08-27 11:15,YouTube,jXpLIvY1NQo,Kysha e Mine,19715,1707,
2026-08-27 11:15,YouTube,HxSP8BCH4F4,Kysha e Mine,5793,484,
2026-08-27 11:15,YouTube,UzUnGJlq10E,Kysha e Mine,20844,1368,
2026-08-27 11:15,YouTube,Ex0xSU097sc,Evy Baddie,20117,1493,
2026-08-27 11:15,YouTube,4Eean6gPnyQ,Evy Baddie,11919,1378,
2026-08-27 11:15,YouTube,OrCxVMRvz88,Fidelisx,27924,2262,
2026-08-27 11:15,YouTube,GM2__GDzkCw,Fidelisx,44886,2353,
2026-08-27 11:15,YouTube,oH02-pD6SQk,Russin Oficial,2179,379,
2026-08-27 11:15,YouTube,wxGoAlkLHYY,Russin Oficial,5642,974,
2026-08-27 11:15,YouTube,gPsrRLJj1E0,Argentino,53297,3653,
2026-08-27 11:15,YouTube,A2_dPg-9fEg,Kaka,3541,491,
2026-08-27 11:15,YouTube,gPGtDGvnGTo,Casa Saturno,18687,1207,
2026-08-27 11:15,YouTube,ex4gOXs2ha0,Casa Saturno,8891,1236,
2026-08-27 11:15,YouTube,e52NSS2vA_Q,Casa Saturno,6634,1020,
2026-08-27 11:15,YouTube,hmSYpyJ9r_0,Casa Saturno,18389,1754,
2026-08-27 11:15,Instagram,DcejujDs9n_,Kysha e Mine,64369,1307,89
2026-08-27 11:15,Instagram,DcekmbflaEp,Evy Baddie,,1361,343
2026-08-27 11:15,Instagram,DcemnVtpBzs,Russin Oficial,15965,759,300
2026-08-27 11:15,Instagram,DcejmtrFlc2,Argentino,,3,144
2026-08-27 11:15,Instagram,Dcd_AWFOM13,Argentino,49704,3202,321
2026-08-27 11:15,Instagram,DcejUvVJHci,Kaka,11611,703,97
2026-08-27 11:15,Instagram,DcejbL7JcJq,Kaka,41050,1928,141
2026-08-27 11:15,Instagram,Dcd77IEvCOD,Kaka,16821,1087,109
2026-08-27 11:15,YouTube,j-UbrSFzMVE,Russin Oficial,2688,364,
2026-08-27 11:15,YouTube,_F989pvMlA0,Kaka,8098,784,
2026-08-27 11:15,YouTube,NKxa5P6rOV0,Casa Saturno,18558,1059,
2026-08-27 11:15,YouTube,8BYjENIwbDo,Casa Saturno,12336,853,
2026-08-27 11:15,YouTube,ApzKzV9BW84,Casa Saturno,39641,1495,
2026-08-27 11:15,Instagram,Dce4ty2EVNa,Kysha,,5280,384
2026-08-27 11:15,Instagram,DcexkZ9ObaG,Kysha,15026,893,101
2026-08-27 11:15,Instagram,DcgTIFzDSRU,Casa Saturno,10787,486,18
2026-08-27 11:15,Instagram,DcgMdrslVSN,Casa Saturno,13308,855,37
2026-08-27 11:15,Instagram,DcgFfJYEy5E,Casa Saturno,22765,1174,30
2026-08-27 11:15,Instagram,Dce4ty2EVNa,Casa Saturno,,5280,384
2026-08-27 11:15,Instagram,Dce4ty2EVNa,Mine,,5280,384
2026-08-27 11:15,Instagram,Dce4ty2EVNa,Fidelisx,,5280,384
2026-08-27 11:15,Instagram,Dce4ty2EVNa,Argentino,,5280,384
2026-08-27 11:15,YouTube,RyTFyLuOE6w,Kysha e Mine,9375,844,
2026-08-27 11:15,YouTube,AMPMNFWfPfo,Kysha e Mine,11492,1168,
2026-08-27 11:15,YouTube,_j3OePajdI8,Evy Baddie,6484,1240,
2026-08-27 11:15,YouTube,Sria8I4DYz4,Evy Baddie,5654,1062,
2026-08-27 11:15,YouTube,aib6Wjse_q8,Fidelisx,22996,1849,
2026-08-27 11:15,YouTube,vOqgdWp9k_M,Fidelisx,10196,1451,
2026-08-27 11:15,YouTube,TD7y8Ft61io,Fidelisx,8416,1053,
2026-08-27 11:15,YouTube,GhqwB5RtS1k,Argentino,15656,1231,
2026-08-27 11:15,YouTube,K7MQDVY0T7s,Kaka,1161,216,
2026-08-27 11:15,YouTube,kxdinZ2tRxM,Kaka,1152,202,
2026-08-27 11:15,YouTube,ZqRoYUw9eBc,Kaka,767,126,
2026-08-27 11:15,YouTube,wVYnNgJvTlY,Casa Saturno,3627,531,
2026-08-27 11:15,Instagram,DcgmKobR7LI,Kysha e Mine,53452,1344,94
2026-08-27 11:15,Instagram,DcgcMgbo13i,Kysha e Mine,68504,1228,79
2026-08-27 11:15,Instagram,DcgcMgbo13i,Kysha,68504,1228,79
2026-08-27 11:15,Instagram,DchINiJBqk2,Evy Baddie,22191,1620,147
2026-08-27 11:15,Instagram,DcgcMgbo13i,Mine,68504,1228,79
2026-08-27 11:15,Instagram,DchMgRQEW_8,Fidelisx,,2677,219
2026-08-27 11:15,Instagram,DchJJF1gvLe,Russin Oficial,20506,659,44
2026-08-27 11:15,Instagram,DchENgEv_wG,Argentino,10702,815,52
2026-08-27 11:15,Instagram,DchH_d8pXRN,Kaka,10855,807,95
2026-08-27 11:15,Instagram,DcgezryvLfF,Kaka,9626,860,42
2026-08-27 11:15,YouTube,zLCq4OdqSQw,Fidelisx,,68,
2026-08-27 11:15,YouTube,SEyAXvNFc2U,Argentino,12144,1139,
2026-08-27 11:15,YouTube,EwrUTBcZvkM,Casa Saturno,,6,
2026-08-27 11:15,YouTube,y_H6GyLDd_Y,Casa Saturno,1318,131,
2026-08-27 11:15,YouTube,jYCMXB7ck1o,Casa Saturno,1420,183,
2026-08-27 11:15,Instagram,Dci4MW0D2rO,Casa Saturno,76,21,10
2026-08-27 11:15,Instagram,DcixWB4jQE-,Casa Saturno,3550,200,11
2026-08-27 11:15,Instagram,DciqPK1jHU7,Casa Saturno,6863,302,12
2026-08-27 11:15,Instagram,DchJJF1gvLe,Casa Saturno,20506,659,44
2026-08-27 11:15,Instagram,DcgmKobR7LI,Casa Saturno,53457,1344,94
2026-08-27 11:15,Instagram,DcgcMgbo13i,Casa Saturno,68504,1228,79
2026-08-28 11:20,YouTube,ysyTnRdodBs,Kaka,72122,2678,
2026-08-28 11:20,Instagram,DcTfecrkcPT,Mine,,15279,634
2026-08-28 11:20,YouTube,t_jdIB5OSoA,Kysha e Mine,39695,3136,
2026-08-28 11:20,YouTube,FWkLX2QT8hg,Kysha e Mine,38780,1791,
2026-08-28 11:20,YouTube,0h_uvIV_OeQ,Argentino,27138,2162,
2026-08-28 11:20,YouTube,h0wdJodkxp0,Kaka,18606,1117,
2026-08-28 11:20,YouTube,4IDQfjXEKzk,Kysha e Mine,35178,1606,
2026-08-28 11:20,YouTube,tQRNJ-6PmUA,Kysha e Mine,27779,2747,
2026-08-28 11:20,YouTube,AEDokCyqMPU,Kysha e Mine,22126,1686,
2026-08-28 11:20,YouTube,4jd32o2JDOE,Kysha e Mine,36029,2425,
2026-08-28 11:20,YouTube,tCquVvbTr3I,Kysha e Mine,10305,511,
2026-08-28 11:20,YouTube,PD1O6Pm0iis,Evy Baddie,3713,397,
2026-08-28 11:20,YouTube,g_2fa3oF5q8,Evy Baddie,52219,2659,
2026-08-28 11:20,YouTube,cqsNqya7NnQ,Evy Baddie,15064,1593,
2026-08-28 11:20,YouTube,vgk2Vdd3Vo4,Evy Baddie,18775,1534,
2026-08-28 11:20,YouTube,IhfWI_hGVhY,Evy Baddie,11155,1369,
2026-08-28 11:20,YouTube,sWFR3hUX9Vo,Evy Baddie,12816,1961,
2026-08-28 11:20,YouTube,IdBG1XK7zcA,Fidelisx,25667,1935,
2026-08-28 11:20,YouTube,KTVnEDyZ3JY,Fidelisx,190513,5651,
2026-08-28 11:20,YouTube,_ob851xlbeM,Fidelisx,19855,1947,
2026-08-28 11:20,YouTube,eIgCzvDIsp0,Fidelisx,22125,1837,
2026-08-28 11:20,YouTube,WA0HFVnf8s8,Russin Oficial,3020,419,
2026-08-28 11:20,YouTube,9MBwJHE2BIs,Russin Oficial,7927,497,
2026-08-28 11:20,YouTube,BiB-gLES5Vs,Russin Oficial,6558,563,
2026-08-28 11:20,YouTube,eo99t72hRmw,Russin Oficial,1988,220,
2026-08-28 11:20,YouTube,gx2YBLabBbQ,Russin Oficial,5847,860,
2026-08-28 11:20,YouTube,UhljzQ9ePP0,Russin Oficial,26807,692,
2026-08-28 11:20,YouTube,o0mGIogpV68,Russin Oficial,4229,406,
2026-08-28 11:20,YouTube,2NjNEiAFfyM,Argentino,64471,4402,
2026-08-28 11:20,YouTube,hwA-61D4Ib8,Argentino,93893,5334,
2026-08-28 11:20,YouTube,hy5AN2qbpKU,Kaka,20619,2155,
2026-08-28 11:20,YouTube,f2Sq58kgIjw,Kaka,16897,1479,
2026-08-28 11:20,YouTube,BIxrB6Bf_dU,Kaka,3837,336,
2026-08-28 11:20,YouTube,mGp8E78Rb-M,Kaka,69658,2035,
2026-08-28 11:20,YouTube,Ft-w6kkTLE4,Kaka,22784,1724,
2026-08-28 11:20,Instagram,DcbJSX2Of1I,Kysha e Mine,23553,1722,50
2026-08-28 11:20,Instagram,DcbHq59EUnO,Kysha e Mine,56835,1173,46
2026-08-28 11:20,Instagram,DcZgGW3uR8T,Kysha e Mine,49617,2350,84
2026-08-28 11:20,Instagram,DcZHiyou9bf,Kysha e Mine,36241,1288,24
2026-08-28 11:20,Instagram,DcRhWNLPV-U,Kysha e Mine,,1651,50
2026-08-28 11:20,Instagram,DcUJ-5MjA3Q,Kysha e Mine,38629,2941,142
2026-08-28 11:20,Instagram,Dcbck79pQdG,Evy Baddie,,4603,835
2026-08-28 11:20,Instagram,DcW1A3DhXjI,Evy Baddie,100198,2241,204
2026-08-28 11:20,Instagram,DcWM4Qfpi0a,Evy Baddie,52579,1874,135
2026-08-28 11:20,Instagram,DcWLwxcvyp-,Mine,57667,2514,147
2026-08-28 11:20,Instagram,DcbWAIike5q,Fidelisx,,3352,2069
2026-08-28 11:20,Instagram,DcW8ZyqR0WT,Fidelisx,140461,6496,358
2026-08-28 11:20,Instagram,DcUa1dxkX9e,Fidelisx,,16785,414
2026-08-28 11:20,Instagram,DcWMPr_xfLT,Russin Oficial,51371,1164,119
2026-08-28 11:20,Instagram,DcbVIiKvYV7,Kaka,30929,1562,111
2026-08-28 11:20,Instagram,DcZZpSKptrg,Kaka,28895,1362,101
2026-08-28 11:20,YouTube,N99AibqusuA,Fidelisx,35082,2296,
2026-08-28 11:20,Instagram,DccKYslp41r,Russin Oficial,,712,184
2026-08-28 11:20,YouTube,jXpLIvY1NQo,Kysha e Mine,23330,1858,
2026-08-28 11:20,YouTube,HxSP8BCH4F4,Kysha e Mine,7190,517,
2026-08-28 11:20,YouTube,UzUnGJlq10E,Kysha e Mine,23108,1473,
2026-08-28 11:20,YouTube,Ex0xSU097sc,Evy Baddie,22610,1604,
2026-08-28 11:20,YouTube,4Eean6gPnyQ,Evy Baddie,13169,1466,
2026-08-28 11:20,YouTube,OrCxVMRvz88,Fidelisx,31537,2427,
2026-08-28 11:20,YouTube,GM2__GDzkCw,Fidelisx,48847,2486,
2026-08-28 11:20,YouTube,oH02-pD6SQk,Russin Oficial,2585,473,
2026-08-28 11:20,YouTube,gPsrRLJj1E0,Argentino,61995,4068,
2026-08-28 11:20,YouTube,A2_dPg-9fEg,Kaka,3882,518,
2026-08-28 11:20,YouTube,gPGtDGvnGTo,Casa Saturno,21992,1298,
2026-08-28 11:20,Instagram,DcejujDs9n_,Kysha e Mine,65884,1365,89
2026-08-28 11:20,Instagram,DcekmbflaEp,Evy Baddie,,1458,346
2026-08-28 11:20,Instagram,DcemnVtpBzs,Russin Oficial,16873,796,300
2026-08-28 11:20,Instagram,DcejmtrFlc2,Argentino,,3,146
2026-08-28 11:20,Instagram,Dcd_AWFOM13,Argentino,53354,3389,327
2026-08-28 11:20,Instagram,DcejUvVJHci,Kaka,12588,766,97
2026-08-28 11:20,Instagram,DcejbL7JcJq,Kaka,43612,2062,142
2026-08-28 11:20,Instagram,Dcd77IEvCOD,Kaka,17096,1106,113
2026-08-28 11:20,YouTube,j-UbrSFzMVE,Russin Oficial,3206,452,
2026-08-28 11:20,YouTube,_F989pvMlA0,Kaka,9652,871,
2026-08-28 11:20,YouTube,NKxa5P6rOV0,Casa Saturno,23633,1233,
2026-08-28 11:20,YouTube,8BYjENIwbDo,Casa Saturno,15690,1000,
2026-08-28 11:20,YouTube,ApzKzV9BW84,Casa Saturno,45145,1658,
2026-08-28 11:20,Instagram,Dce4ty2EVNa,Kysha,,5781,390
2026-08-28 11:20,Instagram,DcexkZ9ObaG,Kysha,16847,994,103
2026-08-28 11:20,Instagram,Dce4ty2EVNa,Mine,,5781,390
2026-08-28 11:20,Instagram,Dce4ty2EVNa,Fidelisx,,5781,390
2026-08-28 11:20,Instagram,Dce4ty2EVNa,Argentino,,5781,390
2026-08-28 11:20,YouTube,RyTFyLuOE6w,Kysha e Mine,16214,1049,
2026-08-28 11:20,YouTube,AMPMNFWfPfo,Kysha e Mine,15591,1394,
2026-08-28 11:20,YouTube,_j3OePajdI8,Evy Baddie,13775,1731,
2026-08-28 11:20,YouTube,Sria8I4DYz4,Evy Baddie,8529,1478,
2026-08-28 11:20,YouTube,aib6Wjse_q8,Fidelisx,37915,2547,
2026-08-28 11:20,YouTube,vOqgdWp9k_M,Fidelisx,14200,1635,
2026-08-28 11:20,YouTube,TD7y8Ft61io,Fidelisx,12533,1595,
2026-08-28 11:20,YouTube,GhqwB5RtS1k,Argentino,23889,1640,
2026-08-28 11:20,YouTube,K7MQDVY0T7s,Kaka,2423,323,
2026-08-28 11:20,YouTube,kxdinZ2tRxM,Kaka,1624,241,
2026-08-28 11:20,YouTube,ZqRoYUw9eBc,Kaka,1108,151,
2026-08-28 11:20,YouTube,wVYnNgJvTlY,Casa Saturno,7573,866,
2026-08-28 11:20,Instagram,DcgmKobR7LI,Kysha e Mine,57590,1445,95
2026-08-28 11:20,Instagram,DcgcMgbo13i,Kysha e Mine,77772,1516,84
2026-08-28 11:20,Instagram,DcgcMgbo13i,Kysha,77772,1516,84
2026-08-28 11:20,Instagram,DchINiJBqk2,Evy Baddie,27544,1964,153
2026-08-28 11:20,Instagram,DcgcMgbo13i,Mine,77772,1516,84
2026-08-28 11:20,Instagram,DchMgRQEW_8,Fidelisx,,3353,235
2026-08-28 11:20,Instagram,DchJJF1gvLe,Russin Oficial,25368,756,46
2026-08-28 11:20,Instagram,DchENgEv_wG,Argentino,13314,979,55
2026-08-28 11:20,Instagram,DchH_d8pXRN,Kaka,13663,970,100
2026-08-28 11:20,Instagram,DcgezryvLfF,Kaka,10519,940,43
2026-08-28 11:20,YouTube,SEyAXvNFc2U,Argentino,31541,2161,
2026-08-28 11:20,YouTube,EwrUTBcZvkM,Casa Saturno,12916,1185,
2026-08-28 11:20,YouTube,y_H6GyLDd_Y,Casa Saturno,20903,1080,
2026-08-28 11:20,YouTube,jYCMXB7ck1o,Casa Saturno,40932,1466,
2026-08-28 11:20,Instagram,Dci4MW0D2rO,Casa Saturno,6971,422,23
2026-08-28 11:20,Instagram,DcixWB4jQE-,Casa Saturno,12174,615,27
2026-08-28 11:20,Instagram,DciqPK1jHU7,Casa Saturno,19095,749,22
2026-08-28 11:20,Instagram,DchJJF1gvLe,Casa Saturno,25368,756,46
2026-08-28 11:20,Instagram,DcgmKobR7LI,Casa Saturno,57590,1446,95
2026-08-28 11:20,YouTube,L8Bwz_lZMGw,Kysha e Mine,,35,
2026-08-28 11:20,YouTube,MfrRvC8fsoE,Kysha e Mine,8012,719,
2026-08-28 11:20,YouTube,tY8yC5VfFXQ,Kysha e Mine,5571,722,
2026-08-28 11:20,YouTube,T_RQw5z57Z4,Evy Baddie,12175,1703,
2026-08-28 11:20,YouTube,LMZcTB5yfY8,Evy Baddie,21269,2817,
2026-08-28 11:20,YouTube,RFEv55d5Nak,Evy Baddie,6935,1338,
2026-08-28 11:20,YouTube,-vxGWIUdjJQ,Evy Baddie,13580,1837,
2026-08-28 11:20,YouTube,bGD4HIyuD0A,Evy Baddie,30572,2107,
2026-08-28 11:20,YouTube,Ar0JNtjPS9w,Fidelisx,5516,855,
2026-08-28 11:20,YouTube,QmmvfJcHTcQ,Fidelisx,29962,1901,
2026-08-28 11:20,YouTube,Tpz59zMQcVM,Fidelisx,7495,1042,
2026-08-28 11:20,YouTube,nHV3tvgXNow,Fidelisx,20190,1613,
2026-08-28 11:20,YouTube,uCpZTOhB5Yc,Fidelisx,11333,1572,
2026-08-28 11:20,YouTube,XAEi2TTPttk,Russin Oficial,3695,468,
2026-08-28 11:20,YouTube,OvY-GIZyp5c,Russin Oficial,3855,558,
2026-08-28 11:20,YouTube,ZHoN1GWAPpg,Russin Oficial,1571,215,
2026-08-28 11:20,YouTube,DswtrbcsRVc,Argentino,48927,2449,
2026-08-28 11:20,YouTube,OSc9xjMf6ro,Argentino,30824,1972,
2026-08-28 11:20,YouTube,t_B9UXfpX5g,Kaka,1127,175,
2026-08-28 11:20,YouTube,9CDftHKtJuY,Casa Saturno,141,45,
2026-08-28 11:20,YouTube,k_gsFOP8R4M,Casa Saturno,905,125,
2026-08-28 11:20,YouTube,dwpXgTf4SHM,Casa Saturno,1677,239,
2026-08-28 11:20,YouTube,BR8fK5S4IRw,Casa Saturno,,245,
2026-08-28 11:20,YouTube,3jUAyRqqyFk,Casa Saturno,5079,529,
2026-08-28 11:20,YouTube,RM5HqvYrVXw,Casa Saturno,4382,783,
2026-08-28 11:20,YouTube,IXITzMdKkBA,Casa Saturno,13493,1044,
2026-08-28 11:20,Instagram,Dcjt2YRp1vo,Kysha e Mine,32036,732,21
2026-08-28 11:20,Instagram,DcjwbjDkUFu,Kysha,,28701,433
2026-08-28 11:20,Instagram,Dcju-knuO4d,Kysha,209771,10098,220
2026-08-28 11:20,Instagram,DcjR_ErOd5m,Kysha,84568,4673,189
2026-08-28 11:20,Instagram,DcjvF5Ypc16,Evy Baddie,51150,2970,204
2026-08-28 11:20,Instagram,DcjgorcpvhR,Evy Baddie,19339,1127,150
2026-08-28 11:20,Instagram,DcjR_ErOd5m,Evy Baddie,84571,4673,189
2026-08-28 11:20,Instagram,DcjDw3cBheT,Evy Baddie,43316,1593,322
2026-08-28 11:20,Instagram,DcldONkDtvP,Casa Saturno,1657,157,11
2026-08-28 11:20,Instagram,DclWCTjiohj,Casa Saturno,2308,206,15
2026-08-28 11:20,Instagram,DclPJwCDOdi,Casa Saturno,1540,82,8
2026-08-28 11:20,Instagram,Dcjt2YRp1vo,Casa Saturno,32037,732,21
2026-08-28 11:20,Instagram,Dcjs_o9Jorp,Casa Saturno,18573,1172,105
2026-08-28 11:20,Instagram,DcjwbjDkUFu,Mine,,28710,433
2026-08-28 11:20,Instagram,DcjwbjDkUFu,Fidelisx,,28710,433
2026-08-28 11:20,Instagram,DcjDyRRhigx,Fidelisx,30368,1648,63
2026-08-28 11:20,Instagram,DckFtNUJ5px,Russin Oficial,15507,468,41
2026-08-28 11:20,Instagram,DcjfhrmpITr,Russin Oficial,50690,1635,73
2026-08-28 11:20,Instagram,Dcj3x3vuFSB,Argentino,11945,1305,68
2026-08-28 11:20,Instagram,DcjwbjDkUFu,Argentino,,28712,433
2026-08-28 11:20,Instagram,DcjeQUQvKWW,Argentino,48612,2548,57
2026-08-28 11:20,Instagram,DcjF0PDuThw,Argentino,12330,1024,65
2026-08-28 11:20,Instagram,DcjFEEESto1,Kaka,9965,794,70
2026-08-29 11:20,YouTube,4IDQfjXEKzk,Kysha e Mine,38016,1646,
2026-08-29 11:20,YouTube,tQRNJ-6PmUA,Kysha e Mine,30676,2898,
2026-08-29 11:20,YouTube,AEDokCyqMPU,Kysha e Mine,24561,1788,
2026-08-29 11:20,YouTube,4jd32o2JDOE,Kysha e Mine,38485,2490,
2026-08-29 11:20,YouTube,tCquVvbTr3I,Kysha e Mine,10729,517,
2026-08-29 11:20,YouTube,PD1O6Pm0iis,Evy Baddie,4297,408,
2026-08-29 11:20,YouTube,g_2fa3oF5q8,Evy Baddie,54078,2747,
2026-08-29 11:20,YouTube,cqsNqya7NnQ,Evy Baddie,15642,1619,
2026-08-29 11:20,YouTube,IdBG1XK7zcA,Fidelisx,26917,1968,
2026-08-29 11:20,YouTube,KTVnEDyZ3JY,Fidelisx,199948,5876,
2026-08-29 11:20,YouTube,_ob851xlbeM,Fidelisx,20873,1981,
2026-08-29 11:20,YouTube,WA0HFVnf8s8,Russin Oficial,3347,477,
2026-08-29 11:20,YouTube,9MBwJHE2BIs,Russin Oficial,8397,525,
2026-08-29 11:20,YouTube,BiB-gLES5Vs,Russin Oficial,6735,580,
2026-08-29 11:20,YouTube,eo99t72hRmw,Russin Oficial,2083,229,
2026-08-29 11:20,YouTube,gx2YBLabBbQ,Russin Oficial,6131,891,
2026-08-29 11:20,YouTube,UhljzQ9ePP0,Russin Oficial,27066,715,
2026-08-29 11:20,YouTube,2NjNEiAFfyM,Argentino,76114,4599,
2026-08-29 11:20,YouTube,hwA-61D4Ib8,Argentino,97368,5439,
2026-08-29 11:20,YouTube,hy5AN2qbpKU,Kaka,26218,2325,
2026-08-29 11:20,YouTube,f2Sq58kgIjw,Kaka,17823,1529,
2026-08-29 11:20,YouTube,BIxrB6Bf_dU,Kaka,4014,348,
2026-08-29 11:20,YouTube,mGp8E78Rb-M,Kaka,70307,2068,
2026-08-29 11:20,YouTube,Ft-w6kkTLE4,Kaka,23225,1760,
2026-08-29 11:20,Instagram,DcbJSX2Of1I,Kysha e Mine,24014,1743,49
2026-08-29 11:20,Instagram,DcbHq59EUnO,Kysha e Mine,58349,1214,46
2026-08-29 11:20,Instagram,DcZgGW3uR8T,Kysha e Mine,49863,2374,87
2026-08-29 11:20,Instagram,DcZHiyou9bf,Kysha e Mine,36446,1303,25
2026-08-29 11:20,Instagram,DcRhWNLPV-U,Kysha e Mine,,1677,51
2026-08-29 11:20,Instagram,Dcbck79pQdG,Evy Baddie,,4698,836
2026-08-29 11:20,Instagram,DcW1A3DhXjI,Evy Baddie,100653,2268,204
2026-08-29 11:20,Instagram,DcWM4Qfpi0a,Evy Baddie,53145,1904,135
2026-08-29 11:20,YouTube,N99AibqusuA,Fidelisx,37507,2384,
2026-08-29 11:20,YouTube,jXpLIvY1NQo,Kysha e Mine,27020,1974,
2026-08-29 11:20,YouTube,HxSP8BCH4F4,Kysha e Mine,8577,544,
2026-08-29 11:20,YouTube,UzUnGJlq10E,Kysha e Mine,25677,1576,
2026-08-29 11:20,YouTube,Ex0xSU097sc,Evy Baddie,23990,1693,
2026-08-29 11:20,YouTube,4Eean6gPnyQ,Evy Baddie,14073,1517,
2026-08-29 11:20,YouTube,OrCxVMRvz88,Fidelisx,33831,2494,
2026-08-29 11:20,YouTube,GM2__GDzkCw,Fidelisx,51602,2572,
2026-08-29 11:20,YouTube,oH02-pD6SQk,Russin Oficial,3148,592,
2026-08-29 11:20,YouTube,gPsrRLJj1E0,Argentino,69131,4366,
2026-08-29 11:20,YouTube,A2_dPg-9fEg,Kaka,4062,529,
2026-08-29 11:20,Instagram,DcejujDs9n_,Kysha e Mine,67814,1404,89
2026-08-29 11:20,Instagram,DcekmbflaEp,Evy Baddie,,1510,346
2026-08-29 11:20,YouTube,j-UbrSFzMVE,Russin Oficial,3908,588,
2026-08-29 11:20,YouTube,_F989pvMlA0,Kaka,11023,940,
2026-08-29 11:20,Instagram,Dce4ty2EVNa,Kysha,,5997,392
2026-08-29 11:20,Instagram,DcexkZ9ObaG,Kysha,18273,1076,103
2026-08-29 11:20,YouTube,RyTFyLuOE6w,Kysha e Mine,19078,1125,
2026-08-29 11:20,YouTube,AMPMNFWfPfo,Kysha e Mine,19030,1564,
2026-08-29 11:20,YouTube,_j3OePajdI8,Evy Baddie,15529,2015,
2026-08-29 11:20,YouTube,Sria8I4DYz4,Evy Baddie,10518,1798,
2026-08-29 11:20,YouTube,aib6Wjse_q8,Fidelisx,42292,2755,
2026-08-29 11:20,YouTube,vOqgdWp9k_M,Fidelisx,16554,1731,
2026-08-29 11:20,YouTube,TD7y8Ft61io,Fidelisx,15496,1934,
2026-08-29 11:20,YouTube,GhqwB5RtS1k,Argentino,28021,1806,
2026-08-29 11:20,YouTube,K7MQDVY0T7s,Kaka,2893,347,
2026-08-29 11:20,YouTube,kxdinZ2tRxM,Kaka,1895,260,
2026-08-29 11:20,YouTube,ZqRoYUw9eBc,Kaka,1310,169,
2026-08-29 11:20,YouTube,wVYnNgJvTlY,Casa Saturno,9564,1060,
2026-08-29 11:20,Instagram,DcgmKobR7LI,Kysha e Mine,58589,1505,96
2026-08-29 11:20,Instagram,DcgcMgbo13i,Kysha e Mine,83357,1703,87
2026-08-29 11:20,Instagram,DcgcMgbo13i,Kysha,83357,1703,87
2026-08-29 11:20,Instagram,DchINiJBqk2,Evy Baddie,28438,2045,155
2026-08-29 11:20,YouTube,SEyAXvNFc2U,Argentino,35437,2327,
2026-08-29 11:20,YouTube,EwrUTBcZvkM,Casa Saturno,16547,1319,
2026-08-29 11:20,YouTube,y_H6GyLDd_Y,Casa Saturno,23452,1187,
2026-08-29 11:20,YouTube,jYCMXB7ck1o,Casa Saturno,44310,1590,
2026-08-29 11:20,YouTube,L8Bwz_lZMGw,Kysha e Mine,16898,1146,
2026-08-29 11:20,YouTube,MfrRvC8fsoE,Kysha e Mine,24308,1680,
2026-08-29 11:20,YouTube,tY8yC5VfFXQ,Kysha e Mine,10695,1105,
2026-08-29 11:20,YouTube,T_RQw5z57Z4,Evy Baddie,20362,2275,
2026-08-29 11:20,YouTube,LMZcTB5yfY8,Evy Baddie,36636,3556,
2026-08-29 11:20,YouTube,RFEv55d5Nak,Evy Baddie,9241,1564,
2026-08-29 11:20,YouTube,-vxGWIUdjJQ,Evy Baddie,16131,1997,
2026-08-29 11:20,YouTube,bGD4HIyuD0A,Evy Baddie,39136,2411,
2026-08-29 11:20,YouTube,Ar0JNtjPS9w,Fidelisx,14686,1771,
2026-08-29 11:20,YouTube,QmmvfJcHTcQ,Fidelisx,50130,2490,
2026-08-29 11:20,YouTube,Tpz59zMQcVM,Fidelisx,10863,1213,
2026-08-29 11:20,YouTube,nHV3tvgXNow,Fidelisx,28459,1972,
2026-08-29 11:20,YouTube,uCpZTOhB5Yc,Fidelisx,14405,1758,
2026-08-29 11:20,YouTube,XAEi2TTPttk,Russin Oficial,9295,1010,
2026-08-29 11:20,YouTube,OvY-GIZyp5c,Russin Oficial,8160,872,
2026-08-29 11:20,YouTube,ZHoN1GWAPpg,Russin Oficial,2456,346,
2026-08-29 11:20,YouTube,DswtrbcsRVc,Argentino,77181,3104,
2026-08-29 11:20,YouTube,OSc9xjMf6ro,Argentino,40943,2373,
2026-08-29 11:20,YouTube,t_B9UXfpX5g,Kaka,1700,219,
2026-08-29 11:20,YouTube,9CDftHKtJuY,Casa Saturno,3642,518,
2026-08-29 11:20,YouTube,k_gsFOP8R4M,Casa Saturno,14036,1448,
2026-08-29 11:20,YouTube,dwpXgTf4SHM,Casa Saturno,10638,883,
2026-08-29 11:20,YouTube,BR8fK5S4IRw,Casa Saturno,43801,4374,
2026-08-29 11:20,YouTube,3jUAyRqqyFk,Casa Saturno,15645,955,
2026-08-29 11:20,YouTube,RM5HqvYrVXw,Casa Saturno,7011,1030,
2026-08-29 11:20,YouTube,IXITzMdKkBA,Casa Saturno,19517,1280,
2026-08-29 11:20,Instagram,Dcjt2YRp1vo,Kysha e Mine,42985,927,27
2026-08-29 11:20,Instagram,DcjwbjDkUFu,Kysha,,37105,485
2026-08-29 11:20,Instagram,Dcju-knuO4d,Kysha,378335,18781,336
2026-08-29 11:20,Instagram,DcjR_ErOd5m,Kysha,104139,5645,201
2026-08-29 11:20,Instagram,DcjvF5Ypc16,Evy Baddie,71006,3702,227
2026-08-29 11:20,Instagram,DcjgorcpvhR,Evy Baddie,23232,1278,152
2026-08-29 11:20,Instagram,DcjR_ErOd5m,Evy Baddie,104139,5645,201
2026-08-29 11:20,Instagram,DcjDw3cBheT,Evy Baddie,45756,1691,325
2026-08-29 11:20,YouTube,fDhNv2MeBZ0,Kysha e Mine,42804,2322,
2026-08-29 11:20,YouTube,O9YlFfIpOwg,Evy Baddie,12203,1749,
2026-08-29 11:20,YouTube,CsGBwpqQs9s,Evy Baddie,13641,1939,
2026-08-29 11:20,YouTube,wstoful1HRk,Evy Baddie,7246,1070,
2026-08-29 11:20,YouTube,0h3A3dUFPxw,Fidelisx,20069,2411,
2026-08-29 11:20,YouTube,ZT9AeKzyxwg,Russin Oficial,4932,599,
2026-08-29 11:20,YouTube,qdcNmgqNO8U,Russin Oficial,2640,302,
2026-08-29 11:20,YouTube,MlCwDH2YPmI,Russin Oficial,4949,596,
2026-08-29 11:20,YouTube,d1SdjugEE6U,Argentino,,26,
2026-08-29 11:20,YouTube,WPbxgT6Bm5o,Argentino,10099,1092,
2026-08-29 11:20,YouTube,IRnuoxJQAoQ,Argentino,49076,2596,
2026-08-29 11:20,YouTube,xfJTwJxrrgI,Argentino,22820,1909,
2026-08-29 11:20,YouTube,4aQuHvOpwpo,Kaka,2124,279,
2026-08-29 11:20,YouTube,vYg4HBI94vw,Casa Saturno,751,172,
2026-08-29 11:20,YouTube,IJPv3oGZBFo,Casa Saturno,2652,348,
2026-08-29 11:20,YouTube,QByLkzQR0mA,Casa Saturno,4199,721,
2026-08-29 11:20,YouTube,_oy_1d5GZTI,Casa Saturno,7946,970,
2026-08-29 11:20,Instagram,DcmS0h1ROyA,Kysha,66432,2937,203
2026-08-29 11:20,Instagram,DcmR1niBY1S,Evy Baddie,14629,1559,134
2026-08-29 11:20,Instagram,DclokkNhJJq,Evy Baddie,17720,1131,95
2026-08-30 13:15,YouTube,OvY-GIZyp5c,Russin Oficial,11661,1041,193
2026-08-30 13:15,YouTube,03M2DIux6uU,Russin Oficial,585,76,4
2026-08-30 13:15,YouTube,3e1MhSF3VAo,Casa Saturno,3375,637,20
2026-08-30 13:15,YouTube,D6DhXMUsThg,Russin Oficial,2655,227,4
2026-08-30 13:15,YouTube,d1SdjugEE6U,Argentino,13961,1242,120
2026-08-30 13:15,YouTube,k_gsFOP8R4M,Casa Saturno,25986,2102,24
2026-08-30 13:15,YouTube,A2_dPg-9fEg,Kaka,4351,542,30
2026-08-30 13:15,YouTube,KXVVNZEWnJc,Fidelisx,9962,1579,29
2026-08-30 13:15,YouTube,_j3OePajdI8,Evy Baddie,17544,2292,58
2026-08-30 13:15,YouTube,nPkHUMXn5wo,Kaka,2450,374,13
2026-08-30 13:15,YouTube,t_B9UXfpX5g,Kaka,2472,257,0
2026-08-30 13:15,YouTube,GhqwB5RtS1k,Argentino,32105,1963,49
2026-08-30 13:15,YouTube,OSc9xjMf6ro,Argentino,49134,2714,63
2026-08-30 13:15,YouTube,jXpLIvY1NQo,Kysha e Mine,31043,2088,66
2026-08-30 13:15,YouTube,QmmvfJcHTcQ,Fidelisx,53894,2623,37
2026-08-30 13:15,YouTube,QByLkzQR0mA,Casa Saturno,8226,1026,25
2026-08-30 13:15,YouTube,IJPv3oGZBFo,Casa Saturno,40606,1634,24
2026-08-30 13:15,YouTube,WPbxgT6Bm5o,Argentino,21223,1771,41
2026-08-30 13:15,YouTube,UzUnGJlq10E,Kysha e Mine,28758,1701,57
2026-08-30 13:15,YouTube,j-UbrSFzMVE,Russin Oficial,5023,713,8
2026-08-30 13:15,YouTube,TY9Y_PKTdqM,Kysha e Mine,40166,2849,128
2026-08-30 13:15,YouTube,ZHoN1GWAPpg,Russin Oficial,3747,486,9
2026-08-30 13:15,YouTube,WA0HFVnf8s8,Russin Oficial,3726,505,13
2026-08-30 13:15,YouTube,BR8fK5S4IRw,Casa Saturno,90052,5723,506
2026-08-30 13:15,YouTube,uq4-FTSn33w,Argentino,45095,2270,61
2026-08-30 13:15,YouTube,BiB-gLES5Vs,Russin Oficial,7042,600,10
2026-08-30 13:15,YouTube,HxSP8BCH4F4,Kysha e Mine,10198,573,25
2026-08-30 13:15,YouTube,p0nswdmUC9Y,Kysha e Mine,4237,921,43
2026-08-30 13:15,YouTube,tQRNJ-6PmUA,Kysha e Mine,34257,3038,96
2026-08-30 13:15,YouTube,13AzY6Ipr-8,Fidelisx,29775,2680,49
2026-08-30 13:15,YouTube,hIlVY-qbIgE,Russin Oficial,3817,336,16
2026-08-30 13:15,YouTube,RFEv55d5Nak,Evy Baddie,10407,1651,44
2026-08-30 13:15,YouTube,GFddvJLyzN8,Casa Saturno,10492,788,18
2026-08-30 13:15,YouTube,tY8yC5VfFXQ,Kysha e Mine,15818,1365,30
2026-08-30 13:15,YouTube,AEDokCyqMPU,Kysha e Mine,27411,1892,77
2026-08-30 13:15,YouTube,PD1O6Pm0iis,Evy Baddie,4861,418,39
2026-08-30 13:15,YouTube,GBdSTtkHfN4,Fidelisx,3989,533,18
2026-08-30 13:15,YouTube,9MBwJHE2BIs,Russin Oficial,8753,545,10
2026-08-30 13:15,YouTube,2NjNEiAFfyM,Argentino,87535,4765,4889
2026-08-30 13:15,YouTube,xfJTwJxrrgI,Argentino,26493,2101,35
2026-08-30 13:15,YouTube,4Eean6gPnyQ,Evy Baddie,15056,1585,37
2026-08-30 13:15,YouTube,4aQuHvOpwpo,Kaka,3724,399,13
2026-08-30 13:15,YouTube,TD7y8Ft61io,Fidelisx,17163,2017,79
2026-08-30 13:15,YouTube,vOqgdWp9k_M,Fidelisx,18364,1809,36
2026-08-30 13:15,YouTube,neQbz3LPwhE,Evy Baddie,12149,1831,48
2026-08-30 13:15,YouTube,fyOd1AQ_kGM,Russin Oficial,17787,1047,13
2026-08-30 13:15,YouTube,CsGBwpqQs9s,Evy Baddie,20777,2477,61
2026-08-30 13:15,YouTube,f2Sq58kgIjw,Kaka,18678,1560,28
2026-08-30 13:15,YouTube,AMPMNFWfPfo,Kysha e Mine,22928,1746,110
2026-08-30 13:15,YouTube,RyTFyLuOE6w,Kysha e Mine,21239,1179,44
2026-08-30 13:15,YouTube,LMZcTB5yfY8,Evy Baddie,47888,3915,658
2026-08-30 13:15,YouTube,hy5AN2qbpKU,Kaka,33256,2506,745
2026-08-30 13:15,YouTube,9CDftHKtJuY,Casa Saturno,5276,624,21
2026-08-30 13:15,YouTube,wstoful1HRk,Evy Baddie,12292,1512,23
2026-08-30 13:15,YouTube,ZcbmkFiGTr4,Casa Saturno,3250,421,16
2026-08-30 13:15,YouTube,kxdinZ2tRxM,Kaka,2376,303,15
2026-08-30 13:15,YouTube,-vxGWIUdjJQ,Evy Baddie,17257,2075,58
2026-08-30 13:15,YouTube,fZJFfinnqjM,Kaka,4152,368,18
2026-08-30 13:15,YouTube,_F989pvMlA0,Kaka,12954,1018,22
2026-08-30 13:15,YouTube,3jUAyRqqyFk,Casa Saturno,16853,1030,17
2026-08-30 13:15,YouTube,gPsrRLJj1E0,Argentino,77446,4682,247
2026-08-30 13:15,YouTube,bGD4HIyuD0A,Evy Baddie,42281,2544,39
2026-08-30 13:15,YouTube,SEyAXvNFc2U,Argentino,39118,2462,91
2026-08-30 13:15,YouTube,vYg4HBI94vw,Casa Saturno,12238,1560,23
2026-08-30 13:15,YouTube,K7MQDVY0T7s,Kaka,3525,386,0
2026-08-30 13:15,YouTube,qdcNmgqNO8U,Russin Oficial,4763,475,7
2026-08-30 13:15,YouTube,jdHn4xBencU,Argentino,3678,639,30
2026-08-30 13:15,YouTube,4IDQfjXEKzk,Kysha e Mine,41139,1687,67
2026-08-30 13:15,YouTube,OAfKZ7IJqyA,Fidelisx,11884,1749,34
2026-08-30 13:15,YouTube,MfrRvC8fsoE,Kysha e Mine,32213,2047,68
2026-08-30 13:15,YouTube,dwpXgTf4SHM,Casa Saturno,12979,998,18
2026-08-30 13:15,YouTube,_oy_1d5GZTI,Casa Saturno,20958,1704,32
2026-08-30 13:15,YouTube,0h3A3dUFPxw,Fidelisx,30076,2950,63
2026-08-30 13:15,YouTube,ZT9AeKzyxwg,Russin Oficial,23032,1450,19
2026-08-30 13:15,YouTube,M4uEQqwaxjk,Kysha e Mine,7363,338,18
2026-08-30 13:15,YouTube,ZqRoYUw9eBc,Kaka,1626,194,0
2026-08-30 13:15,YouTube,Ar0JNtjPS9w,Fidelisx,19517,2069,33
2026-08-30 13:15,YouTube,TXMpZxkANuk,Kaka,921,165,0
2026-08-30 13:15,YouTube,aib6Wjse_q8,Fidelisx,45335,2919,45
2026-08-30 13:15,YouTube,L8Bwz_lZMGw,Kysha e Mine,27010,1464,80
2026-08-30 13:15,YouTube,Sria8I4DYz4,Evy Baddie,12211,2056,51
2026-08-30 13:15,YouTube,GM2__GDzkCw,Fidelisx,54291,2668,485
2026-08-30 13:15,YouTube,XAEi2TTPttk,Russin Oficial,13276,1281,19
2026-08-30 13:15,YouTube,DswtrbcsRVc,Argentino,90325,3399,52
2026-08-30 13:15,YouTube,Ex0xSU097sc,Evy Baddie,25579,1784,51
2026-08-30 13:15,YouTube,uCpZTOhB5Yc,Fidelisx,16177,1872,26
2026-08-30 13:15,YouTube,2Y0wCAr4tPs,Casa Saturno,15056,909,58
2026-08-30 13:15,YouTube,Tpz59zMQcVM,Fidelisx,12725,1321,22
2026-08-30 13:15,YouTube,nHV3tvgXNow,Fidelisx,32326,2148,41
2026-08-30 13:15,YouTube,TznODxasMkY,Kaka,16737,1452,17
2026-08-30 13:15,YouTube,CG42U0D_EdM,Evy Baddie,3794,652,32
2026-08-30 13:15,YouTube,BIxrB6Bf_dU,Kaka,4289,365,7
2026-08-30 13:15,YouTube,IRnuoxJQAoQ,Argentino,93281,3399,41
2026-08-30 13:15,YouTube,fDhNv2MeBZ0,Kysha e Mine,136100,4584,101
2026-08-30 13:15,YouTube,oH02-pD6SQk,Russin Oficial,3652,645,15
2026-08-30 13:15,YouTube,O9YlFfIpOwg,Evy Baddie,21494,2549,54
2026-08-30 13:15,YouTube,-on80mhujks,Casa Saturno,1568,481,23
2026-08-30 13:15,YouTube,MlCwDH2YPmI,Russin Oficial,8905,943,18
2026-08-30 13:15,YouTube,_e9eTT3RaFg,Argentino,31559,2626,64
2026-08-30 13:15,YouTube,OrCxVMRvz88,Fidelisx,35857,2552,46
2026-08-30 13:15,YouTube,T_RQw5z57Z4,Evy Baddie,23552,2470,53
2026-08-30 13:15,YouTube,S_JMh8H5M-E,Casa Saturno,3148,567,35
2026-08-30 13:15,YouTube,1e7EVLTTA8M,Kaka,4250,680,22
2026-08-31 14:04,Instagram,DcmS0h1ROyA,Argentino,100740,3975,218
2026-08-31 14:04,Instagram,DcjvF5Ypc16,Evy Baddie,77765,4133,235
2026-08-31 14:04,Instagram,Dcra68ap9K1,Evy Baddie,64450,2095,134
2026-08-31 14:04,Instagram,DclokkNhJJq,Evy Baddie,20126,1294,99
2026-08-31 14:04,Instagram,DckFtNUJ5px,Russin Oficial,32786,984,49
2026-08-31 14:04,Instagram,DcjFEEESto1,Kaka,14034,1080,76
2026-08-31 14:04,Instagram,DcgcMgbo13i,Mine,91682,1997,94
2026-08-31 14:04,Instagram,DcmS0h1ROyA,Fidelisx,100754,3976,218
2026-08-31 14:04,Instagram,Dclp57yxo52,Russin Oficial,55216,567,35
2026-08-31 14:04,Instagram,DcoO6h5Ebx5,Fidelisx,,27527,450
2026-08-31 14:04,Instagram,DcjwbjDkUFu,Kysha,,42027,520
2026-08-31 14:04,Instagram,Dce4ty2EVNa,Fidelisx,,6390,394
2026-08-31 14:04,Instagram,DcrxI0HpyDO,Kaka,10333,617,32
2026-08-31 14:04,Instagram,DcoNw4DRkun,Kaka,99815,4301,99
2026-08-31 14:04,Instagram,DcgezryvLfF,Kaka,12553,1096,43
2026-08-31 14:04,Instagram,DcjwbjDkUFu,Fidelisx,,42026,520
2026-08-31 14:04,Instagram,DcrHzewp6T-,Evy Baddie,13550,758,99
2026-08-31 14:04,Instagram,DcoPpDVpkLJ,Evy Baddie,37588,1721,253
2026-08-31 14:04,Instagram,DcmS0h1ROyA,Mine,100772,3978,218
2026-08-31 14:04,Instagram,DcoO6h5Ebx5,Mine,,27541,450
2026-08-31 14:04,Instagram,DcexkZ9ObaG,Kysha,20397,1208,106
2026-08-31 14:04,Instagram,DcmR1niBY1S,Evy Baddie,20008,2137,147
2026-08-31 14:04,Instagram,DcrxjqLib3l,Kaka,,1372,63
2026-08-31 14:04,Instagram,Dce4ty2EVNa,Mine,,6390,394
2026-08-31 14:04,Instagram,DcekmbflaEp,Evy Baddie,,1564,348
2026-08-31 14:04,Instagram,Dcq2Oe1u2nj,Argentino,41442,2518,146
2026-08-31 14:04,Instagram,Dcn6_EfEYjm,Casa Saturno,10089,962,53
2026-08-31 14:04,Instagram,Dcd77IEvCOD,Kaka,17754,1176,113
2026-08-31 14:04,Instagram,DcoNw4DRkun,Casa Saturno,99801,4301,99
2026-08-31 14:04,Instagram,DcjfhrmpITr,Russin Oficial,71011,2336,86
2026-08-31 14:04,Instagram,DcjwbjDkUFu,Argentino,,42023,520
2026-08-31 14:04,Instagram,DcjwbjDkUFu,Mine,,42028,520
2026-08-31 14:04,Instagram,Dclosj6x71-,Argentino,28922,1671,49
2026-08-31 14:04,Instagram,DcogDUvutM3,Kysha,120458,6474,177
2026-08-31 14:04,Instagram,DcbVIiKvYV7,Kaka,32977,1672,111
2026-08-31 14:04,Instagram,Dcs9kdLkjc7,Casa Saturno,8188,478,25
2026-08-31 14:04,Instagram,DcbJSX2Of1I,Kysha e Mine,26507,1888,53
2026-08-31 14:04,Instagram,DchENgEv_wG,Argentino,15899,1124,60
2026-08-31 14:04,Instagram,DcqYsl-DXwa,Casa Saturno,8189,601,30
2026-08-31 14:04,Instagram,DcqfcjJDEvi,Casa Saturno,8992,447,25
2026-08-31 14:04,Instagram,Dcjt2YRp1vo,Kysha e Mine,45822,1080,30
2026-08-31 14:04,Instagram,DcrfeSCpkeg,Russin Oficial,9027,292,25
2026-08-31 14:04,Instagram,DcejUvVJHci,Kaka,15135,910,97
2026-08-31 14:04,Instagram,DcmorFTOZyU,Argentino,13656,1145,66
2026-08-31 14:04,Instagram,DcjgorcpvhR,Evy Baddie,25115,1384,153
2026-08-31 14:04,Instagram,DchJJF1gvLe,Russin Oficial,29565,916,49
2026-08-31 14:04,Instagram,Dco-5zJO08U,Kysha,20153,1112,84
2026-08-31 14:04,Instagram,DcqhnNwxA2X,Casa Saturno,9933,308,74
2026-08-31 14:04,Instagram,DccKYslp41r,Russin Oficial,,761,186
2026-08-31 14:04,Instagram,Dco2oQ5hKPz,Kaka,12697,751,84
2026-08-31 14:04,Instagram,DcbHq59EUnO,Kysha e Mine,61656,1311,49
2026-08-31 14:04,Instagram,DcoqJPruKKs,Kysha e Mine,40472,1852,185
2026-08-31 14:04,Instagram,DchINiJBqk2,Evy Baddie,29574,2127,157
2026-08-31 14:04,Instagram,Dcrbn9tJQgc,Fidelisx,51491,4086,134
2026-08-31 14:04,Instagram,DcoSYDMxLKb,Russin Oficial,28562,588,82
2026-08-31 14:04,Instagram,DctEXO0FAXn,Casa Saturno,5893,307,29
2026-08-31 14:04,Instagram,DcgcMgbo13i,Kysha e Mine,91663,1997,94
2026-08-31 14:04,Instagram,DcmS0h1ROyA,Kysha,100767,3978,218
2026-08-31 14:04,Instagram,Dco2mGnh3XV,Evy Baddie,49797,3841,96
2026-08-31 14:04,Instagram,DcrwpVoJazh,Russin Oficial,8522,274,55
2026-08-31 14:04,Instagram,DctLMndGK8q,Casa Saturno,3563,313,12
2026-08-31 14:04,Instagram,DcjF0PDuThw,Argentino,16231,1308,69
2026-08-31 14:04,Instagram,Dce4ty2EVNa,Kysha,,6390,394
2026-08-31 14:04,Instagram,DcgcMgbo13i,Kysha,91680,1997,94
2026-08-31 14:04,Instagram,DcjDw3cBheT,Evy Baddie,47560,1804,325
2026-08-31 14:04,Instagram,DcbWAIike5q,Fidelisx,,3527,2072
2026-08-31 14:04,Instagram,DcoaoxPuAgc,Argentino,22921,1453,100
2026-08-31 14:04,Instagram,Dcqmx2REgch,Casa Saturno,13729,879,68
2026-08-31 14:04,Instagram,DcloboBPkjy,Kaka,38531,2697,94
2026-08-31 14:04,Instagram,DcejujDs9n_,Kysha e Mine,70161,1493,94
2026-08-31 14:04,Instagram,DchMgRQEW_8,Fidelisx,,4014,244
2026-08-31 14:04,Instagram,DcemnVtpBzs,Russin Oficial,18921,868,301
2026-08-31 14:04,Instagram,Dco1qjWSz9z,Argentino,99954,6487,105
2026-08-31 14:04,Instagram,DcjR_ErOd5m,Evy Baddie,121767,6482,220
2026-08-31 14:04,Instagram,DcejbL7JcJq,Kaka,49568,2354,144
2026-08-31 14:04,Instagram,DcjeQUQvKWW,Argentino,64598,3367,63
2026-08-31 14:04,Instagram,DcmrkU3pp1a,Casa Saturno,,1202,59
2026-08-31 14:04,Instagram,DctCYqkgcQA,Kysha e Mine,34346,507,34
2026-08-31 14:04,Instagram,Dcju-knuO4d,Kysha,438068,22374,398
2026-08-31 14:04,Instagram,DcgmKobR7LI,Kysha e Mine,60276,1601,99
2026-08-31 14:04,Instagram,Dcj3x3vuFSB,Argentino,17369,1766,90
2026-08-31 14:04,Instagram,DchH_d8pXRN,Kaka,17889,1171,105
2026-08-31 14:04,Instagram,DcjR_ErOd5m,Kysha,121794,6482,220
2026-08-31 14:17,TikTok,7679192616327531792,Casa Saturno,4393,,
2026-08-31 14:17,TikTok,7680179950053313812,Casa Saturno,991,,
2026-08-31 14:17,TikTok,7679150376737656085,Casa Saturno,2794,,
2026-08-31 14:17,TikTok,7679824328187219220,Casa Saturno,5196,,
2026-08-31 14:17,TikTok,7680164507431259412,Casa Saturno,849,,
2026-08-31 14:17,TikTok,7679453017900420368,Casa Saturno,1846,,
2026-08-31 14:17,TikTok,7679051310292995336,Casa Saturno,2081,,
2026-08-31 14:17,TikTok,7679066764474354965,Casa Saturno,2203,,
2026-08-31 14:17,TikTok,7679437665351126289,Casa Saturno,5421,,
2026-08-31 14:17,TikTok,7679084615155371271,Casa Saturno,2179,,
2026-08-31 14:17,TikTok,7679793410793852181,Casa Saturno,3990,,
2026-08-31 14:17,TikTok,7679422320997354772,Casa Saturno,6092,,
2026-08-31 14:17,TikTok,7678833451054779669,Casa Saturno,2607,,
2026-08-31 14:17,TikTok,7679808756380749057,Casa Saturno,990,,
2026-08-31 14:17,TikTok,7680195405417778452,Casa Saturno,823,,
2026-08-31 14:17,TikTok,7679823463930006792,Casa Saturno,859,,
2026-08-31 15:55,YouTube,p0nswdmUC9Y,Kysha e Mine,23315,2366,69
2026-08-31 15:55,YouTube,3e1MhSF3VAo,Casa Saturno,17474,1250,28
2026-08-31 15:55,YouTube,tQRNJ-6PmUA,Kysha e Mine,37091,3144,97
2026-08-31 15:55,YouTube,5nxUvVgWYC0,Russin Oficial,153,33,1
2026-08-31 15:55,YouTube,A2_dPg-9fEg,Kaka,4594,554,30
2026-08-31 15:55,YouTube,OvY-GIZyp5c,Russin Oficial,14323,1142,216
2026-08-31 15:55,YouTube,wstoful1HRk,Evy Baddie,15652,1748,24
2026-08-31 15:55,YouTube,1e7EVLTTA8M,Kaka,6134,859,22
2026-08-31 15:55,YouTube,RFEv55d5Nak,Evy Baddie,11209,1714,44
2026-08-31 15:55,YouTube,fZJFfinnqjM,Kaka,31556,1486,50
2026-08-31 15:55,YouTube,DswtrbcsRVc,Argentino,99512,3568,54
2026-08-31 15:55,YouTube,4IDQfjXEKzk,Kysha e Mine,43802,1712,67
2026-08-31 15:55,YouTube,03M2DIux6uU,Russin Oficial,3511,499,10
2026-08-31 15:55,YouTube,Al7RDPxPdoY,Fidelisx,22649,2156,71
2026-08-31 15:55,YouTube,IJPv3oGZBFo,Casa Saturno,45726,1781,26
2026-08-31 15:55,YouTube,IRnuoxJQAoQ,Argentino,107298,3665,45
2026-08-31 15:55,YouTube,jXpLIvY1NQo,Kysha e Mine,33877,2165,67
2026-08-31 15:55,YouTube,3YnA_tRX21Y,Fidelisx,11577,1348,39
2026-08-31 15:55,YouTube,nPkHUMXn5wo,Kaka,7352,826,15
2026-08-31 15:55,YouTube,S_JMh8H5M-E,Casa Saturno,24684,1910,57
2026-08-31 15:55,YouTube,Z00hQFhP6JE,Evy Baddie,1135,211,15
2026-08-31 15:55,YouTube,Bb6C6gJ9Ric,Russin Oficial,2060,198,6
2026-08-31 15:55,YouTube,g5xcJD8rVmM,Evy Baddie,14081,1597,44
2026-08-31 15:55,YouTube,_j3OePajdI8,Evy Baddie,18568,2367,59
2026-08-31 15:55,YouTube,7oejc-6hFnc,Casa Saturno,8241,959,16
2026-08-31 15:55,YouTube,TXMpZxkANuk,Kaka,1563,204,0
2026-08-31 15:55,YouTube,uq4-FTSn33w,Argentino,75571,2986,71
2026-08-31 15:55,YouTube,SEyAXvNFc2U,Argentino,41521,2526,93
2026-08-31 15:55,YouTube,j-UbrSFzMVE,Russin Oficial,5361,732,8
2026-08-31 15:55,YouTube,qdcNmgqNO8U,Russin Oficial,5706,543,8
2026-08-31 15:55,YouTube,XAEi2TTPttk,Russin Oficial,16063,1456,21
2026-08-31 15:55,YouTube,xfJTwJxrrgI,Argentino,29340,2212,36
2026-08-31 15:55,YouTube,Ar0JNtjPS9w,Fidelisx,21541,2143,35
2026-08-31 15:55,YouTube,GBdSTtkHfN4,Fidelisx,18365,1700,27
2026-08-31 15:55,YouTube,4aQuHvOpwpo,Kaka,4900,465,14
2026-08-31 15:55,YouTube,hy5AN2qbpKU,Kaka,39713,2617,791
2026-08-31 15:55,YouTube,ZqRoYUw9eBc,Kaka,1865,203,0
2026-08-31 15:55,YouTube,TY9Y_PKTdqM,Kysha e Mine,58163,3496,160
2026-08-31 15:55,YouTube,L8Bwz_lZMGw,Kysha e Mine,32565,1591,85
2026-08-31 15:55,YouTube,K7MQDVY0T7s,Kaka,3983,409,0
2026-08-31 15:55,YouTube,LMZcTB5yfY8,Evy Baddie,57256,4126,670
2026-08-31 15:55,YouTube,kxdinZ2tRxM,Kaka,2810,327,15
2026-08-31 15:55,YouTube,-vxGWIUdjJQ,Evy Baddie,18069,2117,57
2026-08-31 15:55,YouTube,KXVVNZEWnJc,Fidelisx,14696,1961,32
2026-08-31 15:55,YouTube,gPsrRLJj1E0,Argentino,86786,4934,256
2026-08-31 15:55,YouTube,nHV3tvgXNow,Fidelisx,34767,2243,44
2026-08-31 15:55,YouTube,tY8yC5VfFXQ,Kysha e Mine,19121,1508,32
2026-08-31 15:55,YouTube,d1SdjugEE6U,Argentino,18097,1429,124
2026-08-31 15:55,YouTube,uCpZTOhB5Yc,Fidelisx,17353,1925,27
2026-08-31 15:55,YouTube,D6DhXMUsThg,Russin Oficial,4887,353,5
2026-08-31 15:55,YouTube,CG42U0D_EdM,Evy Baddie,6236,881,39
2026-08-31 15:55,YouTube,_e9eTT3RaFg,Argentino,38704,2852,70
2026-08-31 15:55,YouTube,aJpwqtl5ku0,Evy Baddie,11939,1398,40
2026-08-31 15:55,YouTube,UzUnGJlq10E,Kysha e Mine,31179,1764,60
2026-08-31 15:55,YouTube,QmmvfJcHTcQ,Fidelisx,56629,2704,38
2026-08-31 15:55,YouTube,ZcbmkFiGTr4,Casa Saturno,14769,1220,22
2026-08-31 15:55,YouTube,OSc9xjMf6ro,Argentino,55004,2896,69
2026-08-31 15:55,YouTube,f2Sq58kgIjw,Kaka,19002,1573,28
2026-08-31 15:55,YouTube,3TkeES-EIp4,Kysha e Mine,0,57,18
2026-08-31 15:55,YouTube,HxSP8BCH4F4,Kysha e Mine,11184,591,26
2026-08-31 15:55,YouTube,_F989pvMlA0,Kaka,13964,1071,25
2026-08-31 15:55,YouTube,neQbz3LPwhE,Evy Baddie,15731,2086,51
2026-08-31 15:55,YouTube,RyTFyLuOE6w,Kysha e Mine,23016,1212,44
2026-08-31 15:55,YouTube,2NjNEiAFfyM,Argentino,96945,4858,4899
2026-08-31 15:55,YouTube,MlCwDH2YPmI,Russin Oficial,10842,1035,19
2026-08-31 15:55,YouTube,x80IMopBCQA,Fidelisx,5888,1015,36
2026-08-31 15:55,YouTube,oNU3ihEGMkM,Russin Oficial,2790,294,8
2026-08-31 15:55,YouTube,AMPMNFWfPfo,Kysha e Mine,25790,1862,113
2026-08-31 15:55,YouTube,9CDftHKtJuY,Casa Saturno,6422,689,21
2026-08-31 15:55,YouTube,t_B9UXfpX5g,Kaka,2966,282,0
2026-08-31 15:55,YouTube,OAfKZ7IJqyA,Fidelisx,20956,2675,42
2026-08-31 15:55,YouTube,OxMl8aaUB3c,Casa Saturno,3929,519,16
2026-08-31 15:55,YouTube,T_RQw5z57Z4,Evy Baddie,26107,2616,56
2026-08-31 15:55,YouTube,_oy_1d5GZTI,Casa Saturno,24449,1833,34
2026-08-31 15:55,YouTube,oH02-pD6SQk,Russin Oficial,7069,823,15
2026-08-31 15:55,YouTube,GhqwB5RtS1k,Argentino,35314,2060,50
2026-08-31 15:55,YouTube,TznODxasMkY,Kaka,25651,1918,20
2026-08-31 15:55,YouTube,-on80mhujks,Casa Saturno,8860,1370,33
2026-08-31 15:55,YouTube,O9YlFfIpOwg,Evy Baddie,25089,2817,57
2026-08-31 15:55,YouTube,aib6Wjse_q8,Fidelisx,47532,3000,46
2026-08-31 15:55,YouTube,BR8fK5S4IRw,Casa Saturno,121339,6250,516
2026-08-31 15:55,YouTube,GFddvJLyzN8,Casa Saturno,13566,918,21
2026-08-31 15:55,YouTube,13AzY6Ipr-8,Fidelisx,37384,3029,51
2026-08-31 15:55,YouTube,MfrRvC8fsoE,Kysha e Mine,37065,2224,71
2026-08-31 15:55,YouTube,A8BoBg6qP5M,Casa Saturno,22220,1354,30
2026-08-31 15:55,YouTube,2Y0wCAr4tPs,Casa Saturno,23221,1155,73
2026-08-31 15:55,YouTube,EDLNzDwfwhA,Fidelisx,4194,517,24
2026-08-31 15:55,YouTube,QByLkzQR0mA,Casa Saturno,10319,1139,26
2026-08-31 15:55,YouTube,0h3A3dUFPxw,Fidelisx,34248,3196,63
2026-08-31 15:55,YouTube,jdHn4xBencU,Argentino,32448,3067,81
2026-08-31 15:55,YouTube,ZT9AeKzyxwg,Russin Oficial,28526,1701,19
2026-08-31 15:55,YouTube,hIlVY-qbIgE,Russin Oficial,8872,600,24
2026-08-31 15:55,YouTube,tu-87nSXI14,Evy Baddie,5380,542,26
2026-08-31 15:55,YouTube,bGD4HIyuD0A,Evy Baddie,44962,2660,40
2026-08-31 15:55,YouTube,fyOd1AQ_kGM,Russin Oficial,23287,1145,13
2026-08-31 15:55,YouTube,CsGBwpqQs9s,Evy Baddie,22871,2633,66
2026-08-31 15:55,YouTube,FdxnwlJa2sk,Kaka,269,85,0
2026-08-31 15:55,YouTube,ZHoN1GWAPpg,Russin Oficial,4598,543,10
2026-08-31 15:55,YouTube,Tpz59zMQcVM,Fidelisx,13996,1365,23
2026-08-31 15:55,YouTube,WPbxgT6Bm5o,Argentino,26324,1973,45
2026-08-31 15:55,YouTube,vYg4HBI94vw,Casa Saturno,18188,2171,26
2026-08-31 15:55,YouTube,M4uEQqwaxjk,Kysha e Mine,15012,417,21
2026-08-31 15:55,YouTube,fDhNv2MeBZ0,Kysha e Mine,180038,5622,123
2026-09-01 11:08,Instagram,Dcvn5ogk_pO,Casa Saturno,4562,347,18
2026-09-01 11:08,Instagram,DcjwbjDkUFu,Fidelisx,,42619,524
2026-09-01 11:08,Instagram,Dco1qjWSz9z,Argentino,102936,6731,109
2026-09-01 11:08,Instagram,DcmS0h1ROyA,Argentino,105030,4146,222
2026-09-01 11:08,Instagram,DcoNw4DRkun,Kaka,104274,4503,105
2026-09-01 11:08,Instagram,Dctg4IYu1fv,Kysha e Mine,,713,47
2026-09-01 11:08,Instagram,DcgcMgbo13i,Kysha e Mine,94195,2068,94
2026-09-01 11:08,Instagram,DcjF0PDuThw,Argentino,16576,1333,71
2026-09-01 11:08,Instagram,DcjwbjDkUFu,Kysha,,42620,524
2026-09-01 11:08,Instagram,DcrfeSCpkeg,Russin Oficial,10286,326,28
2026-09-01 11:08,Instagram,Dclp57yxo52,Russin Oficial,56022,584,36
2026-09-01 11:08,Instagram,Dce4ty2EVNa,Kysha,,6484,395
2026-09-01 11:08,Instagram,DcgcMgbo13i,Mine,94206,2069,94
2026-09-01 11:08,Instagram,DcuVwrGJQmo,Russin Oficial,8506,219,22
2026-09-01 11:08,Instagram,DchJJF1gvLe,Russin Oficial,30091,939,49
2026-09-01 11:08,Instagram,DcoaoxPuAgc,Argentino,23782,1519,101
2026-09-01 11:08,Instagram,DcgcMgbo13i,Kysha,94204,2069,94
2026-09-01 11:08,Instagram,DcjR_ErOd5m,Kysha,125830,6698,221
2026-09-01 11:08,Instagram,DctLMndGK8q,Casa Saturno,8605,703,18
2026-09-01 11:08,Instagram,Dctg4IYu1fv,Casa Saturno,,713,47
2026-09-01 11:08,Instagram,Dcs9kdLkjc7,Casa Saturno,14524,789,30
2026-09-01 11:08,Instagram,DcjeQUQvKWW,Argentino,65702,3429,63
2026-09-01 11:08,Instagram,DctCYqkgcQA,Kysha e Mine,68983,871,45
2026-09-01 11:08,Instagram,Dcq2Oe1u2nj,Argentino,43336,2693,149
2026-09-01 11:08,Instagram,DcqfcjJDEvi,Casa Saturno,9408,480,25
2026-09-01 11:08,Instagram,DcemnVtpBzs,Russin Oficial,19233,874,301
2026-09-01 11:08,Instagram,DcgezryvLfF,Kaka,12870,1139,45
2026-09-01 11:08,Instagram,DcmS0h1ROyA,Fidelisx,105030,4146,222
2026-09-01 11:08,Instagram,DcexkZ9ObaG,Kysha,20880,1234,109
2026-09-01 11:08,Instagram,DcjfhrmpITr,Russin Oficial,72228,2371,86
2026-09-01 11:08,Instagram,DcuUws8pbQ2,Kaka,13458,901,27
2026-09-01 11:08,Instagram,DcjvF5Ypc16,Evy Baddie,78959,4203,235
2026-09-01 11:08,Instagram,DcrwpVoJazh,Russin Oficial,10290,330,58
2026-09-01 11:08,Instagram,DcjwbjDkUFu,Mine,,42620,524
2026-09-01 11:08,Instagram,Dce4ty2EVNa,Mine,,6484,395
2026-09-01 11:08,Instagram,DcmR1niBY1S,Evy Baddie,20619,2217,148
2026-09-01 11:08,Instagram,DcjFEEESto1,Kaka,14519,1107,76
2026-09-01 11:08,Instagram,Dco-5zJO08U,Kysha,22175,1234,90
2026-09-01 11:08,Instagram,DckFtNUJ5px,Russin Oficial,34030,1010,50
2026-09-01 11:08,Instagram,DcuA3KIx6PH,Russin Oficial,26470,979,31
2026-09-01 11:08,Instagram,DcogDUvutM3,Kysha,124686,6696,182
2026-09-01 11:08,Instagram,DchENgEv_wG,Argentino,16165,1146,61
2026-09-01 11:08,Instagram,DcoO6h5Ebx5,Fidelisx,,29981,456
2026-09-01 11:08,Instagram,DcejbL7JcJq,Kaka,50440,2395,144
2026-09-01 11:08,Instagram,DchH_d8pXRN,Kaka,18417,1205,105
2026-09-01 11:08,Instagram,DcrxjqLib3l,Kaka,,1892,77
2026-09-01 11:08,Instagram,DcejujDs9n_,Kysha e Mine,70703,1512,94
2026-09-01 11:08,Instagram,Dcjt2YRp1vo,Kysha e Mine,46459,1109,30
2026-09-01 11:08,Instagram,Dct4TUQpT6k,Casa Saturno,13786,1027,39
2026-09-01 11:08,Instagram,DcrHzewp6T-,Evy Baddie,15354,894,104
2026-09-01 11:08,Instagram,DcuVFMqpmt1,Evy Baddie,28886,1481,74
2026-09-01 11:08,Instagram,Dco2mGnh3XV,Evy Baddie,53102,4128,101
2026-09-01 11:08,Instagram,DcmorFTOZyU,Argentino,14238,1181,66
2026-09-01 11:08,Instagram,Dcv0z20kZY9,Casa Saturno,,16,4
2026-09-01 11:08,Instagram,DcgmKobR7LI,Kysha e Mine,60763,1620,99
2026-09-01 11:08,Instagram,DcmS0h1ROyA,Mine,105042,4146,222
2026-09-01 11:08,Instagram,Dcj3x3vuFSB,Argentino,17804,1795,91
2026-09-01 11:08,Instagram,DcmS0h1ROyA,Kysha,105041,4146,222
2026-09-01 11:08,Instagram,DcoqJPruKKs,Kysha e Mine,44421,1941,197
2026-09-01 11:08,Instagram,DcuNmp-ufc8,Kysha,58249,5854,119
2026-09-01 11:08,Instagram,DcjwbjDkUFu,Argentino,,42619,524
2026-09-01 11:08,Instagram,Dce4ty2EVNa,Fidelisx,,6484,395
2026-09-01 11:08,Instagram,Dclosj6x71-,Argentino,29895,1771,49
2026-09-01 11:08,Instagram,DcjR_ErOd5m,Evy Baddie,125824,6698,221
2026-09-01 11:08,Instagram,DchMgRQEW_8,Fidelisx,,4090,246
2026-09-01 11:08,Instagram,Dcqmx2REgch,Casa Saturno,14560,930,71
2026-09-01 11:08,Instagram,DcoPpDVpkLJ,Evy Baddie,38524,1799,256
2026-09-01 11:08,Instagram,DcrxI0HpyDO,Kaka,12769,768,32
2026-09-01 11:08,Instagram,DcuJvxbxk6k,Evy Baddie,10423,567,40
2026-09-01 11:08,Instagram,DcoO6h5Ebx5,Mine,,29987,456
2026-09-01 11:08,Instagram,Dco2oQ5hKPz,Kaka,13326,802,87
2026-09-01 11:08,Instagram,DclokkNhJJq,Evy Baddie,20460,1317,99
2026-09-01 11:08,Instagram,DcjgorcpvhR,Evy Baddie,25529,1414,154
2026-09-01 11:08,Instagram,DcoSYDMxLKb,Russin Oficial,29694,612,82
2026-09-01 11:08,Instagram,DcejUvVJHci,Kaka,15482,934,97
2026-09-01 11:08,Instagram,Dcra68ap9K1,Evy Baddie,90755,2832,147
2026-09-01 11:08,Instagram,Dcrbn9tJQgc,Fidelisx,62042,4882,136
2026-09-01 11:08,Instagram,DcloboBPkjy,Kaka,40690,2853,94
2026-09-01 11:08,Instagram,Dcju-knuO4d,Kysha,456622,23692,419
2026-09-01 11:08,Instagram,DcuK4Y4q0Zq,Casa Saturno,34543,727,118
2026-09-01 11:08,Instagram,DctEXO0FAXn,Casa Saturno,12808,575,52
2026-09-01 11:08,Instagram,DcjDw3cBheT,Evy Baddie,47916,1826,325
2026-09-01 11:08,Instagram,DcuA3KIx6PH,Kaka,26461,979,31
2026-09-01 13:14,YouTube,7oejc-6hFnc,Casa Saturno,25691,1641,22
2026-09-01 13:14,YouTube,ZqRoYUw9eBc,Kaka,2027,208,0
2026-09-01 13:14,YouTube,KXVVNZEWnJc,Fidelisx,16179,2029,33
2026-09-01 13:14,YouTube,3TkeES-EIp4,Kysha e Mine,16815,907,71
2026-09-01 13:14,YouTube,tY8yC5VfFXQ,Kysha e Mine,21894,1621,38
2026-09-01 13:14,YouTube,TznODxasMkY,Kaka,31538,2225,21
2026-09-01 13:14,YouTube,tu-87nSXI14,Evy Baddie,61777,2834,56
2026-09-01 13:14,YouTube,jdHn4xBencU,Argentino,36390,3327,84
2026-09-01 13:14,YouTube,SEyAXvNFc2U,Argentino,42680,2578,94
2026-09-01 13:14,YouTube,GFddvJLyzN8,Casa Saturno,15054,980,21
2026-09-01 13:14,YouTube,ZcbmkFiGTr4,Casa Saturno,21206,1754,23
2026-09-01 13:14,YouTube,03M2DIux6uU,Russin Oficial,4711,668,10
2026-09-01 13:14,YouTube,nHV3tvgXNow,Fidelisx,36033,2287,44
2026-09-01 13:14,YouTube,K7MQDVY0T7s,Kaka,4231,419,0
2026-09-01 13:14,YouTube,WPbxgT6Bm5o,Argentino,27860,2051,46
2026-09-01 13:14,YouTube,RyTFyLuOE6w,Kysha e Mine,24135,1247,44
2026-09-01 13:14,YouTube,fDhNv2MeBZ0,Kysha e Mine,213528,6374,131
2026-09-01 13:14,YouTube,EDLNzDwfwhA,Fidelisx,170886,4628,62
2026-09-01 13:14,YouTube,nPkHUMXn5wo,Kaka,8897,973,15
2026-09-01 13:14,YouTube,hIlVY-qbIgE,Russin Oficial,10521,682,25
2026-09-01 13:14,YouTube,qdcNmgqNO8U,Russin Oficial,6271,575,9
2026-09-01 13:14,YouTube,Z00hQFhP6JE,Evy Baddie,8734,1448,44
2026-09-01 13:14,YouTube,eXaxGAjw2gU,Casa Saturno,0,65,20
2026-09-01 13:14,YouTube,AcUbQpt62XU,Casa Saturno,4755,1035,18
2026-09-01 13:14,YouTube,gPsrRLJj1E0,Argentino,89331,4997,258
2026-09-01 13:14,YouTube,D6DhXMUsThg,Russin Oficial,5993,400,8
2026-09-01 13:14,YouTube,JsAfFId4ID8,Russin Oficial,3170,350,14
2026-09-01 13:14,YouTube,Jr461C3Z6DA,Kysha e Mine,540,225,23
2026-09-01 13:14,YouTube,OSc9xjMf6ro,Argentino,57577,2977,72
2026-09-01 13:14,YouTube,x80IMopBCQA,Fidelisx,20542,2152,50
2026-09-01 13:14,YouTube,Al7RDPxPdoY,Fidelisx,28819,2515,80
2026-09-01 13:14,YouTube,IRnuoxJQAoQ,Argentino,112080,3772,46
2026-09-01 13:14,YouTube,RFEv55d5Nak,Evy Baddie,11840,1747,44
2026-09-01 13:14,YouTube,Bb6C6gJ9Ric,Russin Oficial,2814,262,7
2026-09-01 13:14,YouTube,uq4-FTSn33w,Argentino,84752,3277,74
2026-09-01 13:14,YouTube,TXMpZxkANuk,Kaka,1922,227,0
2026-09-01 13:14,YouTube,XAEi2TTPttk,Russin Oficial,17644,1539,21
2026-09-01 13:14,YouTube,OAfKZ7IJqyA,Fidelisx,24055,2895,44
2026-09-01 13:14,YouTube,3YnA_tRX21Y,Fidelisx,14811,1520,43
2026-09-01 13:14,YouTube,JVCQBrDyTFw,Casa Saturno,612,107,8
2026-09-01 13:14,YouTube,r61VKHB3Q_A,Kysha e Mine,79945,3378,72
2026-09-01 13:14,YouTube,aJpwqtl5ku0,Evy Baddie,15159,1594,41
2026-09-01 13:14,YouTube,_F989pvMlA0,Kaka,15311,1148,25
2026-09-01 13:14,YouTube,wstoful1HRk,Evy Baddie,17915,1873,26
2026-09-01 13:14,YouTube,QmmvfJcHTcQ,Fidelisx,57759,2751,38
2026-09-01 13:14,YouTube,d1SdjugEE6U,Argentino,19992,1528,128
2026-09-01 13:14,YouTube,F1G9bt8FGi8,Fidelisx,3787,725,37
2026-09-01 13:14,YouTube,nAw2gAElJLI,Fidelisx,8182,1267,128
2026-09-01 13:14,YouTube,2ffZXQ6jBdA,Casa Saturno,2118,520,15
2026-09-01 13:14,YouTube,-on80mhujks,Casa Saturno,11238,1762,34
2026-09-01 13:14,YouTube,ZHoN1GWAPpg,Russin Oficial,4772,552,10
2026-09-01 13:14,YouTube,MfrRvC8fsoE,Kysha e Mine,40471,2372,72
2026-09-01 13:14,YouTube,T5JsVddqAK0,Evy Baddie,14357,1546,37
2026-09-01 13:14,YouTube,Ar0JNtjPS9w,Fidelisx,22549,2187,36
2026-09-01 13:14,YouTube,nyi4a_jPpRE,Russin Oficial,32,14,2
2026-09-01 13:14,YouTube,vYg4HBI94vw,Casa Saturno,20923,2452,29
2026-09-01 13:14,YouTube,jXpLIvY1NQo,Kysha e Mine,35776,2221,68
2026-09-01 13:14,YouTube,WWevNDbRFbM,Evy Baddie,1701,314,15
2026-09-01 13:14,YouTube,OxMl8aaUB3c,Casa Saturno,21927,1544,22
2026-09-01 13:14,YouTube,CG42U0D_EdM,Evy Baddie,7717,981,41
2026-09-01 13:14,YouTube,8uTn8u_FCc4,Kysha e Mine,10622,1314,50
2026-09-01 13:14,YouTube,AMPMNFWfPfo,Kysha e Mine,27644,1954,115
2026-09-01 13:14,YouTube,MlCwDH2YPmI,Russin Oficial,11402,1069,19
2026-09-01 13:14,YouTube,xfJTwJxrrgI,Argentino,30849,2280,37
2026-09-01 13:14,YouTube,A8BoBg6qP5M,Casa Saturno,146889,3544,59
2026-09-01 13:14,YouTube,FdxnwlJa2sk,Kaka,871,183,0
2026-09-01 13:14,YouTube,2Y0wCAr4tPs,Casa Saturno,26480,1245,78
2026-09-01 13:14,YouTube,0h3A3dUFPxw,Fidelisx,37324,3387,66
2026-09-01 13:14,YouTube,neQbz3LPwhE,Evy Baddie,17464,2172,51
2026-09-01 13:14,YouTube,Tpz59zMQcVM,Fidelisx,14784,1398,23
2026-09-01 13:14,YouTube,O9YlFfIpOwg,Evy Baddie,27126,2976,58
2026-09-01 13:14,YouTube,TY9Y_PKTdqM,Kysha e Mine,63565,3749,167
2026-09-01 13:14,YouTube,5nxUvVgWYC0,Russin Oficial,493,76,3
2026-09-01 13:14,YouTube,fyOd1AQ_kGM,Russin Oficial,24187,1189,13
2026-09-01 13:14,YouTube,3e1MhSF3VAo,Casa Saturno,19067,1333,30
2026-09-01 13:14,YouTube,LMZcTB5yfY8,Evy Baddie,65558,4310,674
2026-09-01 13:14,YouTube,t_B9UXfpX5g,Kaka,3262,295,0
2026-09-01 13:14,YouTube,_e9eTT3RaFg,Argentino,40695,2946,77
2026-09-01 13:14,YouTube,T_RQw5z57Z4,Evy Baddie,28843,2758,56
2026-09-01 13:14,YouTube,GhqwB5RtS1k,Argentino,36614,2114,52
2026-09-01 13:14,YouTube,13AzY6Ipr-8,Fidelisx,40592,3205,53
2026-09-01 13:14,YouTube,kxdinZ2tRxM,Kaka,3039,339,16
2026-09-01 13:14,YouTube,CsGBwpqQs9s,Evy Baddie,24060,2699,66
2026-09-01 13:14,YouTube,4aQuHvOpwpo,Kaka,5794,540,16
2026-09-01 13:14,YouTube,GBdSTtkHfN4,Fidelisx,21724,1857,29
2026-09-01 13:14,YouTube,gR3-u7WfISY,Kaka,19080,1339,14
2026-09-01 13:14,YouTube,sAGK2yalbtk,Argentino,33572,1049,30
2026-09-01 13:14,YouTube,L8Bwz_lZMGw,Kysha e Mine,36226,1660,90
2026-09-01 13:14,YouTube,zmSNEu8aMWA,Casa Saturno,2619,617,30
2026-09-01 13:14,YouTube,oNU3ihEGMkM,Russin Oficial,4296,420,9
2026-09-01 13:14,YouTube,M4uEQqwaxjk,Kysha e Mine,20340,471,21
2026-09-01 13:14,YouTube,ZT9AeKzyxwg,Russin Oficial,30675,1804,19
2026-09-01 13:14,YouTube,fZJFfinnqjM,Kaka,36768,1654,54
2026-09-01 13:14,YouTube,1e7EVLTTA8M,Kaka,6848,931,24
2026-09-01 13:14,YouTube,g5xcJD8rVmM,Evy Baddie,20094,2008,48
2026-09-01 13:14,YouTube,p0nswdmUC9Y,Kysha e Mine,28539,2653,80
2026-09-01 13:14,YouTube,DswtrbcsRVc,Argentino,105191,3689,56
2026-09-01 13:14,YouTube,dj-vVCI1Hl0,Kysha e Mine,0,61,8
2026-09-01 13:14,YouTube,A2_dPg-9fEg,Kaka,4778,562,30
2026-09-01 13:14,YouTube,OvY-GIZyp5c,Russin Oficial,16145,1201,223
2026-09-01 13:14,YouTube,S_JMh8H5M-E,Casa Saturno,28389,2051,61
2026-09-01 13:14,YouTube,-vxGWIUdjJQ,Evy Baddie,18644,2144,58
2026-09-02 11:17,Instagram,DcmS0h1ROyA,Mine,108176,4284,222
2026-09-02 11:17,Instagram,DcoO6h5Ebx5,Mine,,31718,473
2026-09-02 11:17,Instagram,Dcjt2YRp1vo,Kysha e Mine,47606,1176,30
2026-09-02 11:17,Instagram,DcgcMgbo13i,Mine,96733,2147,102
2026-09-02 11:17,Instagram,DcmorFTOZyU,Argentino,14715,1228,71
2026-09-02 11:17,Instagram,Dcra68ap9K1,Evy Baddie,96462,3103,150
2026-09-02 11:17,Instagram,DcuUws8pbQ2,Kaka,24059,1552,41
2026-09-02 11:17,Instagram,Dcwk8M7xDW2,Kysha e Mine,29918,402,17
2026-09-02 11:17,Instagram,Dct4TUQpT6k,Casa Saturno,16556,1160,40
2026-09-02 11:17,Instagram,DcuVwrGJQmo,Russin Oficial,10935,291,21
2026-09-02 11:17,Instagram,Dcwk8wXxDzG,Casa Saturno,36185,2040,117
2026-09-02 11:17,Instagram,DcuK4Y4q0Zq,Casa Saturno,46738,803,122
2026-09-02 11:17,Instagram,Dclp57yxo52,Russin Oficial,56807,593,36
2026-09-02 11:17,Instagram,DcjF0PDuThw,Argentino,16953,1368,71
2026-09-02 11:17,Instagram,Dco2mGnh3XV,Evy Baddie,55210,4311,102
2026-09-02 11:17,Instagram,Dcwk8qHBvJN,Kaka,4681,420,30
2026-09-02 11:17,Instagram,DcuA3KIx6PH,Kaka,34100,1195,34
2026-09-02 11:17,Instagram,DcrHzewp6T-,Evy Baddie,16444,999,104
2026-09-02 11:17,Instagram,Dcw5ye7xAHf,Kaka,6695,399,22
2026-09-02 11:17,Instagram,DctCYqkgcQA,Kysha e Mine,73887,967,49
2026-09-02 11:17,Instagram,DcoPpDVpkLJ,Evy Baddie,39252,1847,258
2026-09-02 11:17,Instagram,DclokkNhJJq,Evy Baddie,20789,1340,101
2026-09-02 11:17,Instagram,DchH_d8pXRN,Kaka,18853,1230,105
2026-09-02 11:17,Instagram,DcmS0h1ROyA,Fidelisx,108176,4284,222
2026-09-02 11:17,Instagram,DcgmKobR7LI,Kysha e Mine,61380,1646,99
2026-09-02 11:17,Instagram,DcuA3KIx6PH,Russin Oficial,34105,1196,34
2026-09-02 11:17,Instagram,DckFtNUJ5px,Russin Oficial,35033,1035,50
2026-09-02 11:17,Instagram,DcjeQUQvKWW,Argentino,66799,3472,69
2026-09-02 11:17,Instagram,DcuNmp-ufc8,Kysha,90984,9828,151
2026-09-02 11:17,Instagram,DcrfeSCpkeg,Russin Oficial,10709,340,29
2026-09-02 11:17,Instagram,DcloboBPkjy,Kaka,42161,2957,94
2026-09-02 11:17,Instagram,DcmS0h1ROyA,Kysha,108176,4284,222
2026-09-02 11:17,Instagram,Dcq2Oe1u2nj,Argentino,44345,2787,165
2026-09-02 11:17,Instagram,DcmS0h1ROyA,Argentino,108176,4284,222
2026-09-02 11:17,Instagram,DcrxjqLib3l,Kaka,,2079,79
2026-09-02 11:17,Instagram,DcgcMgbo13i,Kysha,96732,2147,102
2026-09-02 11:17,Instagram,DcogDUvutM3,Kysha,127459,6828,185
2026-09-02 11:17,Instagram,Dcv7vIcx1zR,Evy Baddie,27111,1800,139
2026-09-02 11:17,Instagram,Dcvn5ogk_pO,Casa Saturno,15198,907,30
2026-09-02 11:17,Instagram,DcuVFMqpmt1,Evy Baddie,84813,3139,111
2026-09-02 11:17,Instagram,DcjvF5Ypc16,Evy Baddie,80111,4271,237
2026-09-02 11:17,Instagram,DcjfhrmpITr,Russin Oficial,73792,2416,87
2026-09-02 11:17,Instagram,Dco-5zJO08U,Kysha,23763,1327,93
2026-09-02 11:17,Instagram,Dco1qjWSz9z,Argentino,105064,6915,111
2026-09-02 11:17,Instagram,DcjwbjDkUFu,Fidelisx,,43074,528
2026-09-02 11:17,Instagram,DcwMcj9xjrB,Casa Saturno,,482,44
2026-09-02 11:17,Instagram,DcjwbjDkUFu,Mine,,43074,528
2026-09-02 11:17,Instagram,DcwyxLBBRHH,Evy Baddie,23361,1510,105
2026-09-02 11:17,Instagram,Dcwkxy-C0Q5,Casa Saturno,52626,953,118
2026-09-02 11:17,Instagram,DcjwbjDkUFu,Kysha,,43074,528
2026-09-02 11:17,Instagram,DcoNw4DRkun,Kaka,108239,4661,105
2026-09-02 11:17,Instagram,DcjwbjDkUFu,Argentino,,43075,528
2026-09-02 11:17,Instagram,DcrxI0HpyDO,Kaka,13626,825,32
2026-09-02 11:17,Instagram,DcgcMgbo13i,Kysha e Mine,96730,2147,102
2026-09-02 11:17,Instagram,Dcv0z20kZY9,Casa Saturno,,634,45
2026-09-02 11:17,Instagram,Dcwmtoyp4Ji,Casa Saturno,19843,502,47
2026-09-02 11:17,Instagram,DchMgRQEW_8,Fidelisx,,4150,247
2026-09-02 11:17,Instagram,DcoaoxPuAgc,Argentino,24412,1565,110
2026-09-02 11:17,Instagram,DcrwpVoJazh,Russin Oficial,10766,347,58
2026-09-02 11:17,Instagram,DcuJvxbxk6k,Evy Baddie,16174,850,42
2026-09-02 11:17,Instagram,Dclosj6x71-,Argentino,30524,1825,49
2026-09-02 11:17,Instagram,Dctg4IYu1fv,Kysha e Mine,,856,54
2026-09-02 11:17,Instagram,DcwmLiihHO5,Kysha e Mine,139283,11492,225
2026-09-02 11:17,Instagram,DcwC5n_COZ5,Casa Saturno,,678,73
2026-09-02 11:17,Instagram,DcgezryvLfF,Kaka,13083,1158,45
2026-09-02 11:17,Instagram,Dcj3x3vuFSB,Argentino,18211,1837,91
2026-09-02 11:17,Instagram,DcmR1niBY1S,Evy Baddie,21164,2263,150
2026-09-02 11:17,Instagram,DcjFEEESto1,Kaka,14954,1141,76
2026-09-02 11:17,Instagram,Dcrbn9tJQgc,Fidelisx,66122,5161,136
2026-09-02 11:17,Instagram,DchJJF1gvLe,Russin Oficial,30626,957,49
2026-09-02 11:17,Instagram,DcjR_ErOd5m,Kysha,128132,6869,221
2026-09-02 11:17,Instagram,Dco2oQ5hKPz,Kaka,13671,821,87
2026-09-02 11:17,Instagram,DcoSYDMxLKb,Russin Oficial,30828,628,82
2026-09-02 11:17,Instagram,Dcju-knuO4d,Kysha,464422,24174,433
2026-09-02 11:17,Instagram,DcoqJPruKKs,Kysha e Mine,46472,2069,200
2026-09-02 11:17,Instagram,Dcwmtoyp4Ji,Russin Oficial,19869,502,47
2026-09-02 11:17,Instagram,DcoO6h5Ebx5,Fidelisx,,31718,473
2026-09-02 11:17,Instagram,DchENgEv_wG,Argentino,16453,1169,65
2026-09-02 11:17,Instagram,Dcwk8wXxDzG,Evy Baddie,36194,2041,117
2026-09-02 11:17,Instagram,DcwBXMuAo6H,Casa Saturno,13470,940,52
2026-09-02 13:10,YouTube,1e7EVLTTA8M,Kaka,7409,993,26
2026-09-02 13:10,YouTube,IRnuoxJQAoQ,Argentino,118026,3882,47
2026-09-02 13:10,YouTube,r61VKHB3Q_A,Kysha e Mine,156443,4986,92
2026-09-02 13:10,YouTube,KNJo_Ng2ryY,Casa Saturno,993,190,9
2026-09-02 13:10,YouTube,p0nswdmUC9Y,Kysha e Mine,32007,2784,82
2026-09-02 13:10,YouTube,kxdinZ2tRxM,Kaka,3219,356,16
2026-09-02 13:10,YouTube,xDkd5FMoHjs,Kysha e Mine,0,47,7
2026-09-02 13:10,YouTube,askNuvnQRiM,Casa Saturno,3094,519,14
2026-09-02 13:10,YouTube,JsAfFId4ID8,Russin Oficial,5889,512,15
2026-09-02 13:10,YouTube,nAw2gAElJLI,Fidelisx,13907,1724,178
2026-09-02 13:10,YouTube,GBdSTtkHfN4,Fidelisx,24449,1995,29
2026-09-02 13:10,YouTube,13AzY6Ipr-8,Fidelisx,43779,3316,52
2026-09-02 13:10,YouTube,M4uEQqwaxjk,Kysha e Mine,27454,508,21
2026-09-02 13:10,YouTube,03M2DIux6uU,Russin Oficial,6084,836,11
2026-09-02 13:10,YouTube,hIlVY-qbIgE,Russin Oficial,12052,756,26
2026-09-02 13:10,YouTube,DswtrbcsRVc,Argentino,111174,3787,56
2026-09-02 13:10,YouTube,XAEi2TTPttk,Russin Oficial,19592,1602,22
2026-09-02 13:10,YouTube,nhw6nD33IxA,Fidelisx,2975,379,12
2026-09-02 13:10,YouTube,3YnA_tRX21Y,Fidelisx,17126,1644,43
2026-09-02 13:10,YouTube,qdcNmgqNO8U,Russin Oficial,6710,606,10
2026-09-02 13:10,YouTube,AR1Z4AHDEjQ,Casa Saturno,0,49,19
2026-09-02 13:10,YouTube,OSc9xjMf6ro,Argentino,60183,3053,75
2026-09-02 13:10,YouTube,ZcbmkFiGTr4,Casa Saturno,28414,2125,25
2026-09-02 13:10,YouTube,eNSjLy03eXk,Kysha e Mine,1675,288,22
2026-09-02 13:10,YouTube,jdHn4xBencU,Argentino,39135,3488,87
2026-09-02 13:10,YouTube,D6DhXMUsThg,Russin Oficial,7068,455,8
2026-09-02 13:10,YouTube,EDLNzDwfwhA,Fidelisx,421620,7196,80
2026-09-02 13:10,YouTube,dj-vVCI1Hl0,Kysha e Mine,0,108,19
2026-09-02 13:10,YouTube,A8BoBg6qP5M,Casa Saturno,196373,4082,68
2026-09-02 13:10,YouTube,AcUbQpt62XU,Casa Saturno,8710,1597,25
2026-09-02 13:10,YouTube,S_JMh8H5M-E,Casa Saturno,30471,2163,62
2026-09-02 13:10,YouTube,fDhNv2MeBZ0,Kysha e Mine,245695,7079,135
2026-09-02 13:10,YouTube,K7MQDVY0T7s,Kaka,4448,430,0
2026-09-02 13:10,YouTube,O9YlFfIpOwg,Evy Baddie,29356,3094,58
2026-09-02 13:10,YouTube,Z00hQFhP6JE,Evy Baddie,11934,1680,51
2026-09-02 13:10,YouTube,g5xcJD8rVmM,Evy Baddie,24638,2244,49
2026-09-02 13:10,YouTube,Al7RDPxPdoY,Fidelisx,31593,2658,83
2026-09-02 13:10,YouTube,tY8yC5VfFXQ,Kysha e Mine,23637,1700,39
2026-09-02 13:10,YouTube,L8Bwz_lZMGw,Kysha e Mine,39137,1722,94
2026-09-02 13:10,YouTube,oNU3ihEGMkM,Russin Oficial,4962,477,9
2026-09-02 13:10,YouTube,MlCwDH2YPmI,Russin Oficial,11951,1083,19
2026-09-02 13:10,YouTube,FdxnwlJa2sk,Kaka,1237,221,0
2026-09-02 13:10,YouTube,uq4-FTSn33w,Argentino,97091,3521,82
2026-09-02 13:10,YouTube,wstoful1HRk,Evy Baddie,20124,2006,26
2026-09-02 13:10,YouTube,nPkHUMXn5wo,Kaka,10548,1087,15
2026-09-02 13:10,YouTube,neQbz3LPwhE,Evy Baddie,18714,2242,51
2026-09-02 13:10,YouTube,CG42U0D_EdM,Evy Baddie,8803,1049,41
2026-09-02 13:10,YouTube,nyi4a_jPpRE,Russin Oficial,461,79,2
2026-09-02 13:10,YouTube,6x0yVhkmFhg,Kysha e Mine,9489,1238,34
2026-09-02 13:10,YouTube,ZqRoYUw9eBc,Kaka,2162,218,0
2026-09-02 13:10,YouTube,-on80mhujks,Casa Saturno,13362,2151,34
2026-09-02 13:10,YouTube,M2xDXR2uXZg,Russin Oficial,1427,93,7
2026-09-02 13:10,YouTube,TY9Y_PKTdqM,Kysha e Mine,68600,3950,174
2026-09-02 13:10,YouTube,TznODxasMkY,Kaka,38741,2531,21
2026-09-02 13:10,YouTube,GhqwB5RtS1k,Argentino,37730,2150,52
2026-09-02 13:10,YouTube,aJpwqtl5ku0,Evy Baddie,17325,1740,42
2026-09-02 13:10,YouTube,CsGBwpqQs9s,Evy Baddie,25094,2758,66
2026-09-02 13:10,YouTube,2ffZXQ6jBdA,Casa Saturno,12579,1613,23
2026-09-02 13:10,YouTube,fZJFfinnqjM,Kaka,41919,1802,57
2026-09-02 13:10,YouTube,TXMpZxkANuk,Kaka,2175,245,0
2026-09-02 13:10,YouTube,WPbxgT6Bm5o,Argentino,29273,2104,47
2026-09-02 13:10,YouTube,tu-87nSXI14,Evy Baddie,127178,3730,63
2026-09-02 13:10,YouTube,gR3-u7WfISY,Kaka,30785,1641,21
2026-09-02 13:10,YouTube,T5JsVddqAK0,Evy Baddie,46467,3034,49
2026-09-02 13:10,YouTube,MfrRvC8fsoE,Kysha e Mine,43631,2473,74
2026-09-02 13:10,YouTube,SEyAXvNFc2U,Argentino,43583,2612,95
2026-09-02 13:10,YouTube,Ar0JNtjPS9w,Fidelisx,23508,2218,38
2026-09-02 13:10,YouTube,3TkeES-EIp4,Kysha e Mine,22966,1093,74
2026-09-02 13:10,YouTube,3e1MhSF3VAo,Casa Saturno,20515,1398,30
2026-09-02 13:10,YouTube,Oj8xnv4JvXM,Argentino,9672,1141,35
2026-09-02 13:10,YouTube,F1G9bt8FGi8,Fidelisx,23216,2487,82
2026-09-02 13:10,YouTube,OxMl8aaUB3c,Casa Saturno,29211,1814,23
2026-09-02 13:10,YouTube,OAfKZ7IJqyA,Fidelisx,26201,3017,45
2026-09-02 13:10,YouTube,ylpJT9kXqz0,Kaka,1573,271,0
2026-09-02 13:10,YouTube,WWevNDbRFbM,Evy Baddie,9097,1465,21
2026-09-02 13:10,YouTube,x80IMopBCQA,Fidelisx,25502,2366,51
2026-09-02 13:10,YouTube,JVCQBrDyTFw,Casa Saturno,28600,2002,27
2026-09-02 13:10,YouTube,8uTn8u_FCc4,Kysha e Mine,17981,1933,56
2026-09-02 13:10,YouTube,5nxUvVgWYC0,Russin Oficial,696,89,3
2026-09-02 13:10,YouTube,ZT9AeKzyxwg,Russin Oficial,32619,1859,19
2026-09-02 13:10,YouTube,BCDPJUCWGCQ,Evy Baddie,6736,799,22
2026-09-02 13:10,YouTube,Utr7rZHVkmM,Russin Oficial,3581,370,22
2026-09-02 13:10,YouTube,Jr461C3Z6DA,Kysha e Mine,6197,429,35
2026-09-02 13:10,YouTube,_e9eTT3RaFg,Argentino,42617,3019,81
2026-09-02 13:10,YouTube,zmSNEu8aMWA,Casa Saturno,5126,1011,40
2026-09-02 13:10,YouTube,4aQuHvOpwpo,Kaka,6737,608,18
2026-09-02 13:10,YouTube,T_RQw5z57Z4,Evy Baddie,31541,2905,56
2026-09-02 13:10,YouTube,t_B9UXfpX5g,Kaka,3517,308,0
2026-09-02 13:10,YouTube,xfJTwJxrrgI,Argentino,32554,2331,38
2026-09-02 13:10,YouTube,QmmvfJcHTcQ,Fidelisx,58955,2792,38
2026-09-02 13:10,YouTube,7oejc-6hFnc,Casa Saturno,27990,1736,23
2026-09-02 13:10,YouTube,0h3A3dUFPxw,Fidelisx,40273,3536,67
2026-09-02 13:10,YouTube,KXVVNZEWnJc,Fidelisx,17537,2101,33
2026-09-02 13:10,YouTube,d1SdjugEE6U,Argentino,21707,1610,133
2026-09-02 13:10,YouTube,sAGK2yalbtk,Argentino,43913,1299,35
2026-09-02 13:10,YouTube,fyOd1AQ_kGM,Russin Oficial,25614,1231,15
2026-09-02 13:10,YouTube,YfA5AbHm01c,Evy Baddie,10436,1501,38
2026-09-02 13:10,YouTube,eXaxGAjw2gU,Casa Saturno,15051,1041,115
2026-09-02 13:10,YouTube,64k7QJP7AsE,Evy Baddie,7642,1333,31
2026-09-02 13:10,YouTube,Bb6C6gJ9Ric,Russin Oficial,3491,318,8
2026-09-02 13:10,YouTube,ZWMkMsHyACE,Fidelisx,7862,1130,23
2026-09-02 18:16,Instagram,DcgcMgbo13i,Kysha,97729,2180,102
2026-09-02 18:16,Instagram,Dco2mGnh3XV,Evy Baddie,55772,4358,103
2026-09-02 18:16,Instagram,Dctg4IYu1fv,Kysha e Mine,,887,57
2026-09-02 18:16,Instagram,DcrxjqLib3l,Kaka,,2120,79
2026-09-02 18:16,Instagram,DcuUws8pbQ2,Kaka,24637,1597,41
2026-09-02 18:16,Instagram,DcwyxLBBRHH,Evy Baddie,29549,1948,117
2026-09-02 18:16,Instagram,DcwMcj9xjrB,Casa Saturno,,558,45
2026-09-02 18:16,Instagram,DcuVwrGJQmo,Russin Oficial,11151,301,22
2026-09-02 18:16,Instagram,DcoaoxPuAgc,Argentino,24882,1592,111
2026-09-02 18:16,Instagram,DcmS0h1ROyA,Kysha,109776,4343,224
2026-09-02 18:16,Instagram,DcuA3KIx6PH,Kaka,35161,1234,34
2026-09-02 18:16,Instagram,DcoO6h5Ebx5,Mine,,32142,476
2026-09-02 18:16,Instagram,DcmorFTOZyU,Argentino,15057,1246,71
2026-09-02 18:16,Instagram,DcyxG6KiSk5,Casa Saturno,2057,142,9
2026-09-02 18:16,Instagram,Dcwmtoyp4Ji,Casa Saturno,23182,591,49
2026-09-02 18:16,Instagram,DcoO6h5Ebx5,Fidelisx,,32142,476
2026-09-02 18:16,Instagram,DcoqJPruKKs,Kysha e Mine,47484,2105,200
2026-09-02 18:16,Instagram,DcjwbjDkUFu,Argentino,,43224,528
2026-09-02 18:16,Instagram,DcuVFMqpmt1,Evy Baddie,91572,3525,115
2026-09-02 18:16,Instagram,DcmR1niBY1S,Evy Baddie,21335,2280,151
2026-09-02 18:16,Instagram,DcwBXMuAo6H,Casa Saturno,14875,1052,55
2026-09-02 18:16,Instagram,DcuNmp-ufc8,Kysha,95770,10410,155
2026-09-02 18:16,Instagram,DcgmKobR7LI,Kysha e Mine,61696,1659,99
2026-09-02 18:16,Instagram,Dcwk8wXxDzG,Casa Saturno,48101,2547,130
2026-09-02 18:16,Instagram,DcjvF5Ypc16,Evy Baddie,80475,4293,237
2026-09-02 18:16,Instagram,Dcyg247xzuj,Russin Oficial,7439,197,16
2026-09-02 18:16,Instagram,DcogDUvutM3,Kysha,128613,6887,185
2026-09-02 18:16,Instagram,DcjwbjDkUFu,Mine,,43224,528
2026-09-02 18:16,Instagram,DcrfeSCpkeg,Russin Oficial,10837,341,29
2026-09-02 18:16,Instagram,DckFtNUJ5px,Russin Oficial,35231,1041,50
2026-09-02 18:16,Instagram,DcgcMgbo13i,Mine,97730,2180,102
2026-09-02 18:16,Instagram,DcjwbjDkUFu,Fidelisx,,43224,528
2026-09-02 18:16,Instagram,Dco-5zJO08U,Kysha,24588,1383,93
2026-09-02 18:16,Instagram,DcoSYDMxLKb,Russin Oficial,31224,634,84
2026-09-02 18:16,Instagram,DcmS0h1ROyA,Mine,109776,4343,224
2026-09-02 18:16,Instagram,Dcyqz87DsUN,Argentino,,5421,321
2026-09-02 18:16,Instagram,DcgezryvLfF,Kaka,13137,1163,45
2026-09-02 18:16,Instagram,DcmS0h1ROyA,Fidelisx,109776,4343,224
2026-09-02 18:16,Instagram,Dco2oQ5hKPz,Kaka,13776,828,87
2026-09-02 18:16,Instagram,DcrxI0HpyDO,Kaka,13892,835,32
2026-09-02 18:16,Instagram,Dcwmtoyp4Ji,Russin Oficial,23185,591,49
2026-09-02 18:16,Instagram,DcrwpVoJazh,Russin Oficial,10893,349,58
2026-09-02 18:16,Instagram,Dco1qjWSz9z,Argentino,106155,6968,112
2026-09-02 18:16,Instagram,Dcwk8M7xDW2,Kysha e Mine,36959,502,19
2026-09-02 18:16,Instagram,DcmS0h1ROyA,Argentino,109776,4343,224
2026-09-02 18:16,Instagram,Dcju-knuO4d,Kysha,467789,24340,436
2026-09-02 18:16,Instagram,DcjfhrmpITr,Russin Oficial,74272,2436,87
2026-09-02 18:16,Instagram,DchJJF1gvLe,Russin Oficial,30859,964,49
2026-09-02 18:16,Instagram,Dcwk8M7xDW2,Casa Saturno,36959,502,19
2026-09-02 18:16,Instagram,DcjFEEESto1,Kaka,15089,1148,76
2026-09-02 18:16,Instagram,DctCYqkgcQA,Kysha e Mine,74826,992,49
2026-09-02 18:16,Instagram,DchH_d8pXRN,Kaka,18977,1236,105
2026-09-02 18:16,Instagram,Dcrbn9tJQgc,Fidelisx,67517,5283,137
2026-09-02 18:16,Instagram,DcjR_ErOd5m,Kysha,129301,6943,221
2026-09-02 18:16,Instagram,Dcwk8wXxDzG,Evy Baddie,48101,2547,130
2026-09-02 18:16,Instagram,Dcv0z20kZY9,Casa Saturno,,669,45
2026-09-02 18:16,Instagram,Dcq2Oe1u2nj,Argentino,45034,2827,166
2026-09-02 18:16,Instagram,DcoNw4DRkun,Kaka,110181,4737,106
2026-09-02 18:16,Instagram,Dcj3x3vuFSB,Argentino,18449,1848,91
2026-09-02 18:16,Instagram,Dclp57yxo52,Russin Oficial,57000,594,36
2026-09-02 18:16,Instagram,Dcwk8qHBvJN,Kaka,5314,467,31
2026-09-02 18:16,Instagram,DclokkNhJJq,Evy Baddie,20883,1345,101
2026-09-02 18:16,Instagram,DcoPpDVpkLJ,Evy Baddie,39461,1860,258
2026-09-02 18:16,Instagram,DcuA3KIx6PH,Russin Oficial,35161,1234,34
2026-09-02 18:16,Instagram,DcwmLiihHO5,Kysha e Mine,251030,18899,253
2026-09-02 18:16,Instagram,DcjeQUQvKWW,Argentino,67272,3503,69
2026-09-02 18:16,Instagram,Dcwkxy-C0Q5,Casa Saturno,65988,1055,121
2026-09-02 18:16,Instagram,DcgcMgbo13i,Kysha e Mine,97729,2180,102
2026-09-02 18:16,Instagram,DcuJvxbxk6k,Evy Baddie,16953,897,42
2026-09-02 18:16,Instagram,DchMgRQEW_8,Fidelisx,,4174,248
2026-09-02 18:16,Instagram,Dcyc1-ljVA0,Casa Saturno,9854,531,34
2026-09-02 18:16,Instagram,DcloboBPkjy,Kaka,42416,2987,94
2026-09-02 18:16,Instagram,Dcv7vIcx1zR,Evy Baddie,28517,1897,144
2026-09-02 18:16,Instagram,Dcra68ap9K1,Evy Baddie,98061,3191,150
2026-09-02 18:16,Instagram,Dcw5ye7xAHf,Kaka,7706,483,24
2026-09-02 18:16,Instagram,DcrHzewp6T-,Evy Baddie,16633,1020,104
2026-09-02 18:16,Instagram,Dcyqz87DsUN,Kysha,,5412,321
2026-09-02 18:16,Instagram,DcjF0PDuThw,Argentino,17093,1374,72
2026-09-02 18:16,Instagram,DcwC5n_COZ5,Casa Saturno,,727,75
2026-09-02 18:16,Instagram,Dcjt2YRp1vo,Kysha e Mine,48368,1200,30
2026-09-02 18:16,Instagram,DcjwbjDkUFu,Kysha,,43224,528
2026-09-02 18:16,Instagram,Dclosj6x71-,Argentino,30921,1836,49
2026-09-03 12:59,YouTube,eXaxGAjw2gU,Casa Saturno,21959,1224,127
2026-09-03 12:59,YouTube,9J03kOKbtoU,Kysha e Mine,0,58,7
2026-09-03 12:59,YouTube,CG42U0D_EdM,Evy Baddie,9533,1077,42
2026-09-03 12:59,YouTube,DswtrbcsRVc,Argentino,121482,3937,56
2026-09-03 12:59,YouTube,d1SdjugEE6U,Argentino,23155,1658,133
2026-09-03 12:59,YouTube,0h3A3dUFPxw,Fidelisx,43114,3690,68
2026-09-03 12:59,YouTube,nhw6nD33IxA,Fidelisx,16288,1637,25
2026-09-03 12:59,YouTube,oz31TPwsY7k,Kysha e Mine,5223,655,28
2026-09-03 12:59,YouTube,CsGBwpqQs9s,Evy Baddie,25829,2818,67
2026-09-03 12:59,YouTube,4aQuHvOpwpo,Kaka,7717,691,19
2026-09-03 12:59,YouTube,u250t9UYGHU,Evy Baddie,1782,364,12
2026-09-03 12:59,YouTube,oNU3ihEGMkM,Russin Oficial,5686,535,10
2026-09-03 12:59,YouTube,eNSjLy03eXk,Kysha e Mine,5719,730,38
2026-09-03 12:59,YouTube,GBdSTtkHfN4,Fidelisx,27229,2101,29
2026-09-03 12:59,YouTube,KNJo_Ng2ryY,Casa Saturno,11672,1128,19
2026-09-03 12:59,YouTube,TY9Y_PKTdqM,Kysha e Mine,76513,4170,183
2026-09-03 12:59,YouTube,dj-vVCI1Hl0,Kysha e Mine,11596,823,47
2026-09-03 12:59,YouTube,dd88D5k3Ak4,Casa Saturno,12910,1223,22
2026-09-03 12:59,YouTube,S_JMh8H5M-E,Casa Saturno,33439,2237,65
2026-09-03 12:59,YouTube,64k7QJP7AsE,Evy Baddie,11465,1737,35
2026-09-03 12:59,YouTube,g5xcJD8rVmM,Evy Baddie,27365,2316,49
2026-09-03 12:59,YouTube,hIlVY-qbIgE,Russin Oficial,12884,787,26
2026-09-03 12:59,YouTube,O9YlFfIpOwg,Evy Baddie,31162,3171,58
2026-09-03 12:59,YouTube,oKJux0f4mzk,Casa Saturno,2523,438,11
2026-09-03 12:59,YouTube,nyi4a_jPpRE,Russin Oficial,693,92,2
2026-09-03 12:59,YouTube,nPkHUMXn5wo,Kaka,11386,1135,15
2026-09-03 12:59,YouTube,Z00hQFhP6JE,Evy Baddie,13061,1751,52
2026-09-03 12:59,YouTube,AR1Z4AHDEjQ,Casa Saturno,0,132,30
2026-09-03 12:59,YouTube,D6DhXMUsThg,Russin Oficial,7970,475,8
2026-09-03 12:59,YouTube,KXVVNZEWnJc,Fidelisx,18752,2158,33
2026-09-03 12:59,YouTube,3LN4BQVAI6k,Kysha e Mine,6082,670,35
2026-09-03 12:59,YouTube,Al7RDPxPdoY,Fidelisx,33435,2735,85
2026-09-03 12:59,YouTube,r61VKHB3Q_A,Kysha e Mine,167975,5373,100
2026-09-03 12:59,YouTube,t_B9UXfpX5g,Kaka,3694,310,0
2026-09-03 12:59,YouTube,YfA5AbHm01c,Evy Baddie,15957,2018,40
2026-09-03 12:59,YouTube,gD_eY_SI2Bs,Casa Saturno,0,55,9
2026-09-03 12:59,YouTube,qxGTnwe5W5E,Fidelisx,1820,275,14
2026-09-03 12:59,YouTube,ZWMkMsHyACE,Fidelisx,12615,1568,24
2026-09-03 12:59,YouTube,p0nswdmUC9Y,Kysha e Mine,34428,2910,84
2026-09-03 12:59,YouTube,13AzY6Ipr-8,Fidelisx,46301,3432,52
2026-09-03 12:59,YouTube,Oj8xnv4JvXM,Argentino,15756,1547,37
2026-09-03 12:59,YouTube,xfJTwJxrrgI,Argentino,34528,2379,44
2026-09-03 12:59,YouTube,BCDPJUCWGCQ,Evy Baddie,14042,1239,26
2026-09-03 12:59,YouTube,UnIj8SUqnTI,Kysha e Mine,51840,3013,58
2026-09-03 12:59,YouTube,Jr461C3Z6DA,Kysha e Mine,9422,473,36
2026-09-03 12:59,YouTube,OSc9xjMf6ro,Argentino,65467,3169,77
2026-09-03 12:59,YouTube,7oejc-6hFnc,Casa Saturno,29518,1781,24
2026-09-03 12:59,YouTube,TznODxasMkY,Kaka,44173,2747,21
2026-09-03 12:59,YouTube,A8BoBg6qP5M,Casa Saturno,247807,4501,71
2026-09-03 12:59,YouTube,Utr7rZHVkmM,Russin Oficial,5730,521,23
2026-09-03 12:59,YouTube,askNuvnQRiM,Casa Saturno,5890,768,18
2026-09-03 12:59,YouTube,gR3-u7WfISY,Kaka,35392,1761,24
2026-09-03 12:59,YouTube,EGHsRIiETq8,Fidelisx,15365,1474,29
2026-09-03 12:59,YouTube,OAfKZ7IJqyA,Fidelisx,28429,3122,45
2026-09-03 12:59,YouTube,3YnA_tRX21Y,Fidelisx,19218,1753,43
2026-09-03 12:59,YouTube,JVCQBrDyTFw,Casa Saturno,35196,2229,32
2026-09-03 12:59,YouTube,x80IMopBCQA,Fidelisx,28942,2504,54
2026-09-03 12:59,YouTube,aJpwqtl5ku0,Evy Baddie,19210,1861,44
2026-09-03 12:59,YouTube,oZGdljLVmeE,Argentino,11443,1264,28
2026-09-03 12:59,YouTube,uq4-FTSn33w,Argentino,109123,3763,82
2026-09-03 12:59,YouTube,qdcNmgqNO8U,Russin Oficial,6808,609,10
2026-09-03 12:59,YouTube,3TkeES-EIp4,Kysha e Mine,25233,1154,75
2026-09-03 12:59,YouTube,ZT9AeKzyxwg,Russin Oficial,34897,1906,20
2026-09-03 12:59,YouTube,sAGK2yalbtk,Argentino,46214,1390,38
2026-09-03 12:59,YouTube,2ffZXQ6jBdA,Casa Saturno,19813,2260,25
2026-09-03 12:59,YouTube,TXMpZxkANuk,Kaka,2359,252,0
2026-09-03 12:59,YouTube,zmSNEu8aMWA,Casa Saturno,6532,1192,44
2026-09-03 12:59,YouTube,fyOd1AQ_kGM,Russin Oficial,27054,1270,16
2026-09-03 12:59,YouTube,M2xDXR2uXZg,Russin Oficial,2058,156,7
2026-09-03 12:59,YouTube,nAw2gAElJLI,Fidelisx,16088,1835,193
2026-09-03 12:59,YouTube,Bb6C6gJ9Ric,Russin Oficial,4119,360,8
2026-09-03 12:59,YouTube,ylpJT9kXqz0,Kaka,2338,336,0
2026-09-03 12:59,YouTube,UMc3eaOA2Hw,Russin Oficial,699,48,3
2026-09-03 12:59,YouTube,8uTn8u_FCc4,Kysha e Mine,21967,2301,57
2026-09-03 12:59,YouTube,IRnuoxJQAoQ,Argentino,126308,4010,47
2026-09-03 12:59,YouTube,F1G9bt8FGi8,Fidelisx,29803,2808,88
2026-09-03 12:59,YouTube,AcUbQpt62XU,Casa Saturno,10671,1925,24
2026-09-03 12:59,YouTube,FdxnwlJa2sk,Kaka,1521,250,0
2026-09-03 12:59,YouTube,WWevNDbRFbM,Evy Baddie,12295,1837,22
2026-09-03 12:59,YouTube,_e9eTT3RaFg,Argentino,45568,3103,82
2026-09-03 12:59,YouTube,EzTZ3z0xw94,Evy Baddie,9124,1364,31
2026-09-03 12:59,YouTube,jdHn4xBencU,Argentino,40798,3583,87
2026-09-03 12:59,YouTube,03M2DIux6uU,Russin Oficial,7467,992,11
2026-09-03 12:59,YouTube,WPbxgT6Bm5o,Argentino,31005,2165,49
2026-09-03 12:59,YouTube,tu-87nSXI14,Evy Baddie,224990,4629,72
2026-09-03 12:59,YouTube,EDLNzDwfwhA,Fidelisx,635879,8921,103
2026-09-03 12:59,YouTube,JsAfFId4ID8,Russin Oficial,7165,625,18
2026-09-03 12:59,YouTube,fZJFfinnqjM,Kaka,49210,1920,62
2026-09-03 12:59,YouTube,5nxUvVgWYC0,Russin Oficial,931,110,3
2026-09-03 12:59,YouTube,neQbz3LPwhE,Evy Baddie,19919,2311,52
2026-09-03 12:59,YouTube,1e7EVLTTA8M,Kaka,7761,1019,26
2026-09-03 12:59,YouTube,OxMl8aaUB3c,Casa Saturno,31008,1859,23
2026-09-03 12:59,YouTube,T5JsVddqAK0,Evy Baddie,71536,3814,53
2026-09-03 12:59,YouTube,xDkd5FMoHjs,Kysha e Mine,0,119,13
2026-09-03 12:59,YouTube,XPCfD6kxJz8,Russin Oficial,3791,327,7
2026-09-03 12:59,YouTube,6x0yVhkmFhg,Kysha e Mine,16991,1742,41
2026-09-03 12:59,YouTube,dkKaZ-c5mu0,Kysha e Mine,0,185,31
2026-09-03 14:33,Instagram,DcmS0h1ROyA,Mine,117124,4648,225
2026-09-03 14:33,Instagram,DcjeQUQvKWW,Argentino,68371,3555,70
2026-09-03 14:33,Instagram,DcoNw4DRkun,Kaka,113013,4849,111
2026-09-03 14:33,Instagram,Dc0yUm9is2s,Casa Saturno,6742,360,36
2026-09-03 14:33,Instagram,DcwmLiihHO5,Kysha e Mine,301820,22463,273
2026-09-03 14:33,Instagram,Dcwmtoyp4Ji,Casa Saturno,25140,664,50
2026-09-03 14:33,Instagram,DcjwbjDkUFu,Kysha,,43635,533
2026-09-03 14:33,Instagram,Dcra68ap9K1,Evy Baddie,100547,3323,152
2026-09-03 14:33,Instagram,DczacPHOThr,Kysha,140428,5681,245
2026-09-03 14:33,Instagram,Dcwk8M7xDW2,Kysha e Mine,41365,627,19
2026-09-03 14:33,Instagram,Dco-5zJO08U,Kysha,39091,2369,121
2026-09-03 14:33,Instagram,DcjFEEESto1,Kaka,15350,1161,76
2026-09-03 14:33,Instagram,DcjR_ErOd5m,Kysha,134852,7360,224
2026-09-03 14:33,Instagram,DcoPpDVpkLJ,Evy Baddie,39779,1887,259
2026-09-03 14:33,Instagram,DcrxjqLib3l,Kaka,,2184,79
2026-09-03 14:33,Instagram,DcoqJPruKKs,Kysha e Mine,48607,2160,203
2026-09-03 14:33,Instagram,Dctg4IYu1fv,Kysha e Mine,,926,62
2026-09-03 14:33,Instagram,DcwMcj9xjrB,Casa Saturno,,607,51
2026-09-03 14:33,Instagram,Dc06jAJxMNG,Kysha e Mine,40084,1398,85
2026-09-03 14:33,Instagram,Dcwk8qHBvJN,Kaka,5901,495,31
2026-09-03 14:33,Instagram,Dcyc1-ljVA0,Casa Saturno,16678,688,35
2026-09-03 14:33,Instagram,DczlY8XuYo_,Kysha,657753,22230,733
2026-09-03 14:33,Instagram,DcuVFMqpmt1,Evy Baddie,98416,4049,118
2026-09-03 14:33,Instagram,DcmS0h1ROyA,Kysha,117124,4648,225
2026-09-03 14:33,Instagram,DcuA3KIx6PH,Kaka,36491,1279,34
2026-09-03 14:33,Instagram,Dcrbn9tJQgc,Fidelisx,69473,5453,142
2026-09-03 14:33,Instagram,Dcwk8wXxDzG,Evy Baddie,55720,2895,145
2026-09-03 14:33,Instagram,Dcv7vIcx1zR,Evy Baddie,29814,2002,147
2026-09-03 14:33,Instagram,DcmorFTOZyU,Argentino,16031,1275,71
2026-09-03 14:33,Instagram,Dc0p9TdCsof,Casa Saturno,47567,861,44
2026-09-03 14:33,Instagram,Dcwk8wXxDzG,Casa Saturno,55720,2894,145
2026-09-03 14:33,Instagram,DcoSYDMxLKb,Russin Oficial,32054,646,84
2026-09-03 14:33,Instagram,DczacPHOThr,Kysha e Mine,140419,5680,245
2026-09-03 14:33,Instagram,Dcyqz87DsUN,Kysha,,14665,445
2026-09-03 14:33,Instagram,DcjwbjDkUFu,Fidelisx,,43635,533
2026-09-03 14:33,Instagram,Dc1GGumvrm6,Russin Oficial,8805,164,26
2026-09-03 14:33,Instagram,DczhptiFULy,Evy Baddie,,2661,176
2026-09-03 14:33,Instagram,Dcju-knuO4d,Kysha,475786,24668,445
2026-09-03 14:33,Instagram,DcrwpVoJazh,Russin Oficial,11172,354,58
2026-09-03 14:33,Instagram,Dcwmtoyp4Ji,Russin Oficial,25147,664,50
2026-09-03 14:33,Instagram,Dclosj6x71-,Argentino,31844,1869,49
2026-09-03 14:33,Instagram,DczOT1-NUKp,Argentino,16967,922,71
2026-09-03 14:33,Instagram,DcmS0h1ROyA,Argentino,117134,4648,225
2026-09-03 14:33,Instagram,DczjMphOzXX,Kysha,467420,13365,574
2026-09-03 14:33,Instagram,DcoO6h5Ebx5,Fidelisx,,33004,484
2026-09-03 14:33,Instagram,DcuA3KIx6PH,Russin Oficial,36493,1280,34
2026-09-03 14:33,Instagram,DcjfhrmpITr,Russin Oficial,75039,2455,87
2026-09-03 14:33,Instagram,DcjwbjDkUFu,Argentino,,43635,533
2026-09-03 14:33,Instagram,DcrxI0HpyDO,Kaka,14293,855,34
2026-09-03 14:33,Instagram,Dco2oQ5hKPz,Kaka,13965,839,87
2026-09-03 14:33,Instagram,DcogDUvutM3,Kysha,135981,7236,192
2026-09-03 14:33,Instagram,DczTtpjJiw7,Evy Baddie,6999,542,56
2026-09-03 14:33,Instagram,DcoO6h5Ebx5,Mine,,33004,484
2026-09-03 14:33,Instagram,DckFtNUJ5px,Russin Oficial,35634,1049,50
2026-09-03 14:33,Instagram,Dcyqz87DsUN,Argentino,,14667,445
2026-09-03 14:33,Instagram,DcrHzewp6T-,Evy Baddie,16936,1039,104
2026-09-03 14:33,Instagram,Dc06jAJxMNG,Mine,40126,1400,85
2026-09-03 14:33,Instagram,Dcjt2YRp1vo,Kysha e Mine,49088,1233,30
2026-09-03 14:33,Instagram,DcmS0h1ROyA,Fidelisx,117124,4648,225
2026-09-03 14:33,Instagram,Dc0p9TdCsof,Kysha e Mine,47567,861,44
2026-09-03 14:33,Instagram,DcwyxLBBRHH,Evy Baddie,35630,2238,122
2026-09-03 14:33,Instagram,Dc1EMq5RWXb,Evy Baddie,7126,655,67
2026-09-03 14:33,Instagram,DcloboBPkjy,Kaka,42966,3037,94
2026-09-03 14:33,Instagram,DcuUws8pbQ2,Kaka,25514,1667,42
2026-09-03 14:33,Instagram,DcjwbjDkUFu,Mine,,43635,533
2026-09-03 14:33,Instagram,DcuVwrGJQmo,Russin Oficial,11513,309,26
2026-09-03 14:33,Instagram,DcrfeSCpkeg,Russin Oficial,11083,345,29
2026-09-03 14:33,Instagram,DctCYqkgcQA,Kysha e Mine,76147,1020,50
2026-09-03 14:33,Instagram,DczacPHOThr,Mine,140454,5681,245
2026-09-03 14:33,Instagram,Dcj3x3vuFSB,Argentino,19039,1867,91
2026-09-03 14:33,Instagram,Dcw5ye7xAHf,Kaka,8682,536,25
2026-09-03 14:33,Instagram,Dco1qjWSz9z,Argentino,109010,7112,113
2026-09-03 14:33,Instagram,Dcwk8M7xDW2,Casa Saturno,41365,627,19
2026-09-03 14:33,Instagram,DcyxG6KiSk5,Casa Saturno,9452,293,13
2026-09-03 14:33,Instagram,DcuNmp-ufc8,Kysha,112629,11733,166
2026-09-03 14:33,Instagram,Dcq2Oe1u2nj,Argentino,46895,2902,166
2026-09-03 14:33,Instagram,Dcyg247xzuj,Russin Oficial,21321,370,21
2026-09-03 14:33,Instagram,Dclp57yxo52,Russin Oficial,57316,597,36
2026-09-03 14:33,Instagram,DcoaoxPuAgc,Argentino,26142,1631,111
2026-09-03 14:33,Instagram,DcuJvxbxk6k,Evy Baddie,17767,954,42
2026-09-03 14:33,Instagram,DcwC5n_COZ5,Casa Saturno,,791,76
2026-09-03 14:33,Instagram,Dco2mGnh3XV,Evy Baddie,56831,4465,105
2026-09-03 14:33,Instagram,Dcwkxy-C0Q5,Casa Saturno,67678,1108,123
