Artista/Perfil,Plataforma,Data,Hora,Tipo,ID do post,Título / Legenda,URL,Views,Likes,Comentários,Colab?,Fixado?,Última leitura
Russin Oficial,YouTube,2026-08-18,12:06,Short,D_UwyI4vBls,Dupla que todos pediram kkkk,https://youtu.be/D_UwyI4vBls,3836,291,,,,2026-08-25 19:20
Evy Baddie,YouTube,2026-08-18,12:00,Short,8o_l3sREpeU,Fiquei na dúvida em qual postar,https://youtu.be/8o_l3sREpeU,16351,1425,,,,2026-08-21 19:20
Fidelisx,YouTube,2026-08-18,12:00,Short,jv_Rn_EmYZM,CASA SATURNO ME PAGA!!!😂,https://youtu.be/jv_Rn_EmYZM,35173,2650,,,,2026-08-21 19:20
Kaka,Instagram,2026-08-18,11:59,Reel,DcL4deSPcOl,Combinamos de emo? 🖤⚡️,https://www.instagram.com/p/DcL4deSPcOl/,24800,2475,204,,,2026-08-26 11:10
Casa Saturno,YouTube,2026-08-18,11:00,Short,DvBN7Cy7uRg,Passando no seu feed pra deixar,https://youtu.be/DvBN7Cy7uRg,19323,1529,,,,2026-08-21 19:20
Casa Saturno,Instagram,2026-08-18,11:00,Reel,DcLs0WNivII,Elas passando no seu feed,https://www.instagram.com/p/DcLs0WNivII/,11616,783,29,,,2026-08-21 11:20
Casa Saturno,YouTube,2026-08-18,10:13,Vídeo longo,Y1uE8TO8zPY,CIDADE DORME QUE DEU ERRADO,https://youtu.be/Y1uE8TO8zPY,19943,1441,,,,2026-08-21 19:20
Casa Saturno,YouTube,2026-08-18,10:01,Short,M6YdKfdLaFI,Aprovados no teste de sincronia,https://youtu.be/M6YdKfdLaFI,10594,1016,,,,2026-08-21 19:20
Casa Saturno,Instagram,2026-08-18,10:00,Reel,DcLmCMOFjyC,Aprovados no teste de sincronia,https://www.instagram.com/p/DcLmCMOFjyC/,6297,644,15,,,2026-08-20 11:14
Kaka,YouTube,2026-08-18,09:25,Short,0GVzwMr3icI,Passinho com a cria,https://youtu.be/0GVzwMr3icI,11101,974,,,,2026-08-26 11:10
Casa Saturno,YouTube,2026-08-18,09:01,Short,r9x_b_0CA4A,Marca aqui aquele amigo que faz,https://youtu.be/r9x_b_0CA4A,9572,1087,,,,2026-08-21 19:20
Casa Saturno,Instagram,2026-08-18,09:01,Reel,DcLfUYmjsCM,Marca aqui aquele amigo,https://www.instagram.com/p/DcLfUYmjsCM/,9685,738,32,,,2026-08-20 11:14
Kysha e Mine,YouTube,2026-08-17,22:37,Short,1b8CDw8gdkA,DDMC 💜,https://youtu.be/1b8CDw8gdkA,20914,2534,,,,2026-08-21 19:20
Russin Oficial,YouTube,2026-08-17,18:34,Short,vAKMqHPk8cw,Homem aranha do molho 🕷️🕸️,https://youtu.be/vAKMqHPk8cw,31582,505,,,,2026-08-25 11:10
Russin Oficial,Instagram,2026-08-17,18:30,Reel,DcKAZgdpBk-,LDE todo mundo junto 🎶,https://www.instagram.com/p/DcKAZgdpBk-/,9735,390,22,,,2026-08-26 11:10
Kysha e Mine,YouTube,2026-08-17,18:00,Vídeo longo,OkgaDUy9ZME,COLOQUEI APARELHO *Vem ver como foi o processo!,https://youtu.be/OkgaDUy9ZME,29474,1631,,,,2026-08-21 19:20
Evy Baddie,YouTube,2026-08-17,18:00,Short,xF9LdQAbJ3s,"Atrasada na trend, mas eu amei #foryou",https://youtu.be/xF9LdQAbJ3s,9988,1002,,,,2026-08-21 19:20
Fidelisx,YouTube,2026-08-17,18:00,Short,2DUaa5fwYTA,vem vem vemmm💚💛🤎 #fidelisx,https://youtu.be/2DUaa5fwYTA,105150,4079,,,,2026-08-21 19:20
Evy Baddie,Instagram,2026-08-17,18:00,Reel,DcJ9CuMhfO5,"entrei na trend, só um pouco",https://www.instagram.com/p/DcJ9CuMhfO5/,12958,934,92,,,2026-08-19 19:26
Evy Baddie,YouTube,2026-08-17,16:58,Short,p5BGX0yTgpU,"Ouçam, só ouçam. #foryou",https://youtu.be/p5BGX0yTgpU,8226,1313,,,,2026-08-21 19:20
Fidelisx,YouTube,2026-08-17,15:00,Short,n_oJwKiUY9I,vocês já passaram por isso?😂 #fidelisx,https://youtu.be/n_oJwKiUY9I,30890,2295,,,,2026-08-21 19:20
Kaka,Instagram,2026-08-17,14:58,Reel,DcJoFtfpRqN,Vou voltar no passinho einnn,https://www.instagram.com/p/DcJoFtfpRqN/,78847,2954,72,,,2026-08-21 11:20
Russin Oficial,YouTube,2026-08-17,12:04,Short,PKd4d8mIXC0,Os goat que tem o mel,https://youtu.be/PKd4d8mIXC0,4451,383,,,,2026-08-25 11:10
Fidelisx,YouTube,2026-08-17,12:00,Short,OaS_R3DunUw,vidoka tava com vergonha KKKKKKKK💚,https://youtu.be/OaS_R3DunUw,215095,9741,,,,2026-08-21 19:20
Kysha e Mine,Instagram,2026-08-17,12:00,Reel,DcJT1y1hSxi,Se essa cena em Lance de Escola (colab c/ Casa Saturno),https://www.instagram.com/p/DcJT1y1hSxi/,134531,10529,210,Sim,,2026-08-29 11:20
Casa Saturno,Instagram,2026-08-17,12:00,Reel,DcJT1y1hSxi,Se essa cena em Lance de Escola (colab c/ K&M),https://www.instagram.com/p/DcJT1y1hSxi/,86645,5895,157,Sim,,2026-08-18 19:56
Casa Saturno,YouTube,2026-08-17,11:01,Short,hgOuaj2tqRE,"Se juntas já arrasam, imagine",https://youtu.be/hgOuaj2tqRE,25503,1813,,,,2026-08-21 19:20
Casa Saturno,Instagram,2026-08-17,11:00,Reel,DcJIELDDW_X,"Se juntas já arrasam, imagine",https://www.instagram.com/p/DcJIELDDW_X/,7685,449,22,,,2026-08-18 19:56
Evy Baddie,YouTube,2026-08-17,10:00,Short,iKXSdL3AOzU,Muito fácil e prático! Espero todos vocês lá,https://youtu.be/iKXSdL3AOzU,4235,581,,,,2026-08-21 19:20
Casa Saturno,YouTube,2026-08-17,10:00,Short,XGpTJW4QjrQ,Aquele tipo de vídeo que você,https://youtu.be/XGpTJW4QjrQ,10145,1245,,,,2026-08-21 19:20
Kysha e Mine,Instagram,2026-08-17,10:00,Reel,DcJCqd-iuw2,Sem palavras pra esse show,https://www.instagram.com/p/DcJCqd-iuw2/,40738,1482,58,,,2026-08-26 19:35
Casa Saturno,Instagram,2026-08-17,10:00,Reel,DcJBV9EAc2M,Aquele tipo de vídeo que você,https://www.instagram.com/p/DcJBV9EAc2M/,19391,980,22,,,2026-08-18 19:56
Casa Saturno,YouTube,2026-08-17,09:01,Short,-UWOuDozZHw,A Dupla de milhões ataca novamente,https://youtu.be/-UWOuDozZHw,15072,1434,,,,2026-08-21 11:20
Casa Saturno,Instagram,2026-08-17,09:00,Reel,DcI6e6slW1v,A Dupla de milhões ataca novamente,https://www.instagram.com/p/DcI6e6slW1v/,8929,780,48,,,2026-08-18 19:56
Russin Oficial,Instagram,2026-08-16,22:45,Reel,DcH4lBLRxTR,Homem Aranha do molho kkkk,https://www.instagram.com/p/DcH4lBLRxTR/,191641,1896,113,,,2026-08-27 11:15
Evy Baddie,YouTube,2026-08-16,19:30,Short,y7sXFTztGi0,Entrei pra trend ❤️❤️❤️,https://youtu.be/y7sXFTztGi0,11765,1323,,,,2026-08-21 19:20
Evy Baddie,Instagram,2026-08-16,19:30,Reel,DcHihQJhl_v,Mesmo que não tenha ficado,https://www.instagram.com/p/DcHihQJhl_v/,33701,1930,262,,,2026-08-27 11:15
Fidelisx,YouTube,2026-08-16,18:00,Short,qXIs94lohNI,açaí com leite ninho KKKKKKKKK #fidelisx,https://youtu.be/qXIs94lohNI,237195,5648,,,,2026-08-21 19:20
Kaka,YouTube,2026-08-16,18:00,Vídeo longo,Kj3wWD8I_EY,O DADO DECIDE A QUANTIDADE DE,https://youtu.be/Kj3wWD8I_EY,1772,176,,,,2026-08-26 11:10
Kysha e Mine,YouTube,2026-08-16,16:15,Short,ar4axizjGuM,Assim foi a primeira sessão do nosso show em Volta Redonda,https://youtu.be/ar4axizjGuM,40171,3327,,,,2026-08-21 19:20
Kysha e Mine,Instagram,2026-08-16,16:05,Reel,DcHJ6-1uSCc,Assim foi a primeira sessão,https://www.instagram.com/p/DcHJ6-1uSCc/,31604,1208,62,,,2026-08-26 11:10
Fidelisx,YouTube,2026-08-16,15:00,Short,EA1HYgbFlsI,@emillyvickof sou seu fã🩷 #fidelisx,https://youtu.be/EA1HYgbFlsI,141892,5174,,,,2026-08-21 19:20
Casa Saturno,YouTube,2026-08-16,13:41,Short,rvIf4f4dc0k,Passando pra lembrar que o clipe,https://youtu.be/rvIf4f4dc0k,7002,881,,,,2026-08-21 11:20
Casa Saturno,Instagram,2026-08-16,13:25,Reel,DcG4lWjx6j8,Passando pra lembrar que o clipe,https://www.instagram.com/p/DcG4lWjx6j8/,17098,848,49,,,2026-08-18 19:56
Russin Oficial,YouTube,2026-08-16,12:42,Short,8vErlX7qpvY,Dupla do rock,https://youtu.be/8vErlX7qpvY,21691,973,,,,2026-08-21 19:20
Kysha e Mine,Instagram,2026-08-16,12:13,Reel,DcGuVDPuelA,"Que emoção, já estamos todos",https://www.instagram.com/p/DcGuVDPuelA/,61254,1736,29,,,2026-08-26 11:10
Kaka,YouTube,2026-08-16,12:01,Short,pn5gromSPlU,Só tem doido na Saturno kkkkkk,https://youtu.be/pn5gromSPlU,37113,1618,,,,2026-08-26 11:10
Fidelisx,YouTube,2026-08-16,12:00,Short,JQHTYVpMQ-M,essa é muito boa😂😂😂,https://youtu.be/JQHTYVpMQ-M,48700,2815,,,,2026-08-21 11:20
Kaka,Instagram,2026-08-16,11:59,Reel,DcGuqsfvD-L,Só tem doido na Saturno kkkk,https://www.instagram.com/p/DcGuqsfvD-L/,11925,985,46,,,2026-08-21 11:20
Kysha,Instagram,2026-08-16,11:44,Reel,DcGtC5Ku93Q,✨ pronta pro show em Volta Redonda,https://www.instagram.com/p/DcGtC5Ku93Q/,45274,2786,293,,,2026-08-29 11:20
Kaka,YouTube,2026-08-16,10:40,Short,R6uItkq3JhA,Kkkkkkkkkkkkk #fyp #dance,https://youtu.be/R6uItkq3JhA,29985,1507,,,,2026-08-25 19:20
Casa Saturno,Instagram,2026-08-16,10:03,Reel,DcGhiJ3CGct,"Bom dia, SATURNER'S! ⭐️",https://www.instagram.com/p/DcGhiJ3CGct/,12614,674,51,,,2026-08-18 14:00
Casa Saturno,YouTube,2026-08-16,10:01,Short,BBRGZgeHG8w,"Bom dia, SATURNER'S! ⭐️",https://youtu.be/BBRGZgeHG8w,18928,1375,,,,2026-08-19 19:26
Kysha e Mine,YouTube,2026-08-16,09:53,Short,gGeOcLafvyM,"Madrugada, estrada e Volta Redonda logo ali",https://youtu.be/gGeOcLafvyM,89453,3890,,,,2026-08-21 19:20
Kysha e Mine,Instagram,2026-08-16,09:50,Reel,DcGfWxhOq7y,FALA OI VOLTA REDONDA! 🤩,https://www.instagram.com/p/DcGfWxhOq7y/,59127,3533,63,,,2026-08-24 19:35
Mine,Instagram,2026-08-15,22:46,Reel,DcFUDJexNk7,😛🤟🏼,https://www.instagram.com/p/DcFUDJexNk7/,336362,15308,742,,,2026-09-03 14:33
Kysha e Mine,YouTube,2026-08-15,21:33,Short,IZDizzmXFnE,💜,https://youtu.be/IZDizzmXFnE,26858,2619,,,,2026-08-21 19:20
Russin Oficial,YouTube,2026-08-15,21:31,Short,FgfJN5_p5n4,O amor me acordou kkkk,https://youtu.be/FgfJN5_p5n4,1645,148,,,,2026-08-21 19:20
Russin Oficial,Instagram,2026-08-15,19:11,Reel,DcE7hBqp8Ny,Marca sua princesa 👑,https://www.instagram.com/p/DcE7hBqp8Ny/,113317,4698,86,,,2026-08-26 11:10
Evy Baddie,YouTube,2026-08-15,18:31,Short,EXWS8LiNb2o,Juru 😅,https://youtu.be/EXWS8LiNb2o,38600,3047,,,,2026-08-21 19:20
Evy Baddie,YouTube,2026-08-15,18:30,Vídeo longo,FTlbZlgOsRk,Por que não teve beijo de Stevy❓,https://youtu.be/FTlbZlgOsRk,9636,1140,,,,2026-08-21 19:20
Russin Oficial,YouTube,2026-08-15,18:30,Short,BS0WAfijiUw,Final de tarde bem incrível ❤️,https://youtu.be/BS0WAfijiUw,4243,512,,,,2026-08-21 19:20
Kysha,Instagram,2026-08-15,18:22,Reel,DcE19DcOXyy,A mine me julgando 😂,https://www.instagram.com/p/DcE19DcOXyy/,69363,2672,107,,,2026-08-29 11:20
Casa Saturno,YouTube,2026-08-15,18:00,Vídeo longo,zeospHwGVSc,FIZEMOS UM PIQUENIQUE,https://youtu.be/zeospHwGVSc,22724,1396,,,,2026-08-19 19:26
Evy Baddie,YouTube,2026-08-15,17:38,Short,gGZ_ggNMst4,Eu vejo você por lá? (link de vendas),https://youtu.be/gGZ_ggNMst4,8260,1501,,,,2026-08-21 19:20
Kysha e Mine,YouTube,2026-08-15,16:40,Short,dUuD7guxc1w,😂😂😂😂😂😂,https://youtu.be/dUuD7guxc1w,48139,2599,,,,2026-08-21 11:20
Fidelisx,YouTube,2026-08-15,13:53,Short,nHVVaXAkNjg,CORRAM PRO MEU CANAL PRA ASSISTIR,https://youtu.be/nHVVaXAkNjg,18739,2075,,,,2026-08-20 11:14
Fidelisx,Instagram,2026-08-15,13:49,Carrossel,DcEWwDSkSEA,@mnrdelin DDMC❤️‍🩹,https://www.instagram.com/p/DcEWwDSkSEA/,,5285,172,,,2026-09-03 14:33
Argentino,Instagram,2026-08-15,13:29,Reel,DcEUVs4OogP,Apresento a vocês… DALE!!!😝,https://www.instagram.com/p/DcEUVs4OogP/,36138,2327,203,,,2026-08-21 11:20
Russin Oficial,YouTube,2026-08-15,12:12,Short,6bTVSN7BMSs,Jogadinha de cria kkkk,https://youtu.be/6bTVSN7BMSs,3347,523,,,,2026-08-21 19:20
Kaka,YouTube,2026-08-15,12:07,Short,2eV18yfJgxo,Muito bom kkkk #fyp #dance,https://youtu.be/2eV18yfJgxo,62714,2651,,,,2026-08-25 11:10
Kaka,Instagram,2026-08-15,12:02,Reel,DcEKaCkvomn,Muito bom kkkkk 💚💛🤎,https://www.instagram.com/p/DcEKaCkvomn/,86370,2232,59,,,2026-08-21 11:20
Casa Saturno,YouTube,2026-08-15,12:01,Short,CyQJAc-LSWk,Desabafo do Meu Coração feat,https://youtu.be/CyQJAc-LSWk,8729,969,,,,2026-08-18 19:56
Kysha e Mine,YouTube,2026-08-15,12:00,Vídeo longo,SO_DMKU7XTg,"Kysha e Mine, Stefan Baby - Só um Beijo",https://youtu.be/SO_DMKU7XTg,22898,789,,,,2026-08-21 11:20
Casa Saturno,Instagram,2026-08-15,12:00,Reel,DcEHjvIDuKY,"Mais uma estrada, mais um show",https://www.instagram.com/p/DcEHjvIDuKY/,17963,1176,41,,,2026-08-18 14:00
Casa Saturno,YouTube,2026-08-15,10:16,Short,XfXsNK8BEl4,1 MILHÃO de visualizações no clipe,https://youtu.be/XfXsNK8BEl4,5852,686,,,,2026-08-18 19:56
Casa Saturno,Instagram,2026-08-15,10:09,Reel,DcD9YTlR9gs,Passamos da marca de 1 MILHÃO,https://www.instagram.com/p/DcD9YTlR9gs/,22820,1523,61,,,2026-08-18 14:00
Kaka,YouTube,2026-08-15,09:16,Short,_h7FdZbgF2A,Viciada nessa ksksksks #fyp,https://youtu.be/_h7FdZbgF2A,117786,2703,,,,2026-08-21 19:20
Fidelisx,YouTube,2026-08-14,23:15,Short,9NKbjDH5Cfs,"CLIPE AMANHÃ, 12:00!!!",https://youtu.be/9NKbjDH5Cfs,21589,1874,,,,2026-08-20 11:14
Kaka,Instagram,2026-08-14,22:13,Reel,DcCrYXLvZui,Isso tá muito bomm 🤣🤣,https://www.instagram.com/p/DcCrYXLvZui/,39082,2618,110,,,2026-08-19 19:26
Kysha e Mine,YouTube,2026-08-14,21:02,Short,d9nuCFq53w8,Oie 🩷✨,https://youtu.be/d9nuCFq53w8,48023,3722,,,,2026-08-21 11:20
Argentino,Instagram,2026-08-14,20:37,Reel,DcCgm7QufiZ,Let me drive 🤣🤣🤣,https://www.instagram.com/p/DcCgm7QufiZ/,22455,1534,20,,,2026-08-21 11:20
Casa Saturno,YouTube,2026-08-14,20:31,Short,jywrmWILlJw,O Primeiro Show solo da Evy!,https://youtu.be/jywrmWILlJw,9052,1132,,,,2026-08-18 19:56
Russin Oficial,YouTube,2026-08-14,19:20,Short,vCNcG8eDlmc,Joga pra traz 🕺,https://youtu.be/vCNcG8eDlmc,11224,492,,,,2026-08-21 19:20
Kaka,YouTube,2026-08-14,19:13,Short,f33jieTUQ4M,Juroooo okkk #fyp #dance,https://youtu.be/f33jieTUQ4M,655913,11717,,,,2026-08-21 19:20
Kaka,Instagram,2026-08-14,19:12,Reel,DcCW1zVJWQm,Marca aí sua amiga kkkkkk,https://www.instagram.com/p/DcCW1zVJWQm/,184538,5402,77,Sim,,2026-08-18 19:56
Casa Saturno,Instagram,2026-08-14,19:12,Reel,DcCW1zVJWQm,Marca aí sua amiga kkkkkk (colab c/ Kaka),https://www.instagram.com/p/DcCW1zVJWQm/,182854,5316,77,Sim,,2026-08-18 14:00
Russin Oficial,Instagram,2026-08-14,18:32,Reel,DcCR2Q8pso7,grupo que tem o molho especial,https://www.instagram.com/p/DcCR2Q8pso7/,31628,524,18,,,2026-08-24 19:35
Kaka,YouTube,2026-08-14,18:30,Vídeo longo,-wzL5tO1MjI,"KAKÁBELO PARA ESCOLA, ep 20",https://youtu.be/-wzL5tO1MjI,2597,183,,,,2026-08-21 19:20
Russin Oficial,YouTube,2026-08-14,18:22,Short,yMBa-IbQXRg,Todo mundo bailando kkkk,https://youtu.be/yMBa-IbQXRg,34567,1061,,,,2026-08-21 19:20
Kysha e Mine,YouTube,2026-08-14,18:00,Vídeo longo,Ps3IjliqX5E,INVADIMOS A FESTA DO RAFAEL GARCEZ,https://youtu.be/Ps3IjliqX5E,32013,1574,,,,2026-08-20 11:14
Evy Baddie,YouTube,2026-08-14,18:00,Short,6uDsEXfGW4A,Meu Primeiro Show solo! 📍 Teatro,https://youtu.be/6uDsEXfGW4A,11190,1381,,,,2026-08-21 11:20
Kysha e Mine,Instagram,2026-08-14,18:00,Reel,DcCOsWHRWTS,"NO DIA DAS CRIANÇAS, A...",https://www.instagram.com/p/DcCOsWHRWTS/,180320,3835,145,Sim,,2026-08-21 11:20
Evy Baddie,Instagram,2026-08-14,18:00,Reel,DcCOsGvRSTn,Meu Primeiro Show solo! 😱,https://www.instagram.com/p/DcCOsGvRSTn/,113394,2460,282,Sim,,2026-08-26 19:35
Casa Saturno,Instagram,2026-08-14,18:00,Reel,DcCOsGvRSTn,Meu Primeiro Show solo! (colab c/ Evy),https://www.instagram.com/p/DcCOsGvRSTn/,109125,2252,276,Sim,,2026-08-18 14:00
Casa Saturno,Instagram,2026-08-14,18:00,Reel,DcCOsWHRWTS,NO DIA DAS CRIANÇAS (colab c/ K&M),https://www.instagram.com/p/DcCOsWHRWTS/,165409,3420,134,Sim,,2026-08-18 14:00
Kysha e Mine,YouTube,2026-08-14,17:42,Short,ulvKWMu0hN4,Fala oi KYMINER'S!,https://youtu.be/ulvKWMu0hN4,62461,4173,,,,2026-08-20 11:14
Fidelisx,YouTube,2026-08-14,15:31,Short,4qQ10lxvxuo,e você nasceu pra ser meu chicletinho,https://youtu.be/4qQ10lxvxuo,86907,3729,,,,2026-08-20 11:14
Argentino,YouTube,2026-08-14,15:09,Short,crrIvWcKuQY,Let me drive 🤣🤣🤣,https://youtu.be/crrIvWcKuQY,52174,2565,,,,2026-08-29 11:20
Argentino,Instagram,2026-08-14,14:58,Reel,DcB5v4tOeAX,Essa trend😝🤣🤣,https://www.instagram.com/p/DcB5v4tOeAX/,57215,2098,82,,,2026-08-21 11:20
Russin Oficial,YouTube,2026-08-14,14:37,Short,-irYWWc5XJQ,Dupla do 220 que vocês gostam muito,https://youtu.be/-irYWWc5XJQ,15407,693,,,,2026-08-21 19:20
Casa Saturno,Instagram,2026-08-14,14:01,Reel,DcBzK4iiWUB,Vem com o Rei do molejo! 🖤,https://www.instagram.com/p/DcBzK4iiWUB/,9828,364,10,,,2026-08-18 14:00
Casa Saturno,YouTube,2026-08-14,14:00,Short,tCcnkL50i9Y,Vem com o Rei do molejo! 🖤,https://youtu.be/tCcnkL50i9Y,35092,1578,,,,2026-08-18 19:56
Kaka,Instagram,2026-08-14,12:01,Reel,DcBlew0SAAk,A Kysha faz a língua muito rápido,https://www.instagram.com/p/DcBlew0SAAk/,73046,2309,79,,,2026-08-18 19:56
Kaka,YouTube,2026-08-14,11:29,Short,9nXV5N591XY,A Kysha faz a língua muito rápido,https://youtu.be/9nXV5N591XY,200017,4289,,,,2026-08-21 19:20
Casa Saturno,YouTube,2026-08-14,11:00,Short,nxCL-h4DIO0,Que trend satisfatória! 😱💚🖤,https://youtu.be/nxCL-h4DIO0,20988,1772,,,,2026-08-18 14:00
Casa Saturno,Instagram,2026-08-14,11:00,Reel,DcBcEejASPQ,Que trend satisfatória! 😱,https://www.instagram.com/p/DcBcEejASPQ/,13214,1197,28,,,2026-08-18 14:00
Evy Baddie,YouTube,2026-08-14,10:50,Short,9zeM9diD7d0,Vocês estão preparados?? 👀💛👑,https://youtu.be/9zeM9diD7d0,8587,1079,,,,2026-08-20 11:14
Casa Saturno,Instagram,2026-08-14,10:39,Reel,DcBbLtcRjo_,CARTA ABERTA: Eu queria que,https://www.instagram.com/p/DcBbLtcRjo_/,25030,1243,164,,,2026-08-18 14:00
Fidelisx,YouTube,2026-08-14,08:18,Short,9j_c3GytIGU,acho que criei uma trend kkkk🤟🏾,https://youtu.be/9j_c3GytIGU,504171,12580,,,,2026-08-18 19:56
Kaka,YouTube,2026-08-13,20:31,Short,AF7nZscSvz4,Kkkkkkkk,https://youtu.be/AF7nZscSvz4,10153,497,,,,2026-08-21 19:20
Russin Oficial,YouTube,2026-08-13,19:10,Short,BtOBb0vXQ_g,Grupo que todos amam ❤️,https://youtu.be/BtOBb0vXQ_g,30690,1429,,,,2026-08-20 11:14
Kysha e Mine,YouTube,2026-08-13,18:57,Short,115e1DyeI3U,olha quem apareceu 👀🩵🩷,https://youtu.be/115e1DyeI3U,86004,4006,,,,2026-08-19 19:26
Evy Baddie,Instagram,2026-08-13,18:02,Reel,Db_p4dgJQYw,EM BREVE MEU SHOW SOLO,https://www.instagram.com/p/Db_p4dgJQYw/,100337,2160,364,Sim,,2026-08-24 19:35
Casa Saturno,Instagram,2026-08-13,18:02,Reel,Db_p4dgJQYw,EM BREVE MEU SHOW SOLO (colab c/ Evy),https://www.instagram.com/p/Db_p4dgJQYw/,97384,2034,363,Sim,,2026-08-18 14:00
Fidelisx,YouTube,2026-08-13,18:00,Short,YTgVeVjb0F8,tp é tp ã tp nd hvr🙄 #fidelisx,https://youtu.be/YTgVeVjb0F8,66056,4089,,,,2026-08-18 19:56
Casa Saturno,Instagram,2026-08-13,17:00,Reel,Db_i20dGV7Q,Essa dupla é a melhor nas Dcs,https://www.instagram.com/p/Db_i20dGV7Q/,19621,976,26,,,2026-08-18 14:00
Fidelisx,YouTube,2026-08-13,15:00,Short,swAXjXwv9eA,não sei fazer o sotaque paulista,https://youtu.be/swAXjXwv9eA,42683,2856,,,,2026-08-18 19:56
Argentino,Instagram,2026-08-13,14:16,Reel,Db_QK6IuGCW,Entrei pra trend 🕸️🕷️,https://www.instagram.com/p/Db_QK6IuGCW/,61454,3754,126,,,2026-08-21 11:20
Kysha e Mine,YouTube,2026-08-13,14:05,Short,chCqJh3BUks,"Fala oi KYMINER'S, essa vocês já sabem",https://youtu.be/chCqJh3BUks,43493,2888,,,,2026-08-18 19:56
Kysha e Mine,Instagram,2026-08-13,13:05,Reel,Db_H-YFOZ4w,Fala oi KYMINER'S! 👀💜✨,https://www.instagram.com/p/Db_H-YFOZ4w/,23743,1090,66,,,2026-08-21 11:20
Argentino,YouTube,2026-08-13,12:27,Short,tn72sQytW98,Trend nossa🤣🤣😍,https://youtu.be/tn72sQytW98,64284,3242,,,,2026-08-29 11:20
Argentino,Instagram,2026-08-13,12:23,Reel,Db_DDrqu1ss,😝🩵,https://www.instagram.com/p/Db_DDrqu1ss/,43687,2236,270,,,2026-08-19 19:26
Russin Oficial,YouTube,2026-08-13,12:03,Short,8zSjbXnzPho,Quarto escuro 🕺,https://youtu.be/8zSjbXnzPho,10410,379,,,,2026-08-19 19:26
Fidelisx,YouTube,2026-08-13,12:00,Short,zgJw6WBt8Bk,"vamos lá, mais uma vezinha…🕸️ #fidelisx",https://youtu.be/zgJw6WBt8Bk,68558,3558,,,,2026-08-18 14:00
Kaka,Instagram,2026-08-13,12:00,Reel,Db8da9nPAU9,Vou fazer uma brincadeira,https://www.instagram.com/p/Db8da9nPAU9/,20783,597,31,,,2026-08-18 19:56
Casa Saturno,Instagram,2026-08-13,11:03,Reel,Db-5_4_D6cF,Pra ficar comigo ce vai ter,https://www.instagram.com/p/Db-5_4_D6cF/,30284,2341,163,,,2026-08-18 14:00
Russin Oficial,Instagram,2026-08-12,21:47,Reel,Db9fAWvJmIK,Dupla kassinho 🖤🤎 (colab c/ Kaka),https://www.instagram.com/p/Db9fAWvJmIK/,113325,1472,47,Sim,,2026-08-24 19:35
Kaka,Instagram,2026-08-12,21:47,Reel,Db9fAWvJmIK,Dupla kassinho 🖤🤎 (colab c/ Russin),https://www.instagram.com/p/Db9fAWvJmIK/,108057,1382,43,Sim,,2026-08-18 19:56
Mine,Instagram,2026-08-12,21:11,Reel,Db9azW6xmDU,vamo que vamo 💜,https://www.instagram.com/p/Db9azW6xmDU/,121047,4977,328,,,2026-09-03 14:33
Russin Oficial,YouTube,2026-08-12,21:00,Short,-IlnPTIBLyA,Vai tomando alecrim kkkkkk,https://youtu.be/-IlnPTIBLyA,48597,1050,,,,2026-08-18 19:56
Kysha,Instagram,2026-08-12,19:10,Reel,Db9M4FVOPCm,🩷🩵,https://www.instagram.com/p/Db9M4FVOPCm/,124069,6384,409,,,2026-08-26 19:35
Kysha e Mine,YouTube,2026-08-12,18:16,Short,tSVFlvaEfvQ,Que trend maneiraaaaa,https://youtu.be/tSVFlvaEfvQ,108962,4957,,,,2026-08-18 19:56
Kysha e Mine,YouTube,2026-08-12,18:10,Short,XdR28ULu58Y,Tava faltando dancinha né?,https://youtu.be/XdR28ULu58Y,50202,2886,,,,2026-08-18 14:00
Kysha e Mine,YouTube,2026-08-12,18:00,Vídeo longo,TNvoVO_a-p8,BASTIDORES DO SHOW BFF NO VIA,https://youtu.be/TNvoVO_a-p8,21048,1327,,,,2026-08-18 14:00
Fidelisx,YouTube,2026-08-12,18:00,Short,VZIPYancGp8,VOCÊS JÁ PASSARAM POR ISSO?😂 #fidelisx,https://youtu.be/VZIPYancGp8,56028,3599,,,,2026-08-18 14:00
Russin Oficial,YouTube,2026-08-12,18:00,Short,E2_aThmkOD0,A postura tem o charme kkk,https://youtu.be/E2_aThmkOD0,10734,819,,,,2026-08-18 19:56
Russin Oficial,Instagram,2026-08-12,18:00,Reel,Db9FGM-PjLj,Complicado 😑,https://www.instagram.com/p/Db9FGM-PjLj/,26183,604,8,,,2026-08-19 19:26
Casa Saturno,Instagram,2026-08-12,16:49,Reel,Db88w9_p7bJ,A música diz aquariana carinhosa,https://www.instagram.com/p/Db88w9_p7bJ/,15435,861,77,,,2026-08-18 14:00
Argentino,YouTube,2026-08-12,16:16,Short,1WVlihGT2Cs,O final hahaha,https://youtu.be/1WVlihGT2Cs,98158,4762,,,,2026-08-29 11:20
Kaka,YouTube,2026-08-12,14:23,Short,Bw0OFEBtnpI,"Evy, Delin e Kaká",https://youtu.be/Bw0OFEBtnpI,27351,1307,,,,2026-08-21 11:20
Kaka,YouTube,2026-08-12,14:21,Short,kRyvx8gmAJ8,Trio roda gigante 🤎💛🖤,https://youtu.be/kRyvx8gmAJ8,16462,860,,,,2026-08-20 11:14
Argentino,Instagram,2026-08-12,13:08,Reel,Db8jjYXO02Y,O final🤣🤣🤣🤣,https://www.instagram.com/p/Db8jjYXO02Y/,52950,2554,131,,,2026-08-19 19:26
Kaka,YouTube,2026-08-12,12:47,Short,T_SKcOmvji4,Kkkkk,https://youtu.be/T_SKcOmvji4,2971,234,,,,2026-08-19 19:26
Kaka,YouTube,2026-08-12,12:47,Short,bZQr8j3QBp0,Quase 300 mil no meu clipe,https://youtu.be/bZQr8j3QBp0,8116,669,,,,2026-08-18 19:56
Russin Oficial,YouTube,2026-08-12,12:12,Short,PYdqT2C6MEg,Jogadinha é muito passinho kkkkk,https://youtu.be/PYdqT2C6MEg,5232,577,,,,2026-08-18 14:00
Kaka,Instagram,2026-08-12,12:01,Reel,Db8b7Oavoso,Já foram ouvir minha música,https://www.instagram.com/p/Db8b7Oavoso/,9763,806,114,,,2026-08-18 19:56
Casa Saturno,Instagram,2026-08-12,10:09,Reel,Db8O3R6xeEX,Achou que ela iria mandar,https://www.instagram.com/p/Db8O3R6xeEX/,15980,752,39,,,2026-08-18 14:00
Evy Baddie,YouTube,2026-08-11,22:46,Short,Xxla6mSmm70,"Eai, vocês iriam?",https://youtu.be/Xxla6mSmm70,16847,2263,,,,2026-08-19 19:26
Evy Baddie,Instagram,2026-08-11,18:34,Reel,Db6jsPUJKnP,Me respondam aqui nos comentários,https://www.instagram.com/p/Db6jsPUJKnP/,119981,5051,2668,,,2026-08-24 19:35
Evy Baddie,YouTube,2026-08-11,18:00,Short,0UKxIh5Ir0g,Minha primeira presença vip ❤️,https://youtu.be/0UKxIh5Ir0g,27753,3230,,,,2026-08-18 19:56
Kysha e Mine,Instagram,2026-08-11,14:06,Reel,Db6ErGEM6Q-,Quem mais tem uma professora,https://www.instagram.com/p/Db6ErGEM6Q-/,49461,1475,60,,,2026-08-21 11:20
Kysha,Instagram,2026-08-11,13:45,Reel,Db6C6SDuLI4,"Eu amei essa trend, vou fazer",https://www.instagram.com/p/Db6C6SDuLI4/,185906,8831,320,,,2026-08-26 19:35
Kaka,Instagram,2026-08-11,12:01,Reel,Db529uJvPnA,Quiii ODIOOOO 😤🙄,https://www.instagram.com/p/Db529uJvPnA/,32297,2554,100,,,2026-08-18 19:56
Evy Baddie,YouTube,2026-08-11,12:00,Short,O1cKMaCuX04,Hahaha enganei vocês 😆,https://youtu.be/O1cKMaCuX04,19489,2915,,,,2026-08-18 19:56
Russin Oficial,Instagram,2026-08-10,21:14,Reel,Db4RnTupIcf,Marca seu amor ❤️,https://www.instagram.com/p/Db4RnTupIcf/,260743,13411,240,,,2026-08-18 19:56
Kysha,Instagram,2026-08-10,19:07,Reel,Db4DEtxOC-E,Tava faltando uma dancinha,https://www.instagram.com/p/Db4DEtxOC-E/,58254,3104,459,,,2026-08-26 19:35
Evy Baddie,Instagram,2026-08-10,14:41,Reel,Db3kgG5J19Z,Hahaha gostaram? ✨💛,https://www.instagram.com/p/Db3kgG5J19Z/,29866,1927,361,,,2026-08-21 11:20
Kysha e Mine,Instagram,2026-08-10,12:02,Reel,Db3SYJWullk,Tá difícil te encontrar...,https://www.instagram.com/p/Db3SYJWullk/,44228,2255,50,,,2026-08-21 11:20
Kaka,Instagram,2026-08-10,12:00,Reel,Db3SL0JvOVr,Muleke cabelo loiro kkk,https://www.instagram.com/p/Db3SL0JvOVr/,11481,578,39,,,2026-08-18 19:56
Kaka,Instagram,2026-08-09,21:02,Reel,Db1rhq5pJI0,🥲💞✨,https://www.instagram.com/p/Db1rhq5pJI0/,43238,6533,47,,,2026-08-18 14:00
Russin Oficial,Instagram,2026-08-09,18:00,Reel,Db1Wu80Bz6a,Qual a cidade de vocês? Kkkk,https://www.instagram.com/p/Db1Wu80Bz6a/,31980,699,225,,,2026-08-18 19:56
Kaka,Instagram,2026-08-09,17:59,Reel,Db1WfvtJwaQ,A evy fazendo a raiva me pegar,https://www.instagram.com/p/Db1WfvtJwaQ/,68091,4587,46,,,2026-08-18 14:00
Evy Baddie,YouTube,2026-08-09,15:02,Short,slDejUD38Y4,Feliz dia dos pais para todos os papais,https://youtu.be/slDejUD38Y4,42667,3196,,,,2026-08-18 19:56
Evy Baddie,Instagram,2026-08-09,14:31,Reel,Db0-wCMpfqL,Feliz dia dos pais,https://www.instagram.com/p/Db0-wCMpfqL/,56163,3121,86,,,2026-08-21 11:20
Fidelisx,Instagram,2026-08-09,13:58,Reel,Db0655sx9UO,"vamos lá, mais uma vezinha…",https://www.instagram.com/p/Db0655sx9UO/,293264,16157,316,,,2026-08-21 11:20
Kaka,Instagram,2026-08-09,11:59,Reel,Db0tQiJPeNe,Postando de novo 😛😛😛,https://www.instagram.com/p/Db0tQiJPeNe/,80189,7762,178,,,2026-08-18 14:00
Kaka,YouTube,2026-08-09,10:48,Short,Y-8nCpppQH8,O final kkkk🤣 #fyp #dance,https://youtu.be/Y-8nCpppQH8,7100,506,,,,2026-08-18 14:00
Russin Oficial,Instagram,2026-08-08,22:28,Reel,DbzQdzNRbpN,Aquele pique de energia 220,https://www.instagram.com/p/DbzQdzNRbpN/,29230,573,16,,,2026-08-18 19:56
Argentino,Instagram,2026-08-08,19:57,Reel,Dby_Khwu3n2,Quem fizer figurinha eu bloqueio (colab c/ Kysha),https://www.instagram.com/p/Dby_Khwu3n2/,224878,13550,749,Sim,,2026-08-19 19:26
Kysha,Instagram,2026-08-08,19:57,Reel,Dby_Khwu3n2,Quem fizer figurinha eu bloqueio (colab c/ Argentino),https://www.instagram.com/p/Dby_Khwu3n2/,235935,14108,762,Sim,,2026-08-26 19:35
Kaka,Instagram,2026-08-08,17:59,Reel,DbyxvHRpLS5,Esse vídeo tá muito bom kkkk,https://www.instagram.com/p/DbyxvHRpLS5/,32159,2026,92,,,2026-08-18 14:00
Evy Baddie,YouTube,2026-08-08,12:00,Short,qUmMPXvEZ7I,estamos chegando a 300 mil visualizações,https://youtu.be/qUmMPXvEZ7I,29736,2840,,,,2026-08-18 14:00
Evy Baddie,Instagram,2026-08-08,12:00,Reel,DbyIuasBh21,O final super aleatório 🤣,https://www.instagram.com/p/DbyIuasBh21/,36524,2856,94,,,2026-08-19 19:26
Kaka,Instagram,2026-08-08,11:59,Reel,DbyH0nkPpjs,"Desistir nunca, persistir sempre",https://www.instagram.com/p/DbyH0nkPpjs/,105442,2727,229,,,2026-08-18 14:00
Kysha e Mine,Instagram,2026-08-08,10:08,Reel,Dbx7y-2MAQ1,PASSAMOS NA PROVA FINAL! 🎓,https://www.instagram.com/p/Dbx7y-2MAQ1/,65628,2440,93,,,2026-08-21 11:20
Russin Oficial,Instagram,2026-08-07,20:50,Reel,Dbwf0FdJzWp,Chegar a gente começa a suar,https://www.instagram.com/p/Dbwf0FdJzWp/,16658,613,4,,,2026-08-18 19:56
Evy Baddie,Instagram,2026-08-07,18:00,Reel,DbrJMzQhav8,Eu amoooo hahahaha,https://www.instagram.com/p/DbrJMzQhav8/,34469,1596,52,,,2026-08-19 19:26
Fidelisx,Instagram,2026-08-07,18:00,Reel,DbwNIejB1ei,VOCÊ (Acústico)🤟🏾🎸,https://www.instagram.com/p/DbwNIejB1ei/,45065,2028,227,,,2026-08-19 19:26
Russin Oficial,Instagram,2026-08-07,12:06,Reel,DbvklOYxetS,Marca seu amor kkkk,https://www.instagram.com/p/DbvklOYxetS/,50786,2563,24,,,2026-08-18 19:56
Kysha e Mine,Instagram,2026-08-07,10:38,Reel,DbvaX5zuq7t,+3 MILHÕES de visualizações,https://www.instagram.com/p/DbvaX5zuq7t/,65541,2825,102,,,2026-08-21 11:20
Russin Oficial,Instagram,2026-08-06,20:06,Reel,Dbt2o2wpMYV,Dupla do molho 🕺,https://www.instagram.com/p/Dbt2o2wpMYV/,83043,1792,46,,,2026-08-18 19:56
Fidelisx,Instagram,2026-08-06,18:08,Reel,DbtosA8hv6V,IZA (Acústico)🤟🏾🎸,https://www.instagram.com/p/DbtosA8hv6V/,34454,1838,174,,,2026-08-19 19:26
Evy Baddie,Instagram,2026-08-06,18:00,Reel,DbtoWA0B2Hr,Tá difícil 🎶,https://www.instagram.com/p/DbtoWA0B2Hr/,13216,1273,93,,,2026-08-19 19:26
Kysha,Instagram,2026-08-06,12:14,Reel,DbtAhMXuATv,O que aconteceu foi que o avô,https://www.instagram.com/p/DbtAhMXuATv/,95154,4332,210,,,2026-08-19 19:26
Russin Oficial,Instagram,2026-08-05,20:05,Reel,DbrR1oYJliS,Pancada 🕺,https://www.instagram.com/p/DbrR1oYJliS/,54073,765,86,,,2026-08-18 14:00
Mine,Instagram,2026-08-05,19:35,Reel,DbrOFEbuN3B,"Foi tudooo, em breve vocês vão",https://www.instagram.com/p/DbrOFEbuN3B/,133566,5167,139,Sim,,2026-09-02 18:16
Kysha,Instagram,2026-08-05,19:35,Reel,DbrOFEbuN3B,Foi tudooo (colab c/ Mine),https://www.instagram.com/p/DbrOFEbuN3B/,120037,4676,138,Sim,,2026-08-19 19:26
Evy Baddie,Instagram,2026-08-05,18:29,Carrossel,DbrG4hmlXN6,Evy postando foto? Coisa rara,https://www.instagram.com/p/DbrG4hmlXN6/,,5171,606,,,2026-08-18 19:56
Kysha e Mine,Instagram,2026-08-05,13:59,Reel,DbqnLP1xnSG,Original x Falsificada! 🚨,https://www.instagram.com/p/DbqnLP1xnSG/,168384,5188,234,,,2026-08-18 14:00
Kysha e Mine,Instagram,2026-08-05,12:09,Reel,DbqbI8eOoOH,A Kysha Emo ataca novamente,https://www.instagram.com/p/DbqbI8eOoOH/,79192,3040,79,,,2026-08-18 14:00
Russin Oficial,Instagram,2026-08-04,18:35,Reel,DboiuPQJRxQ,Eu posso explicar 🎶,https://www.instagram.com/p/DboiuPQJRxQ/,12974,603,24,,,2026-08-18 14:00
Fidelisx,Instagram,2026-08-04,18:09,Reel,DbofiRfBXI-,LORRANE (Acústico)🤟🏾🎸,https://www.instagram.com/p/DbofiRfBXI-/,68511,2837,357,,,2026-08-19 19:26
Kysha e Mine,Instagram,2026-08-04,12:18,Carrossel,Dbn3mgvFhfc,👀,https://www.instagram.com/p/Dbn3mgvFhfc/,,4514,236,Sim,,2026-08-18 14:00
Mine,Instagram,2026-08-04,12:18,Carrossel,Dbn3mgvFhfc,👀 (colab c/ Kysha e Mine),https://www.instagram.com/p/Dbn3mgvFhfc/,,4745,238,Sim,,2026-09-02 18:16
Kysha,Instagram,2026-08-04,12:18,Carrossel,Dbn3mgvFhfc,👀 (colab),https://www.instagram.com/p/Dbn3mgvFhfc/,,4533,236,Sim,,2026-08-19 19:26
Kysha e Mine,Instagram,2026-08-04,12:01,Reel,Dbn1kkYMnqL,Quem precisa de segurança,https://www.instagram.com/p/Dbn1kkYMnqL/,155894,10089,115,,,2026-08-18 14:00
Russin Oficial,Instagram,2026-08-03,21:43,Reel,DbmTWiCpVfT,Mas onde eu passo todo mundo,https://www.instagram.com/p/DbmTWiCpVfT/,31451,1144,13,,,2026-08-18 14:00
Kysha e Mine,Instagram,2026-08-03,19:22,Carrossel,DbmDSeAFa5e,Tirar um sonho do papel nunca,https://www.instagram.com/p/DbmDSeAFa5e/,,4831,139,,,2026-08-18 14:00
Fidelisx,Instagram,2026-08-03,18:09,Reel,Dbl6tKfBnkb,NATHALY (Acústico) 🤟🏾🎸,https://www.instagram.com/p/Dbl6tKfBnkb/,145568,5219,865,,,2026-08-18 19:56
Evy Baddie,Instagram,2026-08-03,18:00,Reel,Dbl58DZBXIw,😅 (colab c/ Russin),https://www.instagram.com/p/Dbl58DZBXIw/,141703,5813,71,Sim,,2026-08-18 14:00
Russin Oficial,Instagram,2026-08-03,18:00,Reel,Dbl58DZBXIw,😅 (colab c/ Evy),https://www.instagram.com/p/Dbl58DZBXIw/,141704,5813,71,Sim,,2026-08-18 14:00
Kysha e Mine,Instagram,2026-08-03,17:59,Reel,Dbl5x7juD7g,"NOVA FRIBURGO, ESTAMOS CHEGANDO",https://www.instagram.com/p/Dbl5x7juD7g/,80811,2034,72,Sim,,2026-08-18 14:00
Mine,Instagram,2026-08-03,17:59,Reel,Dbl5x7juD7g,"NOVA FRIBURGO, ESTAMOS CHEGANDO (colab)",https://www.instagram.com/p/Dbl5x7juD7g/,81088,2043,72,Sim,,2026-08-18 19:56
Kysha,Instagram,2026-08-03,17:59,Reel,Dbl5x7juD7g,NOVA FRIBURGO (colab),https://www.instagram.com/p/Dbl5x7juD7g/,81088,2043,72,Sim,,2026-08-18 19:56
Kysha e Mine,Instagram,2026-08-03,15:53,Reel,DblrUWBONv3,Uma saudade chamada: Set de,https://www.instagram.com/p/DblrUWBONv3/,64032,3965,354,,,2026-08-18 14:00
Argentino,Instagram,2026-08-03,13:57,Foto,DbleDdEuiyR,👀,https://www.instagram.com/p/DbleDdEuiyR/,,3,470,,,2026-08-18 19:56
Russin Oficial,Instagram,2026-08-03,12:57,Reel,DblXIG8RXuD,É sempre bom ouvir uma segunda,https://www.instagram.com/p/DblXIG8RXuD/,24112,594,13,,,2026-08-18 14:00
Russin Oficial,Instagram,2026-08-02,18:03,Reel,DbjVeN-pkI3,Marca sua bb kkkk,https://www.instagram.com/p/DbjVeN-pkI3/,44387,2174,31,,,2026-08-18 14:00
Russin Oficial,Instagram,2026-08-01,22:07,Reel,DbhMlwrp090,Arraiá da Saturno 🪐,https://www.instagram.com/p/DbhMlwrp090/,11707,248,8,,,2026-08-18 14:00
Kysha,Instagram,2026-08-01,21:21,Reel,DbhHO6tOBd_,Um vídeo diferente nesse perfil,https://www.instagram.com/p/DbhHO6tOBd_/,84440,5580,639,,,2026-08-18 14:00
Russin Oficial,Instagram,2026-08-01,19:01,Reel,Dbg3MuyJvdv,Vai entender kkkk,https://www.instagram.com/p/Dbg3MuyJvdv/,62223,2451,18,,,2026-08-18 14:00
Argentino,YouTube,2026-08-01,15:29,Short,iRAuYyaleyk,Eu e minha princesa🤭,https://youtu.be/iRAuYyaleyk,45490,2880,,,,2026-08-28 11:20
Argentino,Instagram,2026-08-01,15:29,Reel,DbgfAfNwej0,Eu esqueço de postar uns vídeos,https://www.instagram.com/p/DbgfAfNwej0/,43409,2693,76,,,2026-08-18 19:56
Kysha e Mine,Instagram,2026-08-01,13:16,Reel,DbgPpHPOFTF,Só a gente sabe o suor,https://www.instagram.com/p/DbgPpHPOFTF/,152401,2917,120,Sim,,2026-08-18 14:00
Mine,Instagram,2026-08-01,13:16,Reel,DbgPpHPOFTF,Só a gente sabe o suor (colab),https://www.instagram.com/p/DbgPpHPOFTF/,152651,2927,120,Sim,,2026-08-18 19:56
Kysha,Instagram,2026-08-01,13:16,Reel,DbgPpHPOFTF,Só a gente sabe o suor (colab),https://www.instagram.com/p/DbgPpHPOFTF/,152401,2918,120,Sim,,2026-08-18 14:00
Evy Baddie,Instagram,2026-08-01,12:00,Reel,DbgHL_nB5Bb,Marque seus amigos nos comentários,https://www.instagram.com/p/DbgHL_nB5Bb/,32496,1526,67,,,2026-08-18 14:00
Evy Baddie,Instagram,2026-07-31,18:00,Reel,DbeLm8yhK-d,KKKKKK era mais fácil (colab c/ Russin),https://www.instagram.com/p/DbeLm8yhK-d/,150558,5839,152,Sim,,2026-08-18 14:00
Russin Oficial,Instagram,2026-07-31,18:00,Reel,DbeLm8yhK-d,KKKKKK era mais fácil (colab c/ Evy),https://www.instagram.com/p/DbeLm8yhK-d/,150558,5839,152,Sim,,2026-08-18 14:00
Kysha e Mine,Instagram,2026-07-31,17:59,Reel,DbeLWFlOAln,CORRE QUE ABRIU SESSÃO EXTRA,https://www.instagram.com/p/DbeLWFlOAln/,166005,2714,92,Sim,,2026-08-18 14:00
Mine,Instagram,2026-07-31,17:59,Reel,DbeLWFlOAln,CORRE QUE ABRIU SESSÃO EXTRA (colab),https://www.instagram.com/p/DbeLWFlOAln/,166202,2726,93,Sim,,2026-08-18 19:56
Kysha,Instagram,2026-07-31,17:59,Reel,DbeLWFlOAln,CORRE QUE ABRIU SESSÃO EXTRA (colab),https://www.instagram.com/p/DbeLWFlOAln/,166005,2714,92,Sim,,2026-08-18 14:00
Argentino,YouTube,2026-07-31,17:21,Short,H0RS59g33z4,Ultima vez juro kakaka,https://youtu.be/H0RS59g33z4,59959,3014,,,,2026-08-28 11:20
Argentino,Instagram,2026-07-31,16:25,Reel,DbeAjxhOIgG,Juro q é o último 😂😂😂,https://www.instagram.com/p/DbeAjxhOIgG/,48409,1208,60,,,2026-08-18 19:56
Kysha e Mine,Instagram,2026-07-31,12:03,Foto,Dbdin3SOO6i,ALERTA DE SESSÃO EXTRA! ✨,https://www.instagram.com/p/Dbdin3SOO6i/,,876,38,,,2026-08-18 14:00
Russin Oficial,Instagram,2026-07-30,23:00,Reel,DbcJDjlRqLF,Marca aquela pessoa que nunca,https://www.instagram.com/p/DbcJDjlRqLF/,16218,427,11,,,2026-08-18 14:00
Mine,Instagram,2026-07-30,14:23,Carrossel,DbbN7CakTRK,💜💚,https://www.instagram.com/p/DbbN7CakTRK/,,10844,437,,,2026-08-18 19:56
Kysha e Mine,Instagram,2026-07-30,12:00,Reel,Dba9iQQhlKE,Não tem como levar a sério,https://www.instagram.com/p/Dba9iQQhlKE/,28869,1868,62,,,2026-08-18 14:00
Evy Baddie,Instagram,2026-07-30,12:00,Reel,Dba9jEIBTm1,Boa tarde 💛💚🤎🖤,https://www.instagram.com/p/Dba9jEIBTm1/,57746,1670,65,Sim,,2026-08-18 14:00
Russin Oficial,Instagram,2026-07-30,12:00,Reel,Dba9jEIBTm1,Boa tarde 💛💚🤎🖤 (colab c/ Evy),https://www.instagram.com/p/Dba9jEIBTm1/,57746,1670,65,Sim,,2026-08-18 14:00
Mine,Instagram,2026-07-29,22:35,Foto,DbZfv42RlzI,O Homem-Aranha é meu super-herói,https://www.instagram.com/p/DbZfv42RlzI/,,15822,278,,,2026-08-18 19:56
Argentino,Instagram,2026-07-29,21:38,Carrossel,DbZa4QGDmLe,Tá ocupada? Se não estiver,https://www.instagram.com/p/DbZa4QGDmLe/,,3497,87,,,2026-08-18 19:56
Russin Oficial,Instagram,2026-07-29,20:17,Reel,DbZRc6qpY-d,Marca aquele amigo que fala,https://www.instagram.com/p/DbZRc6qpY-d/,18973,389,16,,,2026-08-18 14:00
Evy Baddie,Instagram,2026-07-29,18:00,Reel,DbZB_YSBcN1,Tá vendo aí 🤷🏾‍♀️,https://www.instagram.com/p/DbZB_YSBcN1/,38552,1696,100,,,2026-08-18 14:00
Argentino,YouTube,2026-07-29,17:46,Short,42K9zV2batc,O final kakaka,https://youtu.be/42K9zV2batc,104295,5146,,,,2026-08-28 11:20
Kysha e Mine,Instagram,2026-07-29,17:40,Carrossel,DbY_oXfD26A,Sem palavras para vocês!,https://www.instagram.com/p/DbY_oXfD26A/,,3988,124,,,2026-08-18 14:00
Argentino,Instagram,2026-07-29,17:02,Reel,DbY7SZQukE4,A cara dela no final kkkkkk,https://www.instagram.com/p/DbY7SZQukE4/,70471,4371,201,,,2026-08-18 14:00
Kysha,Instagram,2026-07-29,16:39,Reel,DbY4a6ruf88,"Mano, tava um sol e do nada",https://www.instagram.com/p/DbY4a6ruf88/,234436,12247,917,,,2026-08-18 14:00
Mine,Instagram,2026-07-29,12:12,Reel,DbYZp50uQ25,Já fiquem ligados na trend,https://www.instagram.com/p/DbYZp50uQ25/,147734,4171,126,Sim,,2026-08-18 19:56
Kysha,Instagram,2026-07-29,12:12,Reel,DbYZp50uQ25,Já fiquem ligados na trend (colab),https://www.instagram.com/p/DbYZp50uQ25/,147580,4164,126,Sim,,2026-08-18 14:00
Evy Baddie,Instagram,2026-07-29,12:00,Carrossel,DbYYvOolQBN,✨😮‍💨 📸: @_brunini,https://www.instagram.com/p/DbYYvOolQBN/,,5507,526,,,2026-08-18 14:00
Fidelisx,Instagram,2026-07-29,11:57,Foto,DbYYXf8xDVK,O Homem-Aranha é meu herói favorito,https://www.instagram.com/p/DbYYXf8xDVK/,,6351,148,,,2026-08-18 19:56
Argentino,YouTube,2026-07-28,19:23,Short,K8vJM0cW-uA,Me voy pa lla kakakakka,https://youtu.be/K8vJM0cW-uA,66788,2906,,,,2026-08-27 11:15
Argentino,Instagram,2026-07-28,19:08,Reel,DbWkvvnum4z,Me voy pa lla kkkkkk,https://www.instagram.com/p/DbWkvvnum4z/,60011,2134,103,,,2026-08-18 14:00
Evy Baddie,Instagram,2026-07-28,12:05,Reel,DbV0ldrBQl2,Pra você que ainda não assistiu,https://www.instagram.com/p/DbV0ldrBQl2/,40237,3562,141,,,2026-08-18 14:00
Argentino,Instagram,2026-07-27,18:47,Carrossel,DbT9snkFlCm,Quem já viu o novo lançamento (colab c/ Kysha),https://www.instagram.com/p/DbT9snkFlCm/,,8533,303,Sim,,2026-08-18 14:00
Kysha,Instagram,2026-07-27,18:47,Carrossel,DbT9snkFlCm,Quem já viu o novo lançamento (colab c/ Argentino),https://www.instagram.com/p/DbT9snkFlCm/,,8533,303,Sim,,2026-08-18 14:00
Argentino,YouTube,2026-07-27,17:39,Short,QdNRbesC88s,Já dançou essa hj??,https://youtu.be/QdNRbesC88s,193832,6777,,,,2026-08-27 11:15
Argentino,Instagram,2026-07-27,17:36,Reel,DbT1i5jPsM_,Alguém já dançou essa hj??,https://www.instagram.com/p/DbT1i5jPsM_/,39473,1649,75,,,2026-08-18 14:00
Fidelisx,Instagram,2026-07-27,12:11,Reel,DbTQE-RROxt,eu não tenho nem palavras,https://www.instagram.com/p/DbTQE-RROxt/,33954,2266,136,,,2026-08-18 19:56
Argentino,YouTube,2026-07-26,19:10,Short,KxZt5_0wtHo,Entrei pra trend😂,https://youtu.be/KxZt5_0wtHo,67391,2787,,,,2026-08-27 11:15
Kysha,Instagram,2026-07-26,17:58,Reel,DbRTKZ5O6Pk,Quem aí já assistiu o clipe,https://www.instagram.com/p/DbRTKZ5O6Pk/,72701,4257,190,,,2026-08-18 14:00
Argentino,YouTube,2026-07-26,16:12,Short,-VrjwceNZhw,Será que vocês sabem cantar essa,https://youtu.be/-VrjwceNZhw,102563,5643,,,,2026-08-26 19:35
Argentino,Instagram,2026-07-26,16:07,Reel,DbRGIwEsNkU,Obrigado a todos pelo carinho,https://www.instagram.com/p/DbRGIwEsNkU/,41784,2745,124,,,2026-08-18 14:00
Evy Baddie,Instagram,2026-07-26,11:35,Reel,DbQm6xrxyCn,Preparadas para o impacto?,https://www.instagram.com/p/DbQm6xrxyCn/,50921,2141,81,,,2026-08-18 14:00
Evy Baddie,Instagram,2026-07-25,17:40,Reel,DbOryoIpuxW,Ela chegou PARANDO TUDOOOO!,https://www.instagram.com/p/DbOryoIpuxW/,51704,2090,96,,,2026-08-18 14:00
Argentino,YouTube,2026-07-25,15:22,Short,QFIc2Nb6qnM,Tinha esquecido de postar esse,https://youtu.be/QFIc2Nb6qnM,153379,5957,,,,2026-08-26 11:10
Argentino,Instagram,2026-07-25,14:35,Carrossel,DbOXRh4jmoH,Batemos 800k no clipe te encontrar,https://www.instagram.com/p/DbOXRh4jmoH/,,2465,251,,,2026-08-18 14:00
Mine,Instagram,2026-07-25,11:20,Foto,DbOA5cRx_RL,"foto liberada, rs!! 💜⭐️",https://www.instagram.com/p/DbOA5cRx_RL/,,6201,380,,,2026-08-18 19:56
Evy Baddie,Instagram,2026-07-24,18:00,Reel,DbMJ9tfBCK9,É amanhãaaaaa via music,https://www.instagram.com/p/DbMJ9tfBCK9/,24804,1221,114,,,2026-08-18 14:00
Argentino,YouTube,2026-07-24,15:33,Short,V0RcMxLGsi4,É o molho🔥,https://youtu.be/V0RcMxLGsi4,62678,2964,,,,2026-08-25 11:10
Argentino,Instagram,2026-07-24,15:17,Carrossel,DbL3X6ylkTN,Atualizar aqui né🔥,https://www.instagram.com/p/DbL3X6ylkTN/,,3409,442,,,2026-08-18 14:00
Kysha,Instagram,2026-07-24,12:16,Reel,DbLiXJou2Fh,"É isso! Morreu o assunto, tá",https://www.instagram.com/p/DbLiXJou2Fh/,526547,31230,1142,,,2026-08-18 14:00
Kysha,Instagram,2026-07-23,18:26,Reel,DbJoH71uXai,Pela primeira vez em anos,https://www.instagram.com/p/DbJoH71uXai/,76881,4102,506,,,2026-08-18 14:00
Mine,Instagram,2026-07-23,11:58,Reel,DbI7nO5uehX,Dia de autocuidado e transformação,https://www.instagram.com/p/DbI7nO5uehX/,97617,2515,124,Sim,,2026-08-18 14:00
Kysha,Instagram,2026-07-23,11:58,Reel,DbI7nO5uehX,Dia de autocuidado (colab c/ Mine),https://www.instagram.com/p/DbI7nO5uehX/,97617,2515,124,Sim,,2026-08-18 14:00
Mine,Instagram,2026-07-22,19:49,Reel,DbHLexwxcsb,ser madrinha é um presente,https://www.instagram.com/p/DbHLexwxcsb/,93683,5631,226,,,2026-08-18 14:00
Evy Baddie,Instagram,2026-07-22,18:47,Reel,DbHFmc2prJn,Boa noite minhas vidas ❤️,https://www.instagram.com/p/DbHFmc2prJn/,38789,2088,86,,,2026-08-18 14:00
Evy Baddie,Instagram,2026-07-20,18:06,Carrossel,DbB3cOxkd5z,irmandade não precisa vir do sangue,https://www.instagram.com/p/DbB3cOxkd5z/,,3946,211,Sim,,2026-08-18 14:00
Fidelisx,Instagram,2026-07-20,18:06,Carrossel,DbB3cOxkd5z,irmandade não precisa vir do sangue (colab c/ Evy),https://www.instagram.com/p/DbB3cOxkd5z/,,3949,211,Sim,,2026-08-18 19:56
Kysha,Instagram,2026-07-20,17:47,Reel,DbB1H5Eu6ES,Finalmente postamos um vídeo,https://www.instagram.com/p/DbB1H5Eu6ES/,271960,14828,1029,,,2026-08-18 14:00
Mine,Instagram,2026-07-20,16:20,Reel,DbBrNUUR-4P,a distância pode separar,https://www.instagram.com/p/DbBrNUUR-4P/,143849,9177,368,,,2026-08-18 14:00
Evy Baddie,Instagram,2026-07-20,11:42,Reel,DbBLX_PJ6ld,Somos 200 milllll! AAAAAAA,https://www.instagram.com/p/DbBLX_PJ6ld/,88076,3654,206,,,2026-08-18 14:00
Argentino,YouTube,2026-07-19,23:18,Short,x4b2F_N_lV4,No modo molho🤣🤣🤣,https://youtu.be/x4b2F_N_lV4,110893,8565,,,,2026-08-21 19:20
Mine,Instagram,2026-07-19,15:19,Reel,Da-_M4POpf-,Muito lindo saber que nosso,https://www.instagram.com/p/Da-_M4POpf-/,214983,15012,324,Sim,,2026-08-18 14:00
Kysha,Instagram,2026-07-19,15:19,Reel,Da-_M4POpf-,Muito lindo saber (colab c/ Mine),https://www.instagram.com/p/Da-_M4POpf-/,214983,15012,324,Sim,,2026-08-18 14:00
Kysha,Instagram,2026-07-18,19:17,Reel,Da81zW9O30C,Chega a ser quase um gol de,https://www.instagram.com/p/Da81zW9O30C/,297720,14903,606,,,2026-08-18 14:00
Fidelisx,Instagram,2026-07-18,14:57,Carrossel,Da8YRqtkYde,teve um dejavu não é?😅 (colab c/ Mine),https://www.instagram.com/p/Da8YRqtkYde/,,9990,266,Sim,,2026-08-18 19:56
Mine,Instagram,2026-07-18,14:57,Carrossel,Da8YRqtkYde,teve um dejavu não é?😅 (colab c/ Fidelisx),https://www.instagram.com/p/Da8YRqtkYde/,,9981,266,Sim,,2026-08-18 14:00
Argentino,YouTube,2026-07-16,15:29,Short,Y_IEUK5tVwo,Tô com molejo? Ahhaa,https://youtu.be/Y_IEUK5tVwo,132504,6553,,,,2026-08-21 19:20
Fidelisx,Instagram,2026-07-15,18:00,Carrossel,Da0-1zzkX_F,A ESPERA ACABOU!!!!!😱💚,https://www.instagram.com/p/Da0-1zzkX_F/,,4108,106,,,2026-08-18 19:56
Mine,Instagram,2026-07-15,17:59,Reel,Da0-iRXpVkp,O segredo finalmente foi revelado,https://www.instagram.com/p/Da0-iRXpVkp/,148930,4996,195,,,2026-08-18 14:00
Fidelisx,Instagram,2026-07-15,12:41,Reel,Da0aEMjxH0n,"HOJE, ÀS 18:00!!! 🤟🏾💚",https://www.instagram.com/p/Da0aEMjxH0n/,115789,4172,119,,,2026-08-18 14:00
Fidelisx,Instagram,2026-07-14,21:27,Reel,DayxWxDRFq0,esse replay só pra lembrar,https://www.instagram.com/p/DayxWxDRFq0/,68866,4077,89,,,2026-08-18 14:00
Mine,Instagram,2026-07-12,12:00,Reel,DasnHm3OQpn,O momento que os Escolover's,https://www.instagram.com/p/DasnHm3OQpn/,226032,3388,101,,,2026-08-18 14:00
Mine,Instagram,2026-07-11,18:24,Reel,DaquKK3ONt3,Vocês podem assistir o filme,https://www.instagram.com/p/DaquKK3ONt3/,144462,4686,106,,,2026-08-18 14:00
Argentino,YouTube,2026-07-11,17:36,Short,CsW3GiQo52Q,Não para🥰,https://youtu.be/CsW3GiQo52Q,86626,4255,,,,2026-08-21 11:20
Mine,Instagram,2026-07-11,17:27,Reel,DaqnoNfOoJa,Todo Mundo Junto já está disponível,https://www.instagram.com/p/DaqnoNfOoJa/,144852,6327,180,,,2026-08-18 14:00
Fidelisx,Instagram,2026-07-11,16:17,Reel,DaqfvUURcdc,"sem mt mimimi, skin nova🤙🏽",https://www.instagram.com/p/DaqfvUURcdc/,137955,7571,606,,,2026-08-18 14:00
Fidelisx,Instagram,2026-07-10,18:15,Carrossel,DaoIh0_EcUI,já escutaram VIDOKA hoje? (colab c/ Mine),https://www.instagram.com/p/DaoIh0_EcUI/,,19670,353,Sim,,2026-08-18 14:00
Mine,Instagram,2026-07-10,18:15,Carrossel,DaoIh0_EcUI,já escutaram VIDOKA hoje? (colab c/ Fidelisx),https://www.instagram.com/p/DaoIh0_EcUI/,,19669,353,Sim,,2026-08-18 14:00
Mine,Instagram,2026-07-10,12:03,Reel,DandzZbu9ct,ALERTA DE SHOW NOVO! 🚨,https://www.instagram.com/p/DandzZbu9ct/,117726,3980,212,,,2026-08-18 14:00
Argentino,Instagram,2026-07-09,18:36,Carrossel,DalmOVOFnw3,Quem já assistiu KYSHINO hoje,https://www.instagram.com/p/DalmOVOFnw3/,,7813,309,,,2026-08-18 14:00
Fidelisx,Instagram,2026-07-09,12:03,Reel,Dak49_NxxKJ,cês sabiam que vamos voltar,https://www.instagram.com/p/Dak49_NxxKJ/,153002,10008,202,Sim,,2026-08-18 14:00
Mine,Instagram,2026-07-09,12:03,Reel,Dak49_NxxKJ,cês sabiam que vamos voltar (colab c/ Fidelisx),https://www.instagram.com/p/Dak49_NxxKJ/,153005,10007,202,Sim,,2026-08-18 14:00
Argentino,Instagram,2026-07-07,18:07,Reel,DagZFhZskm1,Quem aí já assistiu Kyshino?,https://www.instagram.com/p/DagZFhZskm1/,69773,4425,303,,,2026-08-18 14:00
Fidelisx,Instagram,2026-07-06,20:20,Carrossel,DaeDvs3kbGG,eu e o mano depois de correr (colab c/ Argentino),https://www.instagram.com/p/DaeDvs3kbGG/,,4762,209,Sim,,2026-08-18 14:00
Argentino,Instagram,2026-07-06,20:20,Carrossel,DaeDvs3kbGG,eu e o mano depois de correr (colab c/ Fidelisx),https://www.instagram.com/p/DaeDvs3kbGG/,,4762,209,Sim,,2026-08-18 14:00
Fidelisx,Instagram,2026-07-03,18:00,Reel,DaWFT3KhRm8,Esse BAD DAY está ficando,https://www.instagram.com/p/DaWFT3KhRm8/,108507,4832,366,,,2026-08-18 14:00
Fidelisx,Instagram,2026-07-03,13:59,Reel,DaVpTcaxOGc,3° episódio de BAD DAY ❤,https://www.instagram.com/p/DaVpTcaxOGc/,143047,6099,457,,,2026-08-18 14:00
Fidelisx,Instagram,2026-06-30,16:55,Reel,DaOPZy7x_Ww,só pra lembrar que hoje tem,https://www.instagram.com/p/DaOPZy7x_Ww/,128820,10146,362,,,2026-08-18 14:00
Fidelisx,Instagram,2026-06-30,15:11,Carrossel,DaODj7lmGc2,A turma da @acasasaturno (colab),https://www.instagram.com/p/DaODj7lmGc2/,,2419,63,Sim,,2026-08-18 14:00
Argentino,Instagram,2026-06-30,15:11,Carrossel,DaODj7lmGc2,A turma da @acasasaturno (colab),https://www.instagram.com/p/DaODj7lmGc2/,,2419,63,Sim,,2026-08-18 14:00
Fidelisx,Instagram,2026-06-28,16:25,Carrossel,DaJCcfXEaAd,start….🎬 LDE 4 - TODO MUNDO (colab),https://www.instagram.com/p/DaJCcfXEaAd/,,10554,326,Sim,,2026-08-18 14:00
Argentino,Instagram,2026-06-28,16:25,Carrossel,DaJCcfXEaAd,start….🎬 LDE 4 (colab),https://www.instagram.com/p/DaJCcfXEaAd/,,10554,326,Sim,,2026-08-18 14:00
Fidelisx,Instagram,2026-06-27,15:08,Reel,DaGUuMJRcpL,qual é tua parte preferida,https://www.instagram.com/p/DaGUuMJRcpL/,52475,4584,246,,,2026-08-18 14:00
Argentino,Instagram,2026-06-03,18:20,Carrossel,DZI3tGtFou1,"Amanhã, 18:00h tem o clipe",https://www.instagram.com/p/DZI3tGtFou1/,,14990,612,,Sim,2026-09-21 18:10
Fidelisx,Instagram,2026-05-16,20:42,Reel,DYaxfdQJFy1,"foi brabo tropa, muito obrigado",https://www.instagram.com/p/DYaxfdQJFy1/,106057,5649,463,,Sim,2026-09-21 18:10
Kysha e Mine,Instagram,2026-05-13,17:59,Foto,DYSwhWdu3Wn,"LEITURA OBRIGATÓRIA, KYMINER",https://www.instagram.com/p/DYSwhWdu3Wn/,,5585,912,Sim,Sim,2026-09-21 18:10
Mine,Instagram,2026-05-13,17:59,Foto,DYSwhWdu3Wn,"LEITURA OBRIGATÓRIA, KYMINER",https://www.instagram.com/p/DYSwhWdu3Wn/,,5585,912,Sim,Sim,2026-09-21 18:10
Casa Saturno,Instagram,2026-05-13,17:59,Foto,DYSwhWdu3Wn,"LEITURA OBRIGATÓRIA, KYMINER",https://www.instagram.com/p/DYSwhWdu3Wn/,,5585,912,Sim,Sim,2026-09-21 18:10
Kysha,Instagram,2026-01-28,11:31,Foto,DUDruj0DVTa,"ATENÇÃO, KYMINERS! 💜🩷✨",https://www.instagram.com/p/DUDruj0DVTa/,,8060,938,,Sim,2026-09-21 18:10
Casa Saturno,Instagram,2025-08-07,15:04,Carrossel,DNEC1nmJENA,"Unir música, criatividade e",https://www.instagram.com/p/DNEC1nmJENA/,,3177,134,,Sim,2026-09-21 18:10
Kysha e Mine,YouTube,2026-08-18,18:00,Vídeo longo,GdRXiWNFiWs,"Kysha e Mine, Argentino - Conto de Fadas",https://youtu.be/GdRXiWNFiWs,20056,872,,,,2026-08-25 11:10
Kysha e Mine,YouTube,2026-08-18,17:52,Short,tc-xByKI_fw,🩷,https://youtu.be/tc-xByKI_fw,29764,2513,,,,2026-08-25 11:10
Evy Baddie,YouTube,2026-08-18,18:00,Short,j4ciN_F9hEM,Isso é muito bom 🤣❤️ #foryou #dance,https://youtu.be/j4ciN_F9hEM,69587,2496,,,,2026-08-25 11:10
Fidelisx,YouTube,2026-08-18,18:00,Short,qugwSpEr7rs,eu e kaka pegamoss!🤟🏾 #fidelisx,https://youtu.be/qugwSpEr7rs,59191,3133,,,,2026-08-21 19:20
Fidelisx,YouTube,2026-08-18,15:00,Short,VOzv4LoYTR8,essa é MUITO SATISFATÓRIA!!!💚🩷 #fidelisx,https://youtu.be/VOzv4LoYTR8,42868,2867,,,,2026-08-21 19:20
Russin Oficial,YouTube,2026-08-18,18:36,Short,bpd0lUFSfNY,Molho especial e molho internacional,https://youtu.be/bpd0lUFSfNY,5841,283,,,,2026-08-27 11:15
Kaka,YouTube,2026-08-18,12:51,Short,5EbVaUJvOSA,Modo emo 🖤⚡️ #fypシ #dance #naoflop,https://youtu.be/5EbVaUJvOSA,6156,632,,,,2026-08-27 11:15
Casa Saturno,YouTube,2026-08-18,15:01,Short,YKGqO5lvM_s,Match de look no squad da Casa Saturno,https://youtu.be/YKGqO5lvM_s,25178,1513,,,,2026-08-21 19:20
Evy Baddie,Instagram,2026-08-18,18:00,Carrossel,DcMh5X7FTzj,produzindo …🎤🎶✨,https://www.instagram.com/reel/DcMh5X7FTzj/,,1864,234,,,2026-08-27 11:15
Casa Saturno,Instagram,2026-08-18,15:00,Reel/Video,DcMIW6dDDVK,Match de look no squad,https://www.instagram.com/reel/DcMIW6dDDVK/,15623,951,28,,,2026-08-21 11:20
Casa Saturno,Instagram,2026-08-18,14:52,Reel/Video,DcMMII0x_0F,Alguém de SP por aí? Pista Lotada,https://www.instagram.com/reel/DcMMII0x_0F/,19562,912,202,,,2026-08-21 11:20
Kysha,Instagram,2026-08-18,17:21,Reel/Video,DcMdSwhO-_v,Não fica triste não 🙂 (likes ocultos),https://www.instagram.com/reel/DcMdSwhO-_v/,48829,3,570,,,2026-08-31 14:04
Kysha e Mine,YouTube,2026-08-19,18:00,Vídeo longo,R-De0jl7e7c,A MINE COZINHOU PRA KYSHA *Será que deu certo?,https://youtu.be/R-De0jl7e7c,39241,2109,,,,2026-08-26 11:10
Kysha e Mine,YouTube,2026-08-19,12:29,Short,5sjlQdlMzkk,Atenção Nova Friburgo!,https://youtu.be/5sjlQdlMzkk,23622,2764,,,,2026-08-25 11:10
Evy Baddie,YouTube,2026-08-19,18:00,Short,irM9rw5_2js,Dança é com nós mesmo 💃🕺🏽🎶 #foryou,https://youtu.be/irM9rw5_2js,49012,2544,,,,2026-08-26 11:10
Evy Baddie,YouTube,2026-08-19,12:00,Short,hULA9Gwklw0,Trend: @oifidelisx #foryou #dance,https://youtu.be/hULA9Gwklw0,76002,3319,,,,2026-08-26 11:10
Evy Baddie,YouTube,2026-08-18,20:00,Short,RW71PfE7tKA,O pior é que ela vai nas minhas,https://youtu.be/RW71PfE7tKA,12988,1748,,,,2026-08-25 11:10
Fidelisx,YouTube,2026-08-19,18:00,Short,t3PpfkhrBVU,NON MI INNAMORERÓ🤯 #fidelisx,https://youtu.be/t3PpfkhrBVU,41318,2405,,,,2026-08-25 11:10
Fidelisx,YouTube,2026-08-19,15:00,Short,WQFB_TWkcsE,agora foi no sério!😂💚💛🤎 #fidelisx,https://youtu.be/WQFB_TWkcsE,35477,2141,,,,2026-08-25 11:10
Fidelisx,YouTube,2026-08-19,12:00,Short,IdMsNTqmqjM,vocês tem amigos assim também?😂,https://youtu.be/IdMsNTqmqjM,68266,3328,,,,2026-08-24 19:35
Russin Oficial,YouTube,2026-08-19,12:06,Short,Zs9rkq9yyRU,Todos estão com vírus de goat kk,https://youtu.be/Zs9rkq9yyRU,5590,615,,,,2026-08-28 11:20
Russin Oficial,YouTube,2026-08-18,21:32,Short,LKwWE09nYBg,Pumba la pumba,https://youtu.be/LKwWE09nYBg,2807,232,,,,2026-08-27 11:15
Kaka,YouTube,2026-08-19,13:47,Short,WRb3QZu3F5s,Muitoooo bommm kkkk #fypシ #dance,https://youtu.be/WRb3QZu3F5s,8012,632,,,,2026-08-28 11:20
Casa Saturno,YouTube,2026-08-19,15:01,Short,1sNkSJpzgbg,Qual cor de look representa você?,https://youtu.be/1sNkSJpzgbg,13957,1209,,,,2026-08-25 11:10
Casa Saturno,YouTube,2026-08-19,11:01,Short,GdZ8vNztxRk,"De 0 a 10, qual nota você dá pra dança",https://youtu.be/GdZ8vNztxRk,37099,2069,,,,2026-08-24 19:35
Casa Saturno,YouTube,2026-08-19,10:01,Short,fQ7aj7DiJYQ,Pra conquistar meu coração não é difícil,https://youtu.be/fQ7aj7DiJYQ,10865,1389,,,,2026-08-21 19:20
Casa Saturno,YouTube,2026-08-19,09:00,Short,Z0Zswt18cTM,Mais uma pra conta das danças sensacionais,https://youtu.be/Z0Zswt18cTM,34765,1743,,,,2026-08-21 19:20
Casa Saturno,Instagram,2026-08-19,18:00,Reel/Video,DcPGoaPBwqs,💃🕺 (colab c/ Evy),https://www.instagram.com/reel/DcPGoaPBwqs/,15428,867,49,Sim,,2026-08-21 11:20
Casa Saturno,Instagram,2026-08-19,15:00,Reel/Video,DcOtPLpFwTB,Qual cor represent,https://www.instagram.com/reel/DcOtPLpFwTB/,10104,924,36,,,2026-08-21 11:20
Casa Saturno,Instagram,2026-08-19,11:00,Reel/Video,DcORssqCaa3,"De 0 a 10, qual no",https://www.instagram.com/reel/DcORssqCaa3/,4786,297,16,,,2026-08-21 11:20
Casa Saturno,Instagram,2026-08-19,10:00,Reel/Video,DcOK2axk4Y9,Pra conquistar meu,https://www.instagram.com/reel/DcOK2axk4Y9/,6689,563,24,,,2026-08-21 11:20
Casa Saturno,Instagram,2026-08-19,09:00,Reel/Video,DcOD4-fj18x,Mais uma pra conta,https://www.instagram.com/reel/DcOD4-fj18x/,9111,426,26,,,2026-08-21 11:20
Evy Baddie,Instagram,2026-08-19,18:00,Reel/Video,DcPGoaPBwqs,💃🕺 (colab c/ Casa Saturno),https://www.instagram.com/reel/DcPGoaPBwqs/,4456,314,39,Sim,,2026-08-19 19:26
Kysha,Instagram,2026-08-18,20:39,Reel/Video,DcMz8kNuIcK,ATENÇÃO NOVA FRIBURGO,https://www.instagram.com/reel/DcMz8kNuIcK/,65028,2276,100,,,2026-09-02 11:17
Russin Oficial,Instagram,2026-08-19,18:59,Reel/Video,DcPNR0AJIdq,Receba transição d,https://www.instagram.com/reel/DcPNR0AJIdq/,21681,919,23,,,2026-08-31 14:04
Kaka,Instagram,2026-08-19,18:01,Reel/Video,DcPGpVbJLNz,Vem K vem K,https://www.instagram.com/reel/DcPGpVbJLNz/,8212,895,47,,,2026-08-26 11:10
Kaka,Instagram,2026-08-19,11:59,Reel/Video,DcOdLWgPBY_,Kkkkkkkkkkkkkkkkkk,https://www.instagram.com/reel/DcOdLWgPBY_/,15393,1154,72,,,2026-08-26 11:10
Kysha e Mine,YouTube,2026-08-19,22:18,Short,l1AQvYqrmaE,Eles invadiram! 😱🪐,https://youtu.be/l1AQvYqrmaE,88842,3385,,,,2026-08-26 11:10
Evy Baddie,YouTube,2026-08-19,20:00,Short,Q5y5Lb-PmJ0,Encontre o erro 🤣🤣🤣🤣 #foryou,https://youtu.be/Q5y5Lb-PmJ0,19290,1666,,,,2026-08-27 11:15
Russin Oficial,YouTube,2026-08-19,22:02,Short,YsYkBcCZbLU,Dublê de rico kkkk,https://youtu.be/YsYkBcCZbLU,2840,287,,,,2026-08-28 11:20
Kaka,YouTube,2026-08-19,19:40,Vídeo longo,SN3Ef-TYros,KAKÁBELO EP 21 (ficou lindo),https://youtu.be/SN3Ef-TYros,1985,157,,,,2026-08-29 11:20
Casa Saturno,YouTube,2026-08-20,11:01,Short,pMrq2vK1kLU,A tropa tá em dia e o passinho,https://youtu.be/pMrq2vK1kLU,30094,1813,,,,2026-08-25 11:10
Casa Saturno,YouTube,2026-08-20,10:44,Vídeo longo,Cx_YAbgsbmY,MORTO VIVO NO PARQUINHO *Quem,https://youtu.be/Cx_YAbgsbmY,25889,1745,,,,2026-08-25 11:10
Casa Saturno,Instagram,2026-08-20,11:00,Reel/Video,DcQ50wbIHL2,A tropa tá em dia e o passinho,https://www.instagram.com/reel/DcQ50wbIHL2/,11785,471,25,,,2026-08-21 11:20
Kysha e Mine,YouTube,2026-08-20,20:40,Short,d3sJ7k9wcXk,Essa tá boa demais (ansiosa),https://youtu.be/d3sJ7k9wcXk,66840,4044,,,,2026-08-27 11:15
Kysha e Mine,YouTube,2026-08-20,20:12,Short,CMiEC40mBeM,Not my problem,https://youtu.be/CMiEC40mBeM,30065,2418,,,,2026-08-27 11:15
Evy Baddie,YouTube,2026-08-20,12:00,Short,yDeVJLDLG3Y,Louca pra chegar dia 24 de outubro,https://youtu.be/yDeVJLDLG3Y,15079,1540,,,,2026-08-27 11:15
Fidelisx,YouTube,2026-08-20,18:00,Short,8gK38rZRz0I,"ESSA DO KEW É TIPO, MUITO BOA",https://youtu.be/8gK38rZRz0I,35262,3018,,,,2026-08-26 11:10
Fidelisx,YouTube,2026-08-20,14:32,Short,f_mR4FP6l8I,o que acharam?👀💚 #fidelisx,https://youtu.be/f_mR4FP6l8I,43279,3291,,,,2026-08-26 11:10
Fidelisx,YouTube,2026-08-20,12:00,Short,MLzJzWReacY,uma vibe mais🖤☠️⛓️🦇 #fidelisx,https://youtu.be/MLzJzWReacY,43034,2554,,,,2026-08-26 11:10
Russin Oficial,YouTube,2026-08-20,21:37,Short,4hDfPdKck7A,Vício nesse trend,https://youtu.be/4hDfPdKck7A,4062,426,,,,2026-08-28 11:20
Kaka,YouTube,2026-08-21,08:59,Short,ysyTnRdodBs,Alô 😩,https://youtu.be/ysyTnRdodBs,73297,2720,,,,2026-08-29 11:20
Casa Saturno,Instagram,2026-08-20,18:00,Carrossel,DcRrckDCdXK,O Saturno TURBINADO,https://www.instagram.com/reel/DcRrckDCdXK/,,1255,251,,,2026-08-21 11:20
Mine,Instagram,2026-08-21,10:54,Carrossel,DcTfecrkcPT,OBRIGADA DEEEUS,https://www.instagram.com/reel/DcTfecrkcPT/,,17035,649,,,2026-09-03 14:33
Fidelisx,Instagram,2026-08-20,12:07,Reel/Video,DcRCb1ixbFe,esperavam por essa?,https://www.instagram.com/reel/DcRCb1ixbFe/,144152,10046,638,,,2026-09-10 10:42
Russin Oficial,Instagram,2026-08-20,22:40,Reel/Video,DcSLZrPxpVf,Jogadinha de mestre,https://www.instagram.com/reel/DcSLZrPxpVf/,42896,775,38,,,2026-08-31 14:04
Kaka,Instagram,2026-08-20,12:37,Reel/Video,DcRGSKSvw1h,Alô ?📞,https://www.instagram.com/reel/DcRGSKSvw1h/,25822,1340,33,,,2026-08-26 11:10
Kysha e Mine,YouTube,2026-08-21,18:46,Short,t_jdIB5OSoA,Lance de Escola em São Paulo,https://youtu.be/t_jdIB5OSoA,41360,3199,,,,2026-08-29 11:20
Kysha e Mine,YouTube,2026-08-21,18:00,Vídeo longo,FWkLX2QT8hg,FIZ A MAKE DO HOMEM ARANHA,https://youtu.be/FWkLX2QT8hg,38780,1791,,,,2026-08-28 11:20
Kysha e Mine,YouTube,2026-08-21,17:02,Short,VXL6umjevME,Essa emociona demais KYMINERS,https://youtu.be/VXL6umjevME,24161,2305,,,,2026-08-27 11:15
Evy Baddie,YouTube,2026-08-21,14:06,Short,pSyxntrd6Kw,Vocês concordam comigo?,https://youtu.be/pSyxntrd6Kw,17494,2481,,,,2026-08-27 11:15
Fidelisx,YouTube,2026-08-21,18:53,Short,7a34w_JZC50,quantos minutos se foram jogando,https://youtu.be/7a34w_JZC50,52743,3662,,,,2026-08-26 19:35
Argentino,YouTube,2026-08-21,18:30,Vídeo longo,0h_uvIV_OeQ,MUDEI RADICALMENTE O CABELO,https://youtu.be/0h_uvIV_OeQ,29185,2227,274,,,2026-08-31 15:55
Kaka,YouTube,2026-08-21,12:19,Short,h0wdJodkxp0,KakaKAdabra em breve 🪄🎩,https://youtu.be/h0wdJodkxp0,18741,1123,,,,2026-08-29 11:20
Casa Saturno,YouTube,2026-08-21,18:46,Short,c-NrsJOz4Is,Lance de Escola em São Paulo,https://youtu.be/c-NrsJOz4Is,9759,1262,,,,2026-08-25 19:20
Casa Saturno,YouTube,2026-08-21,15:28,Short,PjUMuqZ3JcY,Passando para avisar que o t,https://youtu.be/PjUMuqZ3JcY,23517,1667,,,,2026-08-25 11:10
Kysha e Mine,YouTube,2026-08-24,18:00,Vídeo longo,4IDQfjXEKzk,LEVEI A MINE ARANHA AO SHOW,https://youtu.be/4IDQfjXEKzk,43802,1712,67,,,2026-08-31 15:55
Kysha e Mine,YouTube,2026-08-24,13:16,Short,tQRNJ-6PmUA,DDMC 💜,https://youtu.be/tQRNJ-6PmUA,37091,3144,97,,,2026-08-31 15:55
Kysha e Mine,YouTube,2026-08-23,20:12,Short,AEDokCyqMPU,"Muito obrigada, Nova Friburgo",https://youtu.be/AEDokCyqMPU,27411,1892,77,,,2026-08-30 13:15
Kysha e Mine,YouTube,2026-08-23,16:07,Short,4jd32o2JDOE,ALÔ NOVA FRIBURGO! Nossa linda,https://youtu.be/4jd32o2JDOE,38485,2490,,,,2026-08-29 11:20
Kysha e Mine,YouTube,2026-08-22,12:00,Vídeo longo,tCquVvbTr3I,"Kysha e Mine, Stefan Baby",https://youtu.be/tCquVvbTr3I,10729,517,,,,2026-08-29 11:20
Evy Baddie,YouTube,2026-08-24,18:30,Vídeo longo,PD1O6Pm0iis,Fiz um penteado que uma fã pediu,https://youtu.be/PD1O6Pm0iis,4861,418,39,,,2026-08-30 13:15
Evy Baddie,YouTube,2026-08-24,10:00,Short,g_2fa3oF5q8,"Juro, essa sou eu #foryou",https://youtu.be/g_2fa3oF5q8,54078,2747,,,,2026-08-29 11:20
Evy Baddie,YouTube,2026-08-23,18:00,Short,cqsNqya7NnQ,Era melhor ter colocado os,https://youtu.be/cqsNqya7NnQ,15642,1619,,,,2026-08-29 11:20
Evy Baddie,YouTube,2026-08-23,12:00,Short,vgk2Vdd3Vo4,Apareceu tanto na minha fo,https://youtu.be/vgk2Vdd3Vo4,18775,1534,,,,2026-08-28 11:20
Evy Baddie,YouTube,2026-08-22,18:00,Short,IhfWI_hGVhY,TRA - 27/08 às 18:00h 🌊🌺,https://youtu.be/IhfWI_hGVhY,11155,1369,,,,2026-08-28 11:20
Evy Baddie,YouTube,2026-08-22,15:00,Short,sWFR3hUX9Vo,Entre no aplicativo do Spotify,https://youtu.be/sWFR3hUX9Vo,12816,1961,,,,2026-08-28 11:20
Evy Baddie,YouTube,2026-08-22,12:30,Short,JRKbm6DNDBc,Tá chegando hein ✨💛 dia,https://youtu.be/JRKbm6DNDBc,13047,1283,,,,2026-08-27 11:15
Evy Baddie,YouTube,2026-08-21,20:50,Short,UYBF5K0JzZE,Juro #memes,https://youtu.be/UYBF5K0JzZE,40126,1849,,,,2026-08-27 11:15
Fidelisx,YouTube,2026-08-24,15:00,Short,IdBG1XK7zcA,i like your style… #fidelisx,https://youtu.be/IdBG1XK7zcA,26917,1968,,,,2026-08-29 11:20
Fidelisx,YouTube,2026-08-24,12:00,Short,KTVnEDyZ3JY,Açaí com leite ninho😂😂😂,https://youtu.be/KTVnEDyZ3JY,199948,5876,,,,2026-08-29 11:20
Fidelisx,YouTube,2026-08-23,15:00,Short,_ob851xlbeM,se inscrevam no canal do,https://youtu.be/_ob851xlbeM,20873,1981,,,,2026-08-29 11:20
Fidelisx,YouTube,2026-08-23,12:00,Short,eIgCzvDIsp0,não vou negar que pegaria…,https://youtu.be/eIgCzvDIsp0,22125,1837,,,,2026-08-28 11:20
Fidelisx,YouTube,2026-08-22,19:23,Short,gPphP3VXInc,@KyshaeMine isso não vai f,https://youtu.be/gPphP3VXInc,43112,3607,,,,2026-08-27 11:15
Fidelisx,YouTube,2026-08-22,18:00,Short,mEwxV5y-R8Q,eu e a vdk💚💜 #fidelisx,https://youtu.be/mEwxV5y-R8Q,47996,3521,,,,2026-08-27 11:15
Fidelisx,YouTube,2026-08-22,15:00,Short,z0xa51mXDE4,dizem que é a Emily e Void,https://youtu.be/z0xa51mXDE4,119556,4439,,,,2026-08-27 11:15
Fidelisx,YouTube,2026-08-21,21:00,Short,iObferxf3bk,15 de agosto de 2026,https://youtu.be/iObferxf3bk,42911,2628,,,,2026-08-27 11:15
Russin Oficial,YouTube,2026-08-24,18:32,Short,WA0HFVnf8s8,Vocês notaram algo novo?,https://youtu.be/WA0HFVnf8s8,3726,505,13,,,2026-08-30 13:15
Russin Oficial,YouTube,2026-08-24,14:07,Short,9MBwJHE2BIs,Corações em jogo ❤️,https://youtu.be/9MBwJHE2BIs,8753,545,10,,,2026-08-30 13:15
Russin Oficial,YouTube,2026-08-23,21:36,Short,BiB-gLES5Vs,Muito boa essa trend,https://youtu.be/BiB-gLES5Vs,7042,600,10,,,2026-08-30 13:15
Russin Oficial,YouTube,2026-08-23,18:34,Short,eo99t72hRmw,Só molho kkk,https://youtu.be/eo99t72hRmw,2083,229,,,,2026-08-29 11:20
Russin Oficial,YouTube,2026-08-23,12:14,Short,gx2YBLabBbQ,Trio da bagunça kkkkkk,https://youtu.be/gx2YBLabBbQ,6131,891,,,,2026-08-29 11:20
Russin Oficial,YouTube,2026-08-22,18:04,Short,UhljzQ9ePP0,Novo hit em breve 👀🎶,https://youtu.be/UhljzQ9ePP0,27066,715,,,,2026-08-29 11:20
Russin Oficial,YouTube,2026-08-21,23:00,Short,o0mGIogpV68,Molho sendo renunciado kkk,https://youtu.be/o0mGIogpV68,4317,412,,,,2026-08-29 11:20
Argentino,YouTube,2026-08-24,18:00,Vídeo longo,2NjNEiAFfyM,Argentino - Dale Tino (Clipe),https://youtu.be/2NjNEiAFfyM,110040,4996,5287,,,2026-09-02 13:10
Argentino,YouTube,2026-08-22,13:38,Short,hwA-61D4Ib8,Dale Tino😼,https://youtu.be/hwA-61D4Ib8,103813,5614,245,,,2026-09-01 13:14
Kaka,YouTube,2026-08-24,19:12,Vídeo longo,hy5AN2qbpKU,Kaká - Kakakadabra (Clipe),https://youtu.be/hy5AN2qbpKU,54438,2871,826,,,2026-09-03 12:59
Kaka,YouTube,2026-08-24,13:05,Short,f2Sq58kgIjw,Amanhã 18 horas aqui no meu canal,https://youtu.be/f2Sq58kgIjw,19002,1573,28,,,2026-08-31 15:55
Kaka,YouTube,2026-08-23,18:04,Short,BIxrB6Bf_dU,Dc sem áudio de kakaKAdabra,https://youtu.be/BIxrB6Bf_dU,4289,365,7,,,2026-08-30 13:15
Kaka,YouTube,2026-08-23,08:55,Short,mGp8E78Rb-M,Lkkkkkkkkk #fypシ #dance,https://youtu.be/mGp8E78Rb-M,70307,2068,,,,2026-08-29 11:20
Kaka,YouTube,2026-08-22,12:05,Short,Ft-w6kkTLE4,Um toque de mágica vocês a,https://youtu.be/Ft-w6kkTLE4,23225,1760,,,,2026-08-29 11:20
Casa Saturno,YouTube,2026-08-24,18:40,Short,peCX2piv3B8,DALE TINO já está disponível,https://youtu.be/peCX2piv3B8,31498,2305,,,,2026-08-27 11:15
Casa Saturno,YouTube,2026-08-24,13:37,Short,a3_EMP66jDc,"Se juntar os três, já sabe",https://youtu.be/a3_EMP66jDc,9428,959,,,,2026-08-27 11:15
Casa Saturno,YouTube,2026-08-24,08:56,Short,ER7A-9nXmgA,Passando só pra garantir,https://youtu.be/ER7A-9nXmgA,49661,1871,,,,2026-08-27 11:15
Casa Saturno,YouTube,2026-08-23,20:12,Short,uXRtT1QDYlo,"Muito obrigada, Nova Friburgo",https://youtu.be/uXRtT1QDYlo,12734,1736,,,,2026-08-26 19:35
Casa Saturno,YouTube,2026-08-23,16:07,Short,-TYXfioBzi0,ALÔ NOVA FRIBURGO! Nossa l,https://youtu.be/-TYXfioBzi0,10078,1152,,,,2026-08-26 19:35
Casa Saturno,YouTube,2026-08-23,11:01,Short,fypv-yKV5f4,"Eu quero tudo, tudo, tudo",https://youtu.be/fypv-yKV5f4,17933,1768,,,,2026-08-26 19:35
Casa Saturno,YouTube,2026-08-22,18:00,Vídeo longo,Ad12d3XS76U,JOGAMOS QUEIMADO *A disputa,https://youtu.be/Ad12d3XS76U,37126,1883,,,,2026-08-26 11:10
Casa Saturno,YouTube,2026-08-22,10:01,Short,TLLDnhdo_Q8,O modo gótica foi 100% car,https://youtu.be/TLLDnhdo_Q8,23182,1387,,,,2026-08-25 19:20
Casa Saturno,YouTube,2026-08-22,09:01,Short,ZS59XOKjJ0w,"Bom dia Saturner's, alguém",https://youtu.be/ZS59XOKjJ0w,15676,1100,,,,2026-08-25 19:20
Kysha e Mine,Instagram,2026-08-24,10:19,Reel/Video,DcbJSX2Of1I,Que show mágico (colab c/ CS),https://www.instagram.com/reel/DcbJSX2Of1I/,28033,1981,54,Sim,,2026-09-02 18:16
Kysha e Mine,Instagram,2026-08-24,10:00,Reel/Video,DcbHq59EUnO,A AULA MAIS,https://www.instagram.com/reel/DcbHq59EUnO/,64338,1403,52,,,2026-09-02 18:16
Kysha e Mine,Instagram,2026-08-23,18:59,Reel/Video,DcZgGW3uR8T,Mais uma vez,https://www.instagram.com/reel/DcZgGW3uR8T/,53345,2506,87,,,2026-09-01 11:08
Kysha e Mine,Instagram,2026-08-23,15:24,Reel/Video,DcZHiyou9bf,"Alô, Nova Friburgo",https://www.instagram.com/reel/DcZHiyou9bf/,38656,1390,25,,,2026-09-01 11:08
Kysha e Mine,Instagram,2026-08-23,10:00,Foto,DcRhWNLPV-U,Dia 12 de outubro,https://www.instagram.com/reel/DcRhWNLPV-U/,,1755,54,Sim,,2026-08-31 14:04
Kysha e Mine,Instagram,2026-08-21,17:06,Reel/Video,DcUJ-5MjA3Q,Essa emociona,https://www.instagram.com/reel/DcUJ-5MjA3Q/,39511,3006,144,,,2026-08-29 11:20
Casa Saturno,Instagram,2026-08-24,18:15,Foto,Dcbck79pQdG,27/08 - TRA (colab c/ Evy),https://www.instagram.com/reel/Dcbck79pQdG/,,4030,803,Sim,,2026-08-25 19:20
Casa Saturno,Instagram,2026-08-24,17:59,Reel/Video,Dcb-QhHJKH5,O RITMO CHEGOU,https://www.instagram.com/reel/Dcb-QhHJKH5/,46819,1673,116,,,2026-08-25 19:20
Casa Saturno,Instagram,2026-08-24,13:40,Reel/Video,Dcbgx6ulfi2,Se juntar os três,https://www.instagram.com/reel/Dcbgx6ulfi2/,10754,844,44,,,2026-08-25 11:10
Casa Saturno,Instagram,2026-08-24,10:19,Reel/Video,DcbJSX2Of1I,Que show mágico (colab c/ K&M),https://www.instagram.com/reel/DcbJSX2Of1I/,20504,1551,48,Sim,,2026-08-25 19:20
Casa Saturno,Instagram,2026-08-24,08:57,Reel/Video,DcbAZn8Ap11,Passando só,https://www.instagram.com/reel/DcbAZn8Ap11/,10042,380,28,,,2026-08-24 19:35
Casa Saturno,Instagram,2026-08-23,17:59,Reel/Video,DcZZpSKptrg,dc sem áudio (colab c/ Kaka),https://www.instagram.com/reel/DcZZpSKptrg/,19172,982,94,Sim,,2026-08-24 19:35
Casa Saturno,Instagram,2026-08-23,11:00,Reel/Video,DcYok3kiLeQ,Eu quero tudo,https://www.instagram.com/reel/DcYok3kiLeQ/,25584,1384,34,,,2026-08-24 19:35
Casa Saturno,Instagram,2026-08-23,10:00,Foto,DcRhWNLPV-U,Dia 12 de outubro (colab c/ K&M),https://www.instagram.com/reel/DcRhWNLPV-U/,,1451,48,Sim,,2026-08-24 19:35
Casa Saturno,Instagram,2026-08-22,18:00,Reel/Video,DcW1A3DhXjI,TRA - 27/08 (colab c/ Evy),https://www.instagram.com/reel/DcW1A3DhXjI/,95891,2032,193,Sim,,2026-08-24 19:35
Casa Saturno,Instagram,2026-08-22,12:14,Reel/Video,DcWM4Qfpi0a,Tá cada vez (colab c/ Evy),https://www.instagram.com/reel/DcWM4Qfpi0a/,49685,1680,133,Sim,,2026-08-24 19:35
Evy Baddie,Instagram,2026-08-24,18:15,Foto,Dcbck79pQdG,27/08 - TRA (colab c/ CS),https://www.instagram.com/reel/Dcbck79pQdG/,,4698,836,Sim,,2026-08-29 11:20
Evy Baddie,Instagram,2026-08-22,18:00,Reel/Video,DcW1A3DhXjI,TRA - 27/08 (colab c/ CS),https://www.instagram.com/reel/DcW1A3DhXjI/,100653,2268,204,Sim,,2026-08-29 11:20
Evy Baddie,Instagram,2026-08-22,12:14,Reel/Video,DcWM4Qfpi0a,Tá cada vez (colab c/ CS),https://www.instagram.com/reel/DcWM4Qfpi0a/,53145,1904,135,Sim,,2026-08-29 11:20
Evy Baddie,Instagram,2026-08-21,19:33,Carrossel,DcUa1dxkX9e,insanidade total (colab c/ Fidelisx),https://www.instagram.com/reel/DcUa1dxkX9e/,,17255,419,Sim,,2026-08-29 11:20
Mine,Instagram,2026-08-22,12:00,Reel/Video,DcWLwxcvyp-,UM TOQUE de mágica (colab c/ Kaka),https://www.instagram.com/reel/DcWLwxcvyp-/,66070,2798,148,Sim,,2026-09-03 14:33
Fidelisx,Instagram,2026-08-24,12:05,Carrossel,DcbWAIike5q,nada demais,https://www.instagram.com/reel/DcbWAIike5q/,,3870,2078,,,2026-09-21 18:10
Fidelisx,Instagram,2026-08-22,19:06,Reel/Video,DcW8ZyqR0WT,@oikysha & @oifidelisx,https://www.instagram.com/reel/DcW8ZyqR0WT/,152492,7335,361,,,2026-09-19 11:00
Fidelisx,Instagram,2026-08-21,19:33,Carrossel,DcUa1dxkX9e,insanidade total (colab c/ Evy),https://www.instagram.com/reel/DcUa1dxkX9e/,,19779,433,Sim,,2026-09-10 10:42
Russin Oficial,Instagram,2026-08-22,12:05,Reel/Video,DcWMPr_xfLT,NOVO HIT EM BREVE,https://www.instagram.com/reel/DcWMPr_xfLT/,53501,1202,119,,,2026-09-01 11:08
Argentino,Instagram,2026-08-24,18:14,Reel/Video,DccAKmpJsaV,Simplesmente DALE TINO,https://www.instagram.com/reel/DccAKmpJsaV/,32757,2541,202,,,2026-08-27 11:15
Argentino,Instagram,2026-08-24,12:41,Carrossel,DcbaJamji-z,Vocês estão prontos (likes ocultos),https://www.instagram.com/reel/DcbaJamji-z/,,3,412,,,2026-08-27 11:15
Argentino,Instagram,2026-08-23,15:45,Reel/Video,DcZKKjuxvh6,É AMANHÃ ÀS 18h,https://www.instagram.com/reel/DcZKKjuxvh6/,55184,1999,162,,,2026-08-27 11:15
Argentino,Instagram,2026-08-22,18:20,Reel/Video,DcW3Hj2BxLu,Dale Tino disponível,https://www.instagram.com/reel/DcW3Hj2BxLu/,50077,2231,155,,,2026-08-26 11:10
Argentino,Instagram,2026-08-22,12:59,Carrossel,DcWSoN5jmVp,Dale tino (likes ocultos),https://www.instagram.com/reel/DcWSoN5jmVp/,,3,304,,,2026-08-26 11:10
Kaka,Instagram,2026-08-24,11:59,Reel/Video,DcbVIiKvYV7,BASTIDORES,https://www.instagram.com/reel/DcbVIiKvYV7/,32977,1672,111,,,2026-08-31 14:04
Kaka,Instagram,2026-08-23,17:59,Reel/Video,DcZZpSKptrg,dc sem áudio (colab c/ CS),https://www.instagram.com/reel/DcZZpSKptrg/,28895,1362,101,Sim,,2026-08-28 11:20
Kaka,Instagram,2026-08-22,20:59,Carrossel,DcXJg-nCaKv,TERÇA-FEIRA,https://www.instagram.com/reel/DcXJg-nCaKv/,,926,98,,,2026-08-27 11:15
Kaka,Instagram,2026-08-22,12:00,Reel/Video,DcWLwxcvyp-,UM TOQUE de mágica (colab c/ Mine),https://www.instagram.com/reel/DcWLwxcvyp-/,54800,2387,147,Sim,,2026-08-26 11:10
Kaka,Instagram,2026-08-21,12:09,Reel/Video,DcTn6-BvYwa,MAIS UM HITINHO,https://www.instagram.com/reel/DcTn6-BvYwa/,57238,2086,109,,,2026-08-26 11:10
Fidelisx,YouTube,2026-08-25,03:00,Short,N99AibqusuA,essa é muito boa🤣🤣🤣 #fidelisx,https://youtu.be/N99AibqusuA,37507,2384,,,,2026-08-29 11:20
Casa Saturno,YouTube,2026-08-25,10:10,Short,nihxd0T6MNc,Vocês sabem o que tem hoje,https://youtu.be/nihxd0T6MNc,32191,1661,,,,2026-08-27 11:15
Casa Saturno,Instagram,2026-08-25,10:08,Reel/Video,DcdtSPXDFDn,Muito Bom,https://www.instagram.com/reel/DcdtSPXDFDn/,13435,551,38,,,2026-08-25 19:20
Casa Saturno,Instagram,2026-08-24,19:44,Foto,DccKYslp41r,26/08 - SATURNO (colab c/ Russin),https://www.instagram.com/reel/DccKYslp41r/,,611,182,Sim,,2026-08-25 19:20
Russin Oficial,Instagram,2026-08-24,19:44,Foto,DccKYslp41r,26/08 - SATURNO (colab c/ CS),https://www.instagram.com/reel/DccKYslp41r/,,776,186,Sim,,2026-09-02 11:17
Kysha e Mine,YouTube,2026-08-25,18:01,Short,jXpLIvY1NQo,Lance de Escola em São Paulo! 😱,https://youtu.be/jXpLIvY1NQo,35776,2221,68,,,2026-09-01 13:14
Kysha e Mine,YouTube,2026-08-25,18:00,Vídeo longo,HxSP8BCH4F4,"Kysha e Mine, Stefan Baby e Argentino - 0 Chance Pra Você (Best Friends Forever ao vivo)",https://youtu.be/HxSP8BCH4F4,11184,591,26,,,2026-08-31 15:55
Kysha e Mine,YouTube,2026-08-25,13:25,Short,UzUnGJlq10E,O POV que todo mundo já viveu (ou queria ter vivido) no recreio!,https://youtu.be/UzUnGJlq10E,31179,1764,60,,,2026-08-31 15:55
Evy Baddie,YouTube,2026-08-25,18:00,Short,Ex0xSU097sc,Uma pérola no meio das gravações 🤭💛 #foryou,https://youtu.be/Ex0xSU097sc,25579,1784,51,,,2026-08-30 13:15
Evy Baddie,YouTube,2026-08-25,15:09,Short,4Eean6gPnyQ,Quais vocês conhecem? #foryou,https://youtu.be/4Eean6gPnyQ,15056,1585,37,,,2026-08-30 13:15
Fidelisx,YouTube,2026-08-25,18:00,Short,OrCxVMRvz88,"SAIU DALE!!!! no canal do @Oiargentinoo, vao la tropa!💙",https://youtu.be/OrCxVMRvz88,35857,2552,46,,,2026-08-30 13:15
Fidelisx,YouTube,2026-08-25,12:00,Short,GM2__GDzkCw,o que acharam do nosso cabelo?💚🩵 #fidelisx,https://youtu.be/GM2__GDzkCw,54291,2668,485,,,2026-08-30 13:15
Russin Oficial,YouTube,2026-08-25,14:02,Short,oH02-pD6SQk,Kassinho 🖤🤎,https://youtu.be/oH02-pD6SQk,7069,823,15,,,2026-08-31 15:55
Russin Oficial,YouTube,2026-08-25,11:22,Vídeo longo,wxGoAlkLHYY,Russin - Sabe O Que Tá Faltando? (Clipe Oficial) [estreia 26/08],https://youtu.be/wxGoAlkLHYY,5642,974,,,,2026-08-27 11:15
Argentino,YouTube,2026-08-25,12:55,Short,gPsrRLJj1E0,"Desafio lançado, vamos fazer esse clipe bater 50k😍😍",https://youtu.be/gPsrRLJj1E0,95457,5168,270,,,2026-09-04 12:56
Kaka,YouTube,2026-08-25,12:44,Short,A2_dPg-9fEg,Eai preparados pra hoje 18:00? 🎩🪄,https://youtu.be/A2_dPg-9fEg,4778,562,30,,,2026-09-01 13:14
Casa Saturno,YouTube,2026-08-25,18:10,Vídeo longo,gPGtDGvnGTo,JOGANDO QUEIMADO (PARTE 2) *As fãs invadiram e jogaram com a gente!,https://youtu.be/gPGtDGvnGTo,21992,1298,,,,2026-08-28 11:20
Casa Saturno,YouTube,2026-08-25,18:01,Short,ex4gOXs2ha0,"O novo hit ""KakáKadabra"" já está disponível em todas as plataformas digitais! 🎩🎶",https://youtu.be/ex4gOXs2ha0,8891,1236,,,,2026-08-27 11:15
Casa Saturno,YouTube,2026-08-25,18:01,Short,e52NSS2vA_Q,Lance de Escola em São Paulo! 😱,https://youtu.be/e52NSS2vA_Q,6634,1020,,,,2026-08-27 11:15
Casa Saturno,YouTube,2026-08-25,16:53,Short,hmSYpyJ9r_0,"Quando a dupla entra no ritmo, não tem jeito! 🕺",https://youtu.be/hmSYpyJ9r_0,18389,1754,,,,2026-08-27 11:15
Kysha e Mine,Instagram,2026-08-25,18:05,Reel,DcejujDs9n_,Vendas oficialmente abertas! 😱🚨,https://www.instagram.com/reel/DcejujDs9n_/,72060,1577,96,Sim,,2026-09-02 18:16
Evy Baddie,Instagram,2026-08-25,18:10,Carrossel,DcekmbflaEp,"""o movimento é tra"" Contagem regressiva - 27/08 18:00",https://www.instagram.com/p/DcekmbflaEp/,,1564,348,Sim,,2026-08-31 14:04
Casa Saturno,Instagram,2026-08-25,18:33,Reel,DcemnVtpBzs,"BASTIDORES DA MÚSICA ""SABE O QUE TÁ FALTANDO?""",https://www.instagram.com/reel/DcemnVtpBzs/,12303,638,298,Sim,,2026-08-26 11:10
Casa Saturno,Instagram,2026-08-25,18:10,Carrossel,DcekmbflaEp,"""o movimento é tra"" Contagem regressiva - 27/08 (colab c/ Evy)",https://www.instagram.com/p/DcekmbflaEp/,,1059,318,Sim,,2026-08-26 11:10
Casa Saturno,Instagram,2026-08-25,18:05,Reel,DcejujDs9n_,Vendas oficialmente abertas! 😱🚨 (colab),https://www.instagram.com/reel/DcejujDs9n_/,54025,1165,85,Sim,,2026-08-26 11:10
Casa Saturno,Instagram,2026-08-25,18:00,Reel,DcejUvVJHci,"DC OFICIAL, QUERO VER TODOS FAZENDO E ME MARCANDO 👀",https://www.instagram.com/reel/DcejUvVJHci/,8261,557,86,Sim,,2026-08-26 11:10
Casa Saturno,Instagram,2026-08-25,18:00,Reel,DcejbL7JcJq,"O novo hit ""KakáKadabra"" já está disponível! (colab c/ Kaka)",https://www.instagram.com/reel/DcejbL7JcJq/,33222,1611,125,Sim,,2026-08-26 11:10
Casa Saturno,Instagram,2026-08-25,16:56,Reel,Dceb8m1AXQm,"Quando a dupla entra no ritmo, não tem jeito! 🕺🔥",https://www.instagram.com/reel/Dceb8m1AXQm/,7591,687,20,,,2026-08-26 11:10
Russin Oficial,Instagram,2026-08-25,18:33,Reel,DcemnVtpBzs,"BASTIDORES ""SABE O QUE TÁ FALTANDO?"" (colab c/ CS)",https://www.instagram.com/reel/DcemnVtpBzs/,19590,884,301,Sim,,2026-09-02 18:16
Argentino,Instagram,2026-08-25,18:02,Carrossel,DcejmtrFlc2,O Reggaeton do Tino é muy loco😝 cadê você no youtube?,https://www.instagram.com/p/DcejmtrFlc2/,,1854,148,,,2026-08-29 11:20
Argentino,Instagram,2026-08-25,12:46,Reel,Dcd_AWFOM13,"Já assistiu ""Dale Tino"" hoje?? desafio de 50k🤭",https://www.instagram.com/reel/Dcd_AWFOM13/,53354,3483,332,,,2026-08-29 11:20
Argentino,Instagram,2026-08-21,18:47,Reel,DcUVcpXsaMB,As vezes temos que dar uma mudada né? Hahaha🤷🏻‍♂️😍,https://www.instagram.com/reel/DcUVcpXsaMB/,95430,6717,706,,,2026-08-26 11:10
Kaka,Instagram,2026-08-25,18:00,Reel,DcejUvVJHci,DC OFICIAL (colab c/ CS),https://www.instagram.com/reel/DcejUvVJHci/,15482,934,97,Sim,,2026-09-01 11:08
Kaka,Instagram,2026-08-25,18:00,Reel,DcejbL7JcJq,"O novo hit ""KakáKadabra"" já está disponível!",https://www.instagram.com/reel/DcejbL7JcJq/,50440,2395,144,Sim,,2026-09-01 11:08
Kaka,Instagram,2026-08-25,12:20,Reel,Dcd77IEvCOD,Eai estão preparados para hoje 18:00?👀,https://www.instagram.com/reel/Dcd77IEvCOD/,17754,1176,113,,,2026-08-31 14:04
Russin Oficial,YouTube,2026-08-25,23:15,Short,j-UbrSFzMVE,"BASTIDORES DE MÚSICA NOVA ""SABE O QUE TÁ FALTANDO?"" Amanhã as 18:00hrs no meu canal",https://youtu.be/j-UbrSFzMVE,5361,732,8,,,2026-08-31 15:55
Kaka,YouTube,2026-08-25,19:19,Short,_F989pvMlA0,Quero ver todo mundo fazendo a dc da minha música 🪄🎩👀,https://youtu.be/_F989pvMlA0,18115,1289,25,,,2026-09-03 12:59
Casa Saturno,YouTube,2026-08-26,11:01,Short,NKxa5P6rOV0,100% de eficácia na arte de desconcentrar o inimigo! 😂💅,https://youtu.be/NKxa5P6rOV0,23633,1233,,,,2026-08-28 11:20
Casa Saturno,YouTube,2026-08-26,10:01,Short,8BYjENIwbDo,"Boné na cabeça, ritmo no corpo e a melhor companhia. Nada supera esse trio! ❤️",https://youtu.be/8BYjENIwbDo,15690,1000,,,,2026-08-28 11:20
Casa Saturno,YouTube,2026-08-26,09:01,Short,ApzKzV9BW84,Ele tentando entender de onde ela tira tanta energia 😂,https://youtu.be/ApzKzV9BW84,45145,1658,,,,2026-08-28 11:20
Kysha,Instagram,2026-08-25,21:06,Carrossel,Dce4ty2EVNa,será que elas estão preparadas?🔥🤷🏽‍♂️,https://www.instagram.com/p/Dce4ty2EVNa/,,6602,396,Sim,,2026-09-02 18:16
Kysha,Instagram,2026-08-25,20:04,Reel,DcexkZ9ObaG,Tava sumida desse feed né kkkk,https://www.instagram.com/reel/DcexkZ9ObaG/,21572,1273,110,,,2026-09-02 18:16
Casa Saturno,Instagram,2026-08-26,11:00,Reel,DcgTIFzDSRU,100% de eficácia na arte de desconcentrar o inimigo! 😂💅,https://www.instagram.com/reel/DcgTIFzDSRU/,10787,486,18,,,2026-08-27 11:15
Casa Saturno,Instagram,2026-08-26,10:00,Reel,DcgMdrslVSN,"Boné na cabeça, ritmo no corpo e a melhor companhia! ❤️",https://www.instagram.com/reel/DcgMdrslVSN/,13308,855,37,,,2026-08-27 11:15
Casa Saturno,Instagram,2026-08-26,09:00,Reel,DcgFfJYEy5E,Ele tentando entender de onde ela tira tanta energia 😂,https://www.instagram.com/reel/DcgFfJYEy5E/,22765,1174,30,,,2026-08-27 11:15
Casa Saturno,Instagram,2026-08-25,21:06,Carrossel,Dce4ty2EVNa,será que elas estão preparadas?🔥 (colab),https://www.instagram.com/p/Dce4ty2EVNa/,,5280,384,Sim,,2026-08-27 11:15
Mine,Instagram,2026-08-25,21:06,Carrossel,Dce4ty2EVNa,será que elas estão preparadas?🔥 (colab),https://www.instagram.com/p/Dce4ty2EVNa/,,6696,396,Sim,,2026-09-03 14:33
Fidelisx,Instagram,2026-08-25,21:06,Carrossel,Dce4ty2EVNa,será que elas estão preparadas?🔥 (colab),https://www.instagram.com/p/Dce4ty2EVNa/,,7274,398,Sim,,2026-09-21 18:10
Argentino,Instagram,2026-08-25,21:06,Carrossel,Dce4ty2EVNa,será que elas estão preparadas?🔥 (colab),https://www.instagram.com/p/Dce4ty2EVNa/,,5998,392,Sim,,2026-08-29 11:20
Kysha e Mine,YouTube,2026-08-26,18:10,Vídeo longo,RyTFyLuOE6w,PRIMEIRA VEZ DA MINE PROVANDO POKE! *Ela adorou!,https://youtu.be/RyTFyLuOE6w,24135,1247,44,,,2026-09-01 13:14
Kysha e Mine,YouTube,2026-08-26,12:01,Short,AMPMNFWfPfo,"RECIFE, ESTAMOS CHEGANDO! 🚨",https://youtu.be/AMPMNFWfPfo,27644,1954,115,,,2026-09-01 13:14
Evy Baddie,YouTube,2026-08-26,18:00,Short,_j3OePajdI8,Bastidores gravando música nova! É amanhã 18h clipe oficial 😮‍💨👀 #foryou,https://youtu.be/_j3OePajdI8,18568,2367,59,,,2026-08-31 15:55
Evy Baddie,YouTube,2026-08-26,12:18,Short,Sria8I4DYz4,Desabafo do meu coração …🎶 #foryou,https://youtu.be/Sria8I4DYz4,12211,2056,51,,,2026-08-30 13:15
Fidelisx,YouTube,2026-08-26,18:43,Short,aib6Wjse_q8,é coisa de meninooooo #fidelisx,https://youtu.be/aib6Wjse_q8,47532,3000,46,,,2026-08-31 15:55
Fidelisx,YouTube,2026-08-26,15:00,Short,vOqgdWp9k_M,de dia é na dancinha!🤟🏾 #fidelisx,https://youtu.be/vOqgdWp9k_M,18364,1809,36,,,2026-08-30 13:15
Fidelisx,YouTube,2026-08-26,12:00,Short,TD7y8Ft61io,oq acham desse estilo?😵‍💫 #fidelisx,https://youtu.be/TD7y8Ft61io,17163,2017,79,,,2026-08-30 13:15
Argentino,YouTube,2026-08-26,17:40,Short,GhqwB5RtS1k,Vem comigo fazer esse clipe bater 50k😍😍,https://youtu.be/GhqwB5RtS1k,40097,2219,52,,,2026-09-05 11:47
Kaka,YouTube,2026-08-26,18:12,Short,K7MQDVY0T7s,Já fizeram minha DC kakaKadabra,https://youtu.be/K7MQDVY0T7s,4580,437,0,,,2026-09-03 12:59
Kaka,YouTube,2026-08-26,12:05,Short,kxdinZ2tRxM,Assista meu clipe kakaKAdabra🎩🪄,https://youtu.be/kxdinZ2tRxM,3359,364,16,,,2026-09-03 12:59
Kaka,YouTube,2026-08-26,11:56,Short,ZqRoYUw9eBc,KakaKadabra,https://youtu.be/ZqRoYUw9eBc,2243,220,0,,,2026-09-03 12:59
Casa Saturno,YouTube,2026-08-26,18:03,Short,wVYnNgJvTlY,Sabe o que tá faltando na sua playlist hoje?,https://youtu.be/wVYnNgJvTlY,9564,1060,,,,2026-08-29 11:20
Kysha e Mine,Instagram,2026-08-26,13:08,Reel,DcgmKobR7LI,Eles estão chegando com TU-DO! ✨,https://www.instagram.com/reel/DcgmKobR7LI/,62115,1675,99,Sim,,2026-09-03 14:33
Kysha e Mine,Instagram,2026-08-26,12:00,Reel,DcgcMgbo13i,"RECIFE, ESTAMOS CHEGANDO! 🚨✨",https://www.instagram.com/reel/DcgcMgbo13i/,102317,2381,106,Sim,,2026-09-03 14:33
Kysha,Instagram,2026-08-26,12:00,Reel,DcgcMgbo13i,"RECIFE, ESTAMOS CHEGANDO! 🚨✨ (colab)",https://www.instagram.com/reel/DcgcMgbo13i/,97729,2180,102,Sim,,2026-09-02 18:16
Evy Baddie,Instagram,2026-08-26,18:00,Reel,DchINiJBqk2,Bastidores gravando música nova 🎶👀😮‍💨,https://www.instagram.com/reel/DchINiJBqk2/,29574,2127,157,,,2026-08-31 14:04
Mine,Instagram,2026-08-26,12:00,Reel,DcgcMgbo13i,"RECIFE, ESTAMOS CHEGANDO! 🚨✨ (colab)",https://www.instagram.com/reel/DcgcMgbo13i/,102319,2381,106,Sim,,2026-09-03 14:33
Fidelisx,Instagram,2026-08-26,18:37,Carrossel,DchMgRQEW_8,vou mostrar como se faz!😵‍💫,https://www.instagram.com/p/DchMgRQEW_8/,,4748,255,,,2026-09-21 18:10
Russin Oficial,Instagram,2026-08-26,18:09,Reel,DchJJF1gvLe,Sabe o que tá faltando na sua playlist hoje? 👀,https://www.instagram.com/reel/DchJJF1gvLe/,31136,969,49,Sim,,2026-09-03 14:33
Argentino,Instagram,2026-08-26,17:28,Reel,DchENgEv_wG,"Quem aí já assistiu ""Dale Tino"" hoje?? Rumo a 50k😝🩵",https://www.instagram.com/reel/DchENgEv_wG/,16453,1169,65,,,2026-09-02 11:17
Kaka,Instagram,2026-08-26,17:59,Reel,DchH_d8pXRN,Quero ver vocês fazendo minha DC com os papais de vocês tô de olhooo👀🪄🎩,https://www.instagram.com/reel/DchH_d8pXRN/,23333,1364,109,,,2026-09-21 18:10
Kaka,Instagram,2026-08-26,12:00,Reel,DcgezryvLfF,"Clica no link da minha bio e assista ""kakaKAdabra"" 🎩🪄",https://www.instagram.com/reel/DcgezryvLfF/,13258,1173,45,,,2026-09-03 14:33
Fidelisx,YouTube,2026-08-26,20:21,Vídeo longo,zLCq4OdqSQw,BASTIDORES RESPOSTA FINAL!!! Kyshino & Minelisx,https://youtu.be/zLCq4OdqSQw,,68,,,,2026-08-27 11:15
Argentino,YouTube,2026-08-26,21:44,Short,SEyAXvNFc2U,Quem tbm amou??😝😏😏,https://youtu.be/SEyAXvNFc2U,46448,2685,100,,,2026-09-06 12:06
Casa Saturno,YouTube,2026-08-27,11:00,Short,EwrUTBcZvkM,"Eles combinando o look é 10/10, mas a sincronia de caretas é 1000/10! 😂",https://youtu.be/EwrUTBcZvkM,16547,1319,,,,2026-08-29 11:20
Casa Saturno,YouTube,2026-08-27,10:00,Short,y_H6GyLDd_Y,Aprovados na sincronia ou eles precisam de mais um ensaio? Conta aí! 👀👇,https://youtu.be/y_H6GyLDd_Y,23452,1187,,,,2026-08-29 11:20
Casa Saturno,YouTube,2026-08-27,09:01,Short,jYCMXB7ck1o,Fim do drama em 5 segundos 😭✨,https://youtu.be/jYCMXB7ck1o,44310,1590,,,,2026-08-29 11:20
Casa Saturno,Instagram,2026-08-27,11:00,Reel,Dci4MW0D2rO,"Eles combinando o look é 10/10, mas a sincronia de caretas é 1000/10! 😂",https://www.instagram.com/reel/Dci4MW0D2rO/,6971,422,23,,,2026-08-28 11:20
Casa Saturno,Instagram,2026-08-27,10:00,Reel,DcixWB4jQE-,Aprovados na sincronia ou precisam de mais um ensaio? 👀👇,https://www.instagram.com/reel/DcixWB4jQE-/,12174,615,27,,,2026-08-28 11:20
Casa Saturno,Instagram,2026-08-27,09:00,Reel,DciqPK1jHU7,Fim do drama em 5 segundos 😭✨,https://www.instagram.com/reel/DciqPK1jHU7/,19095,749,22,,,2026-08-28 11:20
Casa Saturno,Instagram,2026-08-26,18:09,Reel,DchJJF1gvLe,Sabe o que tá faltando na sua playlist hoje? 👀 (colab c/ Russin),https://www.instagram.com/reel/DchJJF1gvLe/,25368,756,46,Sim,,2026-08-28 11:20
Casa Saturno,Instagram,2026-08-26,13:08,Reel,DcgmKobR7LI,Eles estão chegando com TU-DO! ✨ (colab),https://www.instagram.com/reel/DcgmKobR7LI/,57590,1446,95,Sim,,2026-08-28 11:20
Casa Saturno,Instagram,2026-08-26,12:00,Reel,DcgcMgbo13i,"RECIFE, ESTAMOS CHEGANDO! 🚨✨ (colab)",https://www.instagram.com/reel/DcgcMgbo13i/,68504,1228,79,Sim,,2026-08-27 11:15
Kysha e Mine,YouTube,2026-08-28,09:23,Vídeo longo,L8Bwz_lZMGw,PINTEI O CABELO DO TINO *Acompanha o real (e maluco) processo!,https://youtu.be/L8Bwz_lZMGw,39137,1722,94,,,2026-09-02 13:10
Kysha e Mine,YouTube,2026-08-27,23:23,Short,MfrRvC8fsoE,Pov: rascunhos nunca postados antes kkk,https://youtu.be/MfrRvC8fsoE,43631,2473,74,,,2026-09-02 13:10
Kysha e Mine,YouTube,2026-08-27,18:53,Short,tY8yC5VfFXQ,Os novos bonés de Lance de Escola e Escola Saturno chegaram!,https://youtu.be/tY8yC5VfFXQ,23637,1700,39,,,2026-09-02 13:10
Evy Baddie,YouTube,2026-08-27,18:41,Short,T_RQw5z57Z4,"SAIUUUUUUUU, tá disponível clipe, música, coreografia, TUDOOOOO!!",https://youtu.be/T_RQw5z57Z4,31541,2905,56,,,2026-09-02 13:10
Evy Baddie,YouTube,2026-08-27,18:00,Vídeo longo,LMZcTB5yfY8,Evy - TRA (Clipe Oficial),https://youtu.be/LMZcTB5yfY8,65558,4310,674,,,2026-09-01 13:14
Evy Baddie,YouTube,2026-08-27,16:25,Short,RFEv55d5Nak,"Eai, eu posso contar com você as 18h aqui no meu canal? #foryou",https://youtu.be/RFEv55d5Nak,11840,1747,44,,,2026-09-01 13:14
Evy Baddie,YouTube,2026-08-27,12:00,Short,-vxGWIUdjJQ,Hoje 18h eu espero todos vocês no meu canal do YouTube ✨💛,https://youtu.be/-vxGWIUdjJQ,18644,2144,58,,,2026-09-01 13:14
Evy Baddie,YouTube,2026-08-27,11:07,Short,bGD4HIyuD0A,"Injustooooooooo!!!! Obs: eles estavam fazendo um suspense, uma surpresa pra mim",https://youtu.be/bGD4HIyuD0A,44962,2660,40,,,2026-08-31 15:55
Fidelisx,YouTube,2026-08-27,21:00,Short,Ar0JNtjPS9w,desce até o chão…🤟🏾 #fidelisx,https://youtu.be/Ar0JNtjPS9w,23508,2218,38,,,2026-09-02 13:10
Fidelisx,YouTube,2026-08-27,19:00,Short,QmmvfJcHTcQ,viramos góticos por um dia🤣🤣🤣 #fidelisx,https://youtu.be/QmmvfJcHTcQ,58955,2792,38,,,2026-09-02 13:10
Fidelisx,YouTube,2026-08-27,15:00,Short,Tpz59zMQcVM,essa é muito viciante!😵‍💫 #fidelisx,https://youtu.be/Tpz59zMQcVM,14784,1398,23,,,2026-09-01 13:14
Fidelisx,YouTube,2026-08-27,13:38,Short,nHV3tvgXNow,querem que eu grave essa trend com o novo cabelo?👀💚 #fidelisx,https://youtu.be/nHV3tvgXNow,36033,2287,44,,,2026-09-01 13:14
Fidelisx,YouTube,2026-08-27,12:00,Short,uCpZTOhB5Yc,"ACABOU DE SAIR OS BASTIDORES!!! entrem no meu canal pra assistir, fé!🤟🏾 #fidelisx",https://youtu.be/uCpZTOhB5Yc,17353,1925,27,,,2026-08-31 15:55
Russin Oficial,YouTube,2026-08-27,21:25,Short,XAEi2TTPttk,"DC OFICIAL DE ""SABE O QUE TÁ FALTANDO?"" Façam e me marca!",https://youtu.be/XAEi2TTPttk,19592,1602,22,,,2026-09-02 13:10
Russin Oficial,YouTube,2026-08-27,18:03,Vídeo longo,OvY-GIZyp5c,Russin - Sabe O Que Tá Faltando? (Clipe Oficial),https://youtu.be/OvY-GIZyp5c,16145,1201,223,,,2026-09-01 13:14
Russin Oficial,YouTube,2026-08-27,11:17,Short,ZHoN1GWAPpg,SABE O QUE TÁ FALTANDO NA SUA PLAYLIST HOJE? Assistem o clipe ❤️,https://youtu.be/ZHoN1GWAPpg,4772,552,10,,,2026-09-01 13:14
Argentino,YouTube,2026-08-27,15:50,Short,DswtrbcsRVc,A mine tem que errar né??😭😭😭,https://youtu.be/DswtrbcsRVc,138222,4222,60,,,2026-09-11 13:04
Argentino,YouTube,2026-08-27,12:17,Short,OSc9xjMf6ro,Eu em 2023😂😂😂,https://youtu.be/OSc9xjMf6ro,72378,3301,87,,,2026-09-08 13:13
Kaka,YouTube,2026-08-27,12:23,Short,t_B9UXfpX5g,Kakakadabra,https://youtu.be/t_B9UXfpX5g,3860,321,0,,,2026-09-04 12:56
Casa Saturno,YouTube,2026-08-28,11:01,Short,9CDftHKtJuY,"Quem sabe cantar esse todinha também?! ""VIDOKA"" mexe com meus sentimentos 🥹",https://youtu.be/9CDftHKtJuY,6422,689,21,,,2026-08-31 15:55
Casa Saturno,YouTube,2026-08-28,10:01,Short,k_gsFOP8R4M,Gravado em 1 take (ou quase isso rs). O importante é a pose no final! 📸,https://youtu.be/k_gsFOP8R4M,25986,2102,24,,,2026-08-30 13:15
Casa Saturno,YouTube,2026-08-28,09:01,Short,dwpXgTf4SHM,"LDE, todo mundo junto! O trio chegou! ❤️",https://youtu.be/dwpXgTf4SHM,12979,998,18,,,2026-08-30 13:15
Casa Saturno,YouTube,2026-08-27,22:16,Vídeo longo,BR8fK5S4IRw,"Casa Saturno, Fidelisx, Argentino, Kysha e Mine - Resposta Final (Clipe oficial)",https://youtu.be/BR8fK5S4IRw,121339,6250,516,,,2026-08-31 15:55
Casa Saturno,YouTube,2026-08-27,18:53,Short,3jUAyRqqyFk,Os novos bonés de Lance de Escola e Escola Saturno chegaram!,https://youtu.be/3jUAyRqqyFk,16853,1030,17,,,2026-08-30 13:15
Casa Saturno,YouTube,2026-08-27,18:16,Short,RM5HqvYrVXw,"O video-clipe e a música ""TRA"" da Evy já estão no ar em todas as plataformas digitais!",https://youtu.be/RM5HqvYrVXw,7011,1030,,,,2026-08-29 11:20
Casa Saturno,YouTube,2026-08-27,18:10,Vídeo longo,IXITzMdKkBA,QUEM DORMIR PRIMEIRO PERDE (PARTE 2) *Quem será que foi trolado dessa vez?,https://youtu.be/IXITzMdKkBA,19517,1280,,,,2026-08-29 11:20
Kysha e Mine,Instagram,2026-08-27,18:09,Reel,Dcjt2YRp1vo,Os novos bonés de Lance de Escola e Escola Saturno chegaram! 🚨,https://www.instagram.com/reel/Dcjt2YRp1vo/,49088,1233,30,Sim,,2026-09-03 14:33
Kysha,Instagram,2026-08-27,18:30,Carrossel,DcjwbjDkUFu,you are my everything…❤️‍🩹,https://www.instagram.com/p/DcjwbjDkUFu/,,43635,533,Sim,,2026-09-03 14:33
Kysha,Instagram,2026-08-27,18:18,Reel,Dcju-knuO4d,Olha o que eu achei nos rascunhos kkkk,https://www.instagram.com/reel/Dcju-knuO4d/,475786,24668,445,,,2026-09-03 14:33
Kysha,Instagram,2026-08-27,14:06,Reel,DcjR_ErOd5m,"CORRAM PRA ASSISTIR AO CLIPE, TA LINDOOOOO!!! 💛✨",https://www.instagram.com/reel/DcjR_ErOd5m/,134852,7360,224,Sim,,2026-09-03 14:33
Evy Baddie,Instagram,2026-08-27,18:20,Reel,DcjvF5Ypc16,GENTEEEEEEEEE JÁ ESTÁ DISPONÍVEL PRA VOCÊS !!!,https://www.instagram.com/reel/DcjvF5Ypc16/,80475,4293,237,,,2026-09-02 18:16
Evy Baddie,Instagram,2026-08-27,16:13,Reel,DcjgorcpvhR,"Eai, posso contar contigo hoje 18:00 no meu canal? 🥹💛",https://www.instagram.com/reel/DcjgorcpvhR/,25529,1414,154,,,2026-09-01 11:08
Evy Baddie,Instagram,2026-08-27,14:06,Reel,DcjR_ErOd5m,"CORRAM PRA ASSISTIR AO CLIPE, TA LINDOOOOO!!! 💛✨ (colab c/ Kysha)",https://www.instagram.com/reel/DcjR_ErOd5m/,125824,6698,221,Sim,,2026-09-01 11:08
Evy Baddie,Instagram,2026-08-27,12:00,Reel,DcjDw3cBheT,HOJE 18h no meu canal do YouTube - evybaddiee ✨,https://www.instagram.com/reel/DcjDw3cBheT/,47916,1826,325,,,2026-09-01 11:08
Casa Saturno,Instagram,2026-08-28,11:00,Reel,DcldONkDtvP,"Quem sabe cantar esse todinha também?! ""VIDOKA"" mexe com meus sentimentos 🥹🤎",https://www.instagram.com/reel/DcldONkDtvP/,1657,157,11,,,2026-08-28 11:20
Casa Saturno,Instagram,2026-08-28,10:00,Reel,DclWCTjiohj,Esse foi gravado em 1 take (ou quase isso rs). O importante é a pose no final! 📸✨,https://www.instagram.com/reel/DclWCTjiohj/,2308,206,15,,,2026-08-28 11:20
Casa Saturno,Instagram,2026-08-28,09:01,Reel,DclPJwCDOdi,"LDE, todo mundo junto! O trio chegou! ❤️🔥",https://www.instagram.com/reel/DclPJwCDOdi/,1540,82,8,,,2026-08-28 11:20
Casa Saturno,Instagram,2026-08-27,18:09,Reel,Dcjt2YRp1vo,Os novos bonés de Lance de Escola e Escola Saturno chegaram! 🚨 (colab),https://www.instagram.com/reel/Dcjt2YRp1vo/,32037,732,21,Sim,,2026-08-28 11:20
Casa Saturno,Instagram,2026-08-27,18:02,Reel,Dcjs_o9Jorp,AQUELE HIT QUE NÃO SAI DA CABEÇA! ✨,https://www.instagram.com/reel/Dcjs_o9Jorp/,18573,1172,105,,,2026-08-28 11:20
Mine,Instagram,2026-08-27,18:30,Carrossel,DcjwbjDkUFu,you are my everything…❤️‍🩹 (colab),https://www.instagram.com/p/DcjwbjDkUFu/,,43635,533,Sim,,2026-09-03 14:33
Fidelisx,Instagram,2026-08-27,18:30,Carrossel,DcjwbjDkUFu,you are my everything…❤️‍🩹 (colab),https://www.instagram.com/p/DcjwbjDkUFu/,,47284,566,Sim,,2026-09-21 18:10
Fidelisx,Instagram,2026-08-27,12:00,Reel,DcjDyRRhigx,"ACABOU DE SAIR OS BASTIDORES!!! corram pro meu canal do YT pra assistir, fé!",https://www.instagram.com/reel/DcjDyRRhigx/,30368,1774,65,,,2026-08-29 11:20
Russin Oficial,Instagram,2026-08-27,21:37,Reel,DckFtNUJ5px,É uma terapia! 🎶,https://www.instagram.com/reel/DckFtNUJ5px/,35634,1049,50,,,2026-09-03 14:33
Russin Oficial,Instagram,2026-08-27,16:04,Reel,DcjfhrmpITr,"DC OFICIAL DE ""SABE O QUE TÁ FALTANDO?""",https://www.instagram.com/reel/DcjfhrmpITr/,75039,2455,87,,,2026-09-03 14:33
Argentino,Instagram,2026-08-27,19:35,Reel,Dcj3x3vuFSB,Qual jeito vc prefere 1 ou 2?,https://www.instagram.com/reel/Dcj3x3vuFSB/,19039,1867,91,,,2026-09-03 14:33
Argentino,Instagram,2026-08-27,18:30,Carrossel,DcjwbjDkUFu,you are my everything…❤️‍🩹 (colab),https://www.instagram.com/p/DcjwbjDkUFu/,,43635,533,Sim,,2026-09-03 14:33
Argentino,Instagram,2026-08-27,15:54,Reel,DcjeQUQvKWW,A mine tem que errar😭😭😭,https://www.instagram.com/reel/DcjeQUQvKWW/,68371,3555,70,,,2026-09-03 14:33
Argentino,Instagram,2026-08-27,12:20,Reel,DcjF0PDuThw,Eu em 2023😂😂,https://www.instagram.com/reel/DcjF0PDuThw/,17093,1374,72,,,2026-09-02 18:16
Kaka,Instagram,2026-08-27,12:13,Reel,DcjFEEESto1,Vocês estão esperando o que pra fazer a dc da minha música nova 🪄👀🎩,https://www.instagram.com/reel/DcjFEEESto1/,19705,1300,77,,,2026-09-21 18:10
Kysha e Mine,YouTube,2026-08-28,19:53,Short,fDhNv2MeBZ0,ACHEI PERDIDO NOS RASCUNHOS 😂,https://youtu.be/fDhNv2MeBZ0,245695,7079,135,,,2026-09-02 13:10
Evy Baddie,YouTube,2026-08-28,19:00,Short,O9YlFfIpOwg,"Kysha que montou meu look, ela arrasou né gente?! 😮‍💨✨💛 #foryou",https://youtu.be/O9YlFfIpOwg,32686,3257,59,,,2026-09-04 12:56
Evy Baddie,YouTube,2026-08-28,18:00,Short,CsGBwpqQs9s,Parte 1,https://youtu.be/CsGBwpqQs9s,25829,2818,67,,,2026-09-03 12:59
Evy Baddie,YouTube,2026-08-28,15:00,Short,wstoful1HRk,Bastidores 😮‍💨🥹 #foryou,https://youtu.be/wstoful1HRk,20124,2006,26,,,2026-09-02 13:10
Fidelisx,YouTube,2026-08-28,18:16,Short,0h3A3dUFPxw,ACABOU DE SAIR O CLIPE DE RESPOSTA FINAL!!! corram pro canal da @acasasaturno!!! #fidelisx,https://youtu.be/0h3A3dUFPxw,43114,3690,68,,,2026-09-03 12:59
Russin Oficial,YouTube,2026-08-28,22:31,Short,ZT9AeKzyxwg,Dupla do molejo kkkk,https://youtu.be/ZT9AeKzyxwg,35944,1944,20,,,2026-09-04 12:56
Russin Oficial,YouTube,2026-08-28,18:20,Short,qdcNmgqNO8U,Banho com música é terapia 🎶,https://youtu.be/qdcNmgqNO8U,6808,609,10,,,2026-09-03 12:59
Russin Oficial,YouTube,2026-08-28,12:07,Short,MlCwDH2YPmI,"Se quer molho, toma, toma 🎶 Façam a DC e me marca!",https://youtu.be/MlCwDH2YPmI,11951,1083,19,,,2026-09-02 13:10
Argentino,YouTube,2026-08-29,00:39,Vídeo longo,d1SdjugEE6U,BASTIDORES DO CLIPE RESPOSTA FINAL *Acompanhem o que rolou por trás das câmeras!,https://youtu.be/d1SdjugEE6U,31473,1961,144,,,2026-09-21 14:06
Argentino,YouTube,2026-08-28,21:19,Short,WPbxgT6Bm5o,"Pronto, rebolei🤷🏻‍♂️",https://youtu.be/WPbxgT6Bm5o,38556,2397,54,,,2026-09-21 14:06
Argentino,YouTube,2026-08-28,15:43,Short,IRnuoxJQAoQ,Açaí com leite ninho😂😂😂,https://youtu.be/IRnuoxJQAoQ,151740,4512,56,,,2026-09-21 14:06
Argentino,YouTube,2026-08-27,19:35,Short,xfJTwJxrrgI,2 tipos de dcs pra vcs😍🥰,https://youtu.be/xfJTwJxrrgI,40516,2572,44,,,2026-09-17 12:34
Kaka,YouTube,2026-08-28,12:03,Short,4aQuHvOpwpo,Querem mais vídeos assim???? 👀🪄🎩 #dance,https://youtu.be/4aQuHvOpwpo,8465,729,20,,,2026-09-04 12:56
Casa Saturno,YouTube,2026-08-29,10:01,Short,vYg4HBI94vw,"""Vai tomando esse (Des)convite"" 👀",https://youtu.be/vYg4HBI94vw,20923,2452,29,,,2026-09-01 13:14
Casa Saturno,YouTube,2026-08-29,09:00,Short,IJPv3oGZBFo,Mais uma trend pra conta da tropinha!,https://youtu.be/IJPv3oGZBFo,45726,1781,26,,,2026-08-31 15:55
Casa Saturno,YouTube,2026-08-28,18:10,Short,QByLkzQR0mA,"O clipe ""Resposta Final"" já está disponível! Assista Agora 🔗",https://youtu.be/QByLkzQR0mA,10319,1139,26,,,2026-08-31 15:55
Casa Saturno,YouTube,2026-08-28,15:25,Short,_oy_1d5GZTI,É HOJE! 🚀 O clipe de 'Resposta Final' estreia às 18:00 no canal da Casa Saturno,https://youtu.be/_oy_1d5GZTI,24449,1833,34,,,2026-08-31 15:55
Kysha,Instagram,2026-08-28,18:11,Reel,DcmS0h1ROyA,"""não vai adiantar, fingir que não me quer e depois me chamar""💚💙💜🩷",https://www.instagram.com/reel/DcmS0h1ROyA/,117124,4648,225,Sim,,2026-09-03 14:33
Evy Baddie,Instagram,2026-08-28,18:00,Reel,DcmR1niBY1S,Parte 1,https://www.instagram.com/reel/DcmR1niBY1S/,21335,2280,151,,,2026-09-02 18:16
Evy Baddie,Instagram,2026-08-28,12:00,Reel,DclokkNhJJq,Bastidores ✨,https://www.instagram.com/reel/DclokkNhJJq/,20883,1345,101,,,2026-09-02 18:16
Mine,Instagram,2026-08-28,18:11,Reel,DcmS0h1ROyA,"""não vai adiantar, fingir que não me quer e depois me chamar""💚💙💜🩷 (colab)",https://www.instagram.com/reel/DcmS0h1ROyA/,117124,4648,225,Sim,,2026-09-03 14:33
Fidelisx,Instagram,2026-08-28,18:11,Reel,DcmS0h1ROyA,"""não vai adiantar, fingir que não me quer e depois me chamar"" (colab)",https://www.instagram.com/reel/DcmS0h1ROyA/,142305,5706,238,Sim,,2026-09-21 18:10
Fidelisx,Instagram,2026-08-28,12:03,Reel,Dclosj6x71-,É HOJE! 🚀 O clipe de 'Resposta Final' estreia às 18:00 no canal da Casa Saturno,https://www.instagram.com/reel/Dclosj6x71-/,,1416,48,Sim,,2026-08-29 11:20
Russin Oficial,Instagram,2026-08-28,12:12,Reel,Dclp57yxo52,"Se quer molho, toma, toma 🎶",https://www.instagram.com/reel/Dclp57yxo52/,57316,597,36,,,2026-09-03 14:33
Argentino,Instagram,2026-08-28,21:21,Reel,DcmorFTOZyU,Já rebolei e já respondi🤷🏻‍♂️,https://www.instagram.com/reel/DcmorFTOZyU/,20405,1485,73,,,2026-09-16 18:10
Argentino,Instagram,2026-08-28,18:11,Reel,DcmS0h1ROyA,"""não vai adiantar, fingir que não me quer e depois me chamar"" (colab)",https://www.instagram.com/reel/DcmS0h1ROyA/,117134,4648,225,Sim,,2026-09-03 14:33
Argentino,Instagram,2026-08-28,12:03,Reel,Dclosj6x71-,É HOJE! 🚀 O clipe de 'Resposta Final' estreia às 18:00 (colab),https://www.instagram.com/reel/Dclosj6x71-/,31844,1869,49,Sim,,2026-09-03 14:33
Kaka,Instagram,2026-08-28,12:00,Reel,DcloboBPkjy,Querem mais vídeos assim aqui no reels??? 🪄🎩👀,https://www.instagram.com/reel/DcloboBPkjy/,52925,3790,105,,,2026-09-21 18:10
Kysha e Mine,YouTube,2026-08-30,10:56,Short,p0nswdmUC9Y,HAHHAHAAHAH E ELES SEGUEM TENDO QUE REBOLAR,https://youtu.be/p0nswdmUC9Y,34428,2910,84,,,2026-09-03 12:59
Kysha e Mine,YouTube,2026-08-29,16:11,Short,TY9Y_PKTdqM,Quem lembra dessa DC ainda? 👀 #lde1,https://youtu.be/TY9Y_PKTdqM,80723,4332,188,,,2026-09-04 12:56
Kysha e Mine,YouTube,2026-08-29,12:00,Vídeo longo,M4uEQqwaxjk,"Kysha e Mine, Stefan Baby e Argentino - Galã de Dorama / Quem é Você? (Best Friends Forever ao vivo)",https://youtu.be/M4uEQqwaxjk,44450,586,21,,,2026-09-04 12:56
Evy Baddie,YouTube,2026-08-29,18:00,Short,CG42U0D_EdM,Parte 2 ! Vocês gostaram ? ❤️😮‍💨👀 #foryou,https://youtu.be/CG42U0D_EdM,10801,1150,44,,,2026-09-05 11:47
Evy Baddie,YouTube,2026-08-29,12:45,Short,neQbz3LPwhE,O movimento é TRA 🔥🎶😮‍💨,https://youtu.be/neQbz3LPwhE,20833,2359,52,,,2026-09-04 12:56
Fidelisx,YouTube,2026-08-30,12:00,Short,GBdSTtkHfN4,"mano, eu to muito viciado na musica da kaka🤯🤎 #fidelisx",https://youtu.be/GBdSTtkHfN4,28952,2163,30,,,2026-09-04 12:56
Fidelisx,YouTube,2026-08-29,18:00,Short,OAfKZ7IJqyA,entrem no meu canal pra assistir o clipe!🤟🏾💚 #fidelisx,https://youtu.be/OAfKZ7IJqyA,29803,3195,45,,,2026-09-04 12:56
Fidelisx,YouTube,2026-08-29,15:00,Short,KXVVNZEWnJc,alguém já aprendeu essa?🤟🏾 #fidelisx,https://youtu.be/KXVVNZEWnJc,18752,2158,33,,,2026-09-03 12:59
Fidelisx,YouTube,2026-08-29,12:00,Short,13AzY6Ipr-8,COREOGRAFIA DE RESPOSTA FINAL!!!💚 #fidelisx,https://youtu.be/13AzY6Ipr-8,46301,3432,52,,,2026-09-03 12:59
Russin Oficial,YouTube,2026-08-30,12:29,Short,03M2DIux6uU,Kakakadabra 🤎🖤,https://youtu.be/03M2DIux6uU,8222,1031,12,,,2026-09-06 12:06
Russin Oficial,YouTube,2026-08-29,21:07,Short,hIlVY-qbIgE,Dupla barriga kkkk,https://youtu.be/hIlVY-qbIgE,13376,817,26,,,2026-09-05 11:47
Russin Oficial,YouTube,2026-08-29,18:11,Short,D6DhXMUsThg,Jogada de molho 🕺,https://youtu.be/D6DhXMUsThg,8150,490,8,,,2026-09-05 11:47
Russin Oficial,YouTube,2026-08-29,12:04,Short,fyOd1AQ_kGM,Vai tomando molho e malemolência 🕺,https://youtu.be/fyOd1AQ_kGM,28129,1293,17,,,2026-09-04 12:56
Argentino,YouTube,2026-08-30,12:36,Short,jdHn4xBencU,Que mané coreano 😡,https://youtu.be/jdHn4xBencU,48802,3988,110,,,2026-09-21 14:06
Argentino,YouTube,2026-08-29,17:52,Short,uq4-FTSn33w,Amor se concentra😝,https://youtu.be/uq4-FTSn33w,145155,4509,91,,,2026-09-21 14:06
Argentino,YouTube,2026-08-29,13:55,Short,_e9eTT3RaFg,Lde 1 foi incrível msm😍😍,https://youtu.be/_e9eTT3RaFg,55732,3406,94,,,2026-09-21 14:06
Kaka,YouTube,2026-08-30,12:04,Short,fZJFfinnqjM,Kkkkkkkkkkk #fypシ #dance #naofloppa,https://youtu.be/fZJFfinnqjM,70998,2447,95,,,2026-09-14 14:53
Kaka,YouTube,2026-08-30,09:04,Short,nPkHUMXn5wo,Kkkkkkkkkkkk #fypシ #dance,https://youtu.be/nPkHUMXn5wo,14126,1243,19,,,2026-09-13 12:47
Kaka,YouTube,2026-08-29,18:04,Short,1e7EVLTTA8M,Querem parte 2? #fypシ #dance #naofloppa,https://youtu.be/1e7EVLTTA8M,8973,1095,27,,,2026-09-13 12:47
Kaka,YouTube,2026-08-29,13:11,Short,TXMpZxkANuk,Já foram lá fazer meu desafio trava língua ? Já fizeram minha DC ? Já foram lá assisti meu clipe ?,https://youtu.be/TXMpZxkANuk,3159,288,0,,,2026-09-13 12:47
Kaka,YouTube,2026-08-29,12:08,Short,TznODxasMkY,Desafiooo vaelendooooo façam e me marquemmmm 🪄👀🎩,https://youtu.be/TznODxasMkY,66529,3454,26,,,2026-09-12 12:12
Casa Saturno,YouTube,2026-08-30,11:01,Short,S_JMh8H5M-E,A Evy! 😂😂😂😂,https://youtu.be/S_JMh8H5M-E,33439,2237,65,,,2026-09-03 12:59
Casa Saturno,YouTube,2026-08-30,10:56,Short,-on80mhujks,HAHHAHAAHAH E ELES SEGUEM TENDO QUE REBOLAR,https://youtu.be/-on80mhujks,13362,2151,34,,,2026-09-02 13:10
Casa Saturno,YouTube,2026-08-30,10:01,Short,ZcbmkFiGTr4,Salva esse vídeo pra pegar a coreô mais rápida do feed! 🔥,https://youtu.be/ZcbmkFiGTr4,28414,2125,25,,,2026-09-02 13:10
Casa Saturno,YouTube,2026-08-30,09:01,Short,3e1MhSF3VAo,O Look é 100% gótico mas a personalidade não! Essa dupla é demais! 💛🤎,https://youtu.be/3e1MhSF3VAo,20515,1398,30,,,2026-09-02 13:10
Casa Saturno,YouTube,2026-08-29,18:00,Vídeo longo,2Y0wCAr4tPs,GATO MIA NO BOSQUE *O que será que esses gatos aprontaram dessa vez?,https://youtu.be/2Y0wCAr4tPs,26480,1245,78,,,2026-09-01 13:14
Casa Saturno,YouTube,2026-08-29,11:01,Short,GFddvJLyzN8,A Kaká com toda a intensidade! 😱😂,https://youtu.be/GFddvJLyzN8,15054,980,21,,,2026-09-01 13:14
Casa Saturno,Instagram,2026-08-31,11:00,Reel,DctLMndGK8q,O Russin ensinando todo o molejo para o Argen,https://www.instagram.com/p/DctLMndGK8q/,8605,703,18,,,2026-09-01 11:08
Casa Saturno,Instagram,2026-08-31,10:00,Reel,DctEXO0FAXn,Que Trend engraçada é essa?! 😂😂😂,https://www.instagram.com/p/DctEXO0FAXn/,12808,575,52,,,2026-09-01 11:08
Casa Saturno,Instagram,2026-08-31,09:00,Reel,Dcs9kdLkjc7,A luz do sol ajudou e a energia fez o resto.,https://www.instagram.com/p/Dcs9kdLkjc7/,14524,789,30,,,2026-09-01 11:08
Casa Saturno,Instagram,2026-08-30,11:00,Reel,Dcqmx2REgch,“O Sapo não lava o pé… 🐸” Dedique essa músic,https://www.instagram.com/p/Dcqmx2REgch/,14560,930,71,,,2026-09-01 11:08
Casa Saturno,Instagram,2026-08-30,10:00,Reel,DcqfcjJDEvi,Salva esse vídeo pra pegar a coreô mais rápid,https://www.instagram.com/p/DcqfcjJDEvi/,9408,480,25,,,2026-09-01 11:08
Casa Saturno,Instagram,2026-08-30,09:37,Reel,DcqhnNwxA2X,Mais um corte da minha participação na Believ,https://www.instagram.com/p/DcqhnNwxA2X/,9933,308,74,,,2026-08-31 14:04
Casa Saturno,Instagram,2026-08-30,09:00,Reel,DcqYsl-DXwa,O Look é 100% gótico mas a personalidade não!,https://www.instagram.com/p/DcqYsl-DXwa/,8189,601,30,,,2026-08-31 14:04
Casa Saturno,Instagram,2026-08-29,12:04,Reel,DcoNw4DRkun,Desafio valendo!!! Já fizeram esse trava-líng,https://www.instagram.com/p/DcoNw4DRkun/,99801,4301,99,Sim,,2026-08-31 14:04
Casa Saturno,Instagram,2026-08-29,10:00,Reel,Dcn6_EfEYjm,“Vai tomando esse (Des)convite” 👀🎶,https://www.instagram.com/p/Dcn6_EfEYjm/,10089,962,53,,,2026-08-31 14:04
Casa Saturno,Instagram,2026-08-29,10:00,Foto,DcmrkU3pp1a,"É OFICIAL 🪐  Lance de Escola, estrelado por",https://www.instagram.com/p/DcmrkU3pp1a/,,1202,59,,,2026-08-31 14:04
Kysha e Mine,Instagram,2026-08-31,09:00,Reel,DctCYqkgcQA,▶️ DÁ O PLAY E AUMENTA O SOM! 💖🎶 Se pelo,https://www.instagram.com/p/DctCYqkgcQA/,76147,1020,50,,,2026-09-03 14:33
Kysha e Mine,Instagram,2026-08-29,16:12,Reel,DcoqJPruKKs,Quem lembra dessa DC ainda? 👀 #lancedeesco,https://www.instagram.com/p/DcoqJPruKKs/,48607,2160,203,,,2026-09-03 14:33
Evy Baddie,Instagram,2026-08-30,17:57,Reel,Dcra68ap9K1,"Ai deu até saudades , quem lembra ? 😮‍💨🥹",https://www.instagram.com/p/Dcra68ap9K1/,100547,3323,152,,,2026-09-03 14:33
Evy Baddie,Instagram,2026-08-30,15:12,Reel,DcrHzewp6T-,Hoje eu acordei com vontade de dançar e vocês,https://www.instagram.com/p/DcrHzewp6T-/,16936,1039,104,,,2026-09-03 14:33
Evy Baddie,Instagram,2026-08-29,18:00,Reel,Dco2mGnh3XV,Parte 2 ! Vocês gostaram ? 👀🥹❤️,https://www.instagram.com/p/Dco2mGnh3XV/,56831,4465,105,,,2026-09-03 14:33
Evy Baddie,Instagram,2026-08-29,12:21,Reel,DcoPpDVpkLJ,O movimento é TRA 🔥🎶,https://www.instagram.com/p/DcoPpDVpkLJ/,39779,1887,259,,,2026-09-03 14:33
Kaka,Instagram,2026-08-30,21:14,Carrossel,DcrxjqLib3l,Qual foto vocês mais gostaram? Moda para t,https://www.instagram.com/p/DcrxjqLib3l/,,2381,88,,,2026-09-10 10:42
Kaka,Instagram,2026-08-30,21:11,Reel,DcrxI0HpyDO,Oque acharam desses looks ? Moda para todos,https://www.instagram.com/p/DcrxI0HpyDO/,16285,954,38,,,2026-09-10 10:42
Kaka,Instagram,2026-08-29,18:00,Reel,Dco2oQ5hKPz,Comentem muito para parte 222222 🏫📚✨🎀,https://www.instagram.com/p/Dco2oQ5hKPz/,15550,924,87,,,2026-09-21 18:10
Kaka,Instagram,2026-08-29,12:04,Reel,DcoNw4DRkun,Desafio valendo!!! Já fizeram esse trava-líng,https://www.instagram.com/p/DcoNw4DRkun/,149994,6178,127,Sim,,2026-09-21 18:10
Argentino,Instagram,2026-08-30,12:43,Reel,Dcq2Oe1u2nj,Que mané coreano😡,https://www.instagram.com/p/Dcq2Oe1u2nj/,56084,3482,177,,,2026-09-21 18:10
Argentino,Instagram,2026-08-29,17:53,Reel,Dco1qjWSz9z,Como ela faz isso tão rápido??😭😭😭,https://www.instagram.com/p/Dco1qjWSz9z/,122292,7977,126,,,2026-09-19 11:00
Argentino,Instagram,2026-08-29,14:01,Reel,DcoaoxPuAgc,Zero chance😍🩵,https://www.instagram.com/p/DcoaoxPuAgc/,31529,1883,123,,,2026-09-19 11:00
Fidelisx,Instagram,2026-08-30,18:03,Reel,Dcrbn9tJQgc,gatinha é melhor se controlar…💭,https://www.instagram.com/p/Dcrbn9tJQgc/,88214,6816,155,,,2026-09-21 18:10
Fidelisx,Instagram,2026-08-29,12:13,Carrossel,DcoO6h5Ebx5,meu marrento. 🫵🏼💚💜,https://www.instagram.com/p/DcoO6h5Ebx5/,,39214,526,Sim,,2026-09-21 18:10
Russin Oficial,Instagram,2026-08-30,21:06,Reel,DcrwpVoJazh,Aquecendo o molho da melhor forma kkkkk Façam,https://www.instagram.com/p/DcrwpVoJazh/,13085,398,60,,,2026-09-10 10:42
Russin Oficial,Instagram,2026-08-30,18:36,Reel,DcrfeSCpkeg,Quem lembra dessa trend? Façam e marca o elen,https://www.instagram.com/p/DcrfeSCpkeg/,11083,345,29,,,2026-09-03 14:33
Russin Oficial,Instagram,2026-08-29,12:44,Reel,DcoSYDMxLKb,"Se quer molho, toma, toma 🕺",https://www.instagram.com/p/DcoSYDMxLKb/,32054,646,84,,,2026-09-03 14:33
Kysha,Instagram,2026-08-29,19:13,Reel,Dco-5zJO08U,Quem aí lembra dessa?,https://www.instagram.com/p/Dco-5zJO08U/,39091,2369,121,,,2026-09-03 14:33
Kysha,Instagram,2026-08-29,14:44,Reel,DcogDUvutM3,Façam essa trend com alguém e usem objetos al,https://www.instagram.com/p/DcogDUvutM3/,135981,7236,192,,,2026-09-03 14:33
Mine,Instagram,2026-08-29,12:13,Carrossel,DcoO6h5Ebx5,meu marrento. 🫵🏼💚💜,https://www.instagram.com/p/DcoO6h5Ebx5/,,37858,506,Sim,,2026-09-10 10:42
Casa Saturno,TikTok,2024-09-17,21:19,Vídeo,7415771173155343621,,https://www.tiktok.com/@acasasaturno/video/7415771173155343621,2800000,87300,632,,,2026-09-21 18:15
Casa Saturno,TikTok,2024-09-17,13:11,Vídeo,7415645310464150790,,https://www.tiktok.com/@acasasaturno/video/7415645310464150790,3700000,101000,960,,,2026-09-21 18:15
Casa Saturno,TikTok,2026-08-31,11:00,Vídeo,7680195405417778452,,https://www.tiktok.com/@acasasaturno/video/7680195405417778452,823,,,,,2026-08-31 14:17
Casa Saturno,TikTok,2026-08-31,10:00,Vídeo,7680179950053313812,,https://www.tiktok.com/@acasasaturno/video/7680179950053313812,991,,,,,2026-08-31 14:17
Casa Saturno,TikTok,2026-08-31,09:00,Vídeo,7680164507431259412,,https://www.tiktok.com/@acasasaturno/video/7680164507431259412,849,,,,,2026-08-31 14:17
Casa Saturno,TikTok,2026-08-30,11:00,Vídeo,7679824328187219220,,https://www.tiktok.com/@acasasaturno/video/7679824328187219220,5196,,,,,2026-08-31 14:17
Casa Saturno,TikTok,2026-08-30,10:57,Vídeo,7679823463930006792,,https://www.tiktok.com/@acasasaturno/video/7679823463930006792,859,,,,,2026-08-31 14:17
Casa Saturno,TikTok,2026-08-30,10:00,Vídeo,7679808756380749057,,https://www.tiktok.com/@acasasaturno/video/7679808756380749057,990,,,,,2026-08-31 14:17
Casa Saturno,TikTok,2026-08-30,09:00,Vídeo,7679793410793852181,,https://www.tiktok.com/@acasasaturno/video/7679793410793852181,3990,,,,,2026-08-31 14:17
Casa Saturno,TikTok,2026-08-29,10:59,Vídeo,7679453017900420368,,https://www.tiktok.com/@acasasaturno/video/7679453017900420368,1846,,,,,2026-08-31 14:17
Casa Saturno,TikTok,2026-08-29,10:00,Vídeo,7679437665351126289,,https://www.tiktok.com/@acasasaturno/video/7679437665351126289,5421,,,,,2026-08-31 14:17
Casa Saturno,TikTok,2026-08-29,09:00,Vídeo,7679422320997354772,,https://www.tiktok.com/@acasasaturno/video/7679422320997354772,6092,,,,,2026-08-31 14:17
Casa Saturno,TikTok,2026-08-28,18:09,Vídeo,7679192616327531792,,https://www.tiktok.com/@acasasaturno/video/7679192616327531792,4393,,,,,2026-08-31 14:17
Casa Saturno,TikTok,2026-08-28,15:25,Vídeo,7679150376737656085,,https://www.tiktok.com/@acasasaturno/video/7679150376737656085,2794,,,,,2026-08-31 14:17
Casa Saturno,TikTok,2026-08-28,11:10,Vídeo,7679084615155371271,,https://www.tiktok.com/@acasasaturno/video/7679084615155371271,2179,,,,,2026-08-31 14:17
Casa Saturno,TikTok,2026-08-28,10:00,Vídeo,7679066764474354965,,https://www.tiktok.com/@acasasaturno/video/7679066764474354965,2203,,,,,2026-08-31 14:17
Casa Saturno,TikTok,2026-08-28,09:00,Vídeo,7679051310292995336,,https://www.tiktok.com/@acasasaturno/video/7679051310292995336,2081,,,,,2026-08-31 14:17
Casa Saturno,TikTok,2026-08-27,18:55,Vídeo,7678833451054779669,,https://www.tiktok.com/@acasasaturno/video/7678833451054779669,2607,,,,,2026-08-31 14:17
Kysha e Mine,YouTube,2026-08-31,11:22,Vídeo longo,3TkeES-EIp4,A KYSHA DIRIGIU O CLIPE DA EVY *Acompanhem esse dia intenso de muito TRAbalho!,https://youtu.be/3TkeES-EIp4,26646,1191,75,,,2026-09-04 12:56
Evy Baddie,YouTube,2026-08-31,15:02,Short,Z00hQFhP6JE,"Eai , o que vocês acham ?",https://youtu.be/Z00hQFhP6JE,15071,1907,53,,,2026-09-06 12:06
Evy Baddie,YouTube,2026-08-31,13:59,Short,tu-87nSXI14,Açaí com leite ninho,https://youtu.be/tu-87nSXI14,390172,6173,87,,,2026-09-06 12:06
Evy Baddie,YouTube,2026-08-30,18:59,Short,g5xcJD8rVmM,"Aí deu até saudades , quem lembra ? #foryou",https://youtu.be/g5xcJD8rVmM,31136,2454,50,,,2026-09-06 12:06
Evy Baddie,YouTube,2026-08-30,15:13,Short,aJpwqtl5ku0,Hoje eu acordei com vontade de dançar e vocês ? 😮‍💨🔥 #foryou,https://youtu.be/aJpwqtl5ku0,21566,1973,46,,,2026-09-05 11:47
Fidelisx,YouTube,2026-08-31,15:00,Short,EDLNzDwfwhA,me diz oqueeeeeee💚💜🩵🩷 #fidelisx,https://youtu.be/EDLNzDwfwhA,960919,12432,131,,,2026-09-08 13:13
Fidelisx,YouTube,2026-08-31,12:00,Short,x80IMopBCQA,"vocês sabiam que eu dancei em ""Dale Tino""👀 #fidelisx",https://youtu.be/x80IMopBCQA,40699,3039,64,,,2026-09-08 13:13
Fidelisx,YouTube,2026-08-30,18:00,Short,Al7RDPxPdoY,cês querem q eu pinte o cabelo de roxo tropa?👀💜CLIPE DE RESPOSTA FINAL NA @acasasaturno #fidelisx,https://youtu.be/Al7RDPxPdoY,37934,2954,85,,,2026-09-07 14:29
Fidelisx,YouTube,2026-08-30,15:00,Short,3YnA_tRX21Y,o pai lançou a régua mas eu sou o teu marrento…😵‍💫 #fidelisx,https://youtu.be/3YnA_tRX21Y,22471,1917,44,,,2026-09-05 11:47
Russin Oficial,YouTube,2026-08-31,12:33,Short,5nxUvVgWYC0,Quem lembra dessa trend? 🕺,https://youtu.be/5nxUvVgWYC0,1379,141,4,,,2026-09-06 12:06
Russin Oficial,YouTube,2026-08-30,21:29,Short,oNU3ihEGMkM,Aquecendo o molho da melhor forma 🎶,https://youtu.be/oNU3ihEGMkM,6452,590,10,,,2026-09-06 12:06
Russin Oficial,YouTube,2026-08-30,18:08,Short,Bb6C6gJ9Ric,Duelo de molho 🕺,https://youtu.be/Bb6C6gJ9Ric,4584,380,8,,,2026-09-06 12:06
Kaka,YouTube,2026-08-31,11:41,Short,FdxnwlJa2sk,Lance de escola parte 2,https://youtu.be/FdxnwlJa2sk,2547,313,0,,,2026-09-14 14:53
Casa Saturno,YouTube,2026-08-31,11:00,Short,OxMl8aaUB3c,"O Russin ensinando todo o molejo para o Argentino, que dupla SATURNER’S! 🥰",https://youtu.be/OxMl8aaUB3c,31008,1859,23,,,2026-09-03 12:59
Casa Saturno,YouTube,2026-08-31,10:01,Short,A8BoBg6qP5M,Que Trend engraçada é essa?! 😂😂😂,https://youtu.be/A8BoBg6qP5M,247807,4501,71,,,2026-09-03 12:59
Casa Saturno,YouTube,2026-08-31,09:01,Short,7oejc-6hFnc,O final 😂😂😂😂😂😂,https://youtu.be/7oejc-6hFnc,29518,1781,24,,,2026-09-03 12:59
Casa Saturno,Instagram,2026-09-01,10:59,Carrossel,Dcv0z20kZY9,O mês de agosto foi simplesmente INESQUECÍ,https://www.instagram.com/p/Dcv0z20kZY9/,,669,45,,,2026-09-02 18:16
Casa Saturno,Instagram,2026-09-01,09:07,Reel,Dcvn5ogk_pO,Mais de 100k views! Vocês são gigantes! 🩵,https://www.instagram.com/p/Dcvn5ogk_pO/,15198,907,30,,,2026-09-02 11:17
Casa Saturno,Instagram,2026-08-31,19:34,Reel,DcuK4Y4q0Zq,Pov: os sons da Casa Saturno no momento 👀,https://www.instagram.com/p/DcuK4Y4q0Zq/,46738,803,122,,,2026-09-02 11:17
Casa Saturno,Instagram,2026-08-31,16:53,Reel,Dct4TUQpT6k,+100 MIL visualizações no YouTube! 🚀,https://www.instagram.com/p/Dct4TUQpT6k/,16556,1160,40,,,2026-09-02 11:17
Casa Saturno,Instagram,2026-08-31,13:29,Foto,Dctg4IYu1fv,O coração já está acelerado! 💜🩷 A conta,https://www.instagram.com/p/Dctg4IYu1fv/,,713,47,Sim,,2026-09-01 11:08
Kysha e Mine,Instagram,2026-08-31,13:29,Foto,Dctg4IYu1fv,O coração já está acelerado! 💜🩷 A conta,https://www.instagram.com/p/Dctg4IYu1fv/,,926,62,Sim,,2026-09-03 14:33
Evy Baddie,Instagram,2026-08-31,21:03,Reel,DcuVFMqpmt1,Juro kkkkkkkkkk,https://www.instagram.com/p/DcuVFMqpmt1/,98416,4049,118,,,2026-09-03 14:33
Evy Baddie,Instagram,2026-08-31,19:25,Reel,DcuJvxbxk6k,Processo criativo da coreografia Trá ✨️,https://www.instagram.com/p/DcuJvxbxk6k/,17767,954,42,,,2026-09-03 14:33
Kaka,Instagram,2026-08-31,21:01,Reel,DcuUws8pbQ2,Jurooo kkkkkkkk,https://www.instagram.com/p/DcuUws8pbQ2/,33212,2200,46,,,2026-09-21 18:10
Kaka,Instagram,2026-08-31,18:07,Reel,DcuA3KIx6PH,Alguém mais kkkkkkkkk?,https://www.instagram.com/p/DcuA3KIx6PH/,45934,1598,36,Sim,,2026-09-21 18:10
Russin Oficial,Instagram,2026-08-31,21:09,Reel,DcuVwrGJQmo,Zero chance pra você 🎶,https://www.instagram.com/p/DcuVwrGJQmo/,13596,368,28,,,2026-09-10 10:42
Russin Oficial,Instagram,2026-08-31,18:07,Reel,DcuA3KIx6PH,Alguém mais kkkkkkkkk?,https://www.instagram.com/p/DcuA3KIx6PH/,42312,1473,35,Sim,,2026-09-10 10:42
Kysha,Instagram,2026-08-31,19:58,Reel,DcuNmp-ufc8,Já já esse hit com o @rafaelgarcezcantor,https://www.instagram.com/p/DcuNmp-ufc8/,112629,11733,166,,,2026-09-03 14:33
Kysha e Mine,YouTube,2026-09-01,12:00,Vídeo longo,Jr461C3Z6DA,"Kysha e Mine, Stefan Baby e Fidelisx - Festa do Pijama (Best Friends Forever ao vivo)",https://youtu.be/Jr461C3Z6DA,25047,612,39,,,2026-09-06 12:06
Kysha e Mine,YouTube,2026-08-31,22:39,Vídeo longo,dj-vVCI1Hl0,BASTIDORES DO SHOW BFF EM VOLTA REDONDA *A Kysha perdeu o horário?,https://youtu.be/dj-vVCI1Hl0,23414,1209,53,,,2026-09-08 13:13
Kysha e Mine,YouTube,2026-08-31,19:58,Short,r61VKHB3Q_A,A melhor transição que você vai ver hoje 👀,https://youtu.be/r61VKHB3Q_A,181310,5900,114,,,2026-09-06 12:06
Kysha e Mine,YouTube,2026-08-31,17:49,Short,8uTn8u_FCc4,Nenhum momento com ela é normal kkkKkkk,https://youtu.be/8uTn8u_FCc4,21967,2301,57,,,2026-09-03 12:59
Evy Baddie,YouTube,2026-09-01,12:22,Short,WWevNDbRFbM,15:00 resultado pra vocês !!,https://youtu.be/WWevNDbRFbM,18375,2455,24,,,2026-09-07 14:29
Evy Baddie,YouTube,2026-09-01,00:00,Short,T5JsVddqAK0,Juroooo kkkkkkkk,https://youtu.be/T5JsVddqAK0,301936,9460,65,,,2026-09-06 12:06
Fidelisx,YouTube,2026-09-01,12:00,Short,F1G9bt8FGi8,gatinha ela💚💜 #fidelisx,https://youtu.be/F1G9bt8FGi8,43601,3576,107,,,2026-09-09 13:07
Fidelisx,YouTube,2026-08-31,18:00,Short,nAw2gAElJLI,"o que acharam desse visual, tropa?🤟🏾💚 #fidelisx",https://youtu.be/nAw2gAElJLI,21303,2036,221,,,2026-09-08 13:13
Russin Oficial,YouTube,2026-09-01,12:53,Short,nyi4a_jPpRE,Zero chance pra você,https://youtu.be/nyi4a_jPpRE,1663,178,5,,,2026-09-08 13:13
Russin Oficial,YouTube,2026-08-31,19:04,Short,JsAfFId4ID8,É MOLHO 🎶,https://youtu.be/JsAfFId4ID8,9135,748,22,,,2026-09-07 14:29
Argentino,YouTube,2026-08-31,20:17,Short,sAGK2yalbtk,Cansei🤷🏻‍♂️,https://youtu.be/sAGK2yalbtk,57423,1685,42,,,2026-09-21 14:06
Kaka,YouTube,2026-08-31,18:03,Short,gR3-u7WfISY,Kkkk alguém aí não lavou a #fypシ #dance #naofloppa  louça????,https://youtu.be/gR3-u7WfISY,50938,2240,28,,,2026-09-14 14:53
Casa Saturno,YouTube,2026-09-01,12:47,Short,JVCQBrDyTFw,A tropa da Casa Saturno tá on!,https://youtu.be/JVCQBrDyTFw,40010,2437,34,,,2026-09-05 11:47
Casa Saturno,YouTube,2026-09-01,09:01,Short,2ffZXQ6jBdA,Mais de 100k views! Vocês são gigantes!,https://youtu.be/2ffZXQ6jBdA,25398,2693,26,,,2026-09-05 11:47
Casa Saturno,YouTube,2026-08-31,22:51,Vídeo longo,eXaxGAjw2gU,EUVIOMAR DESAFIOU OS SATURNERS *Quem será que Customizou a melhor camiseta?,https://youtu.be/eXaxGAjw2gU,28139,1386,133,,,2026-09-06 12:06
Casa Saturno,YouTube,2026-08-31,19:43,Short,zmSNEu8aMWA,Pov: os sons da Casa Saturno no momento,https://youtu.be/zmSNEu8aMWA,7559,1341,46,,,2026-09-04 12:56
Casa Saturno,YouTube,2026-08-31,19:06,Short,AcUbQpt62XU,+100 MIL visualizações no YouTube! 💚🩵💜,https://youtu.be/AcUbQpt62XU,12073,2156,25,,,2026-09-04 12:56
Casa Saturno,Instagram,2026-09-01,18:16,Reel,Dcwmtoyp4Ji,"Teu cachorro-quente faltava molho, bebê 🕺 Façam a DC e",https://www.instagram.com/p/Dcwmtoyp4Ji/,25140,664,50,Sim,,2026-09-03 14:33
Casa Saturno,Instagram,2026-09-01,18:00,Reel,Dcwk8wXxDzG,"Eai , vocês estão animados ? 🥹🤗 tá chegandoooo …",https://www.instagram.com/p/Dcwk8wXxDzG/,55720,2894,145,Sim,,2026-09-03 14:33
Casa Saturno,Instagram,2026-09-01,17:59,Reel,Dcwkxy-C0Q5,Está chegando a hora… 👀,https://www.instagram.com/p/Dcwkxy-C0Q5/,67678,1108,123,,,2026-09-03 14:33
Casa Saturno,Instagram,2026-09-01,14:31,Foto,DcwMcj9xjrB,🚨Agenda Casa Saturno - Setembro 🪐  O mês de setembro,https://www.instagram.com/p/DcwMcj9xjrB/,,607,51,,,2026-09-03 14:33
Casa Saturno,Instagram,2026-09-01,13:05,Foto,DcwC5n_COZ5,Vem aí: BELA DIVERSÃO ✨ Eu e a Belinha preparamos uma m,https://www.instagram.com/p/DcwC5n_COZ5/,,791,76,,,2026-09-03 14:33
Casa Saturno,Instagram,2026-09-01,12:50,Reel,DcwBXMuAo6H,A tropa da Casa Saturno tá on! 🪐,https://www.instagram.com/p/DcwBXMuAo6H/,14875,1052,55,,,2026-09-02 18:16
Kysha e Mine,Instagram,2026-09-01,18:10,Reel,DcwmLiihHO5,"Amiga que é amiga não larga a mão, mesmo quando a fase",https://www.instagram.com/p/DcwmLiihHO5/,301820,22463,273,,,2026-09-03 14:33
Kysha e Mine,Instagram,2026-09-01,18:00,Reel,Dcwk8M7xDW2,"No dia das crianças, a diversão tem destino certo! 🎓🎒",https://www.instagram.com/p/Dcwk8M7xDW2/,41365,627,19,Sim,,2026-09-03 14:33
Evy Baddie,Instagram,2026-09-01,20:00,Reel,DcwyxLBBRHH,Entrei na trend hahaha,https://www.instagram.com/p/DcwyxLBBRHH/,43395,2651,130,,,2026-09-10 10:42
Evy Baddie,Instagram,2026-09-01,18:00,Reel,Dcwk8wXxDzG,"Eai , vocês estão animados ? 🥹🤗 tá chegandoooo …",https://www.instagram.com/p/Dcwk8wXxDzG/,67834,3509,155,Sim,,2026-09-10 10:42
Evy Baddie,Instagram,2026-09-01,12:00,Reel,Dcv7vIcx1zR,"Uma unha bem TRAAAA , feita pela : @nails.larimartins ✨",https://www.instagram.com/p/Dcv7vIcx1zR/,34120,2383,153,,,2026-09-10 10:42
Kaka,Instagram,2026-09-01,21:03,Reel,Dcw5ye7xAHf,Lance de escola verão 🏕️📚 #fyp #explore #viralreels,https://www.instagram.com/p/Dcw5ye7xAHf/,12391,773,31,,,2026-09-21 18:10
Kaka,Instagram,2026-09-01,18:00,Reel,Dcwk8qHBvJN,Oque acharam desse look ?  #fyp #moda #viralreels #reel,https://www.instagram.com/p/Dcwk8qHBvJN/,8683,695,31,,,2026-09-21 18:10
Russin Oficial,Instagram,2026-09-01,18:16,Reel,Dcwmtoyp4Ji,"Teu cachorro-quente faltava molho, bebê 🕺 Façam a DC e",https://www.instagram.com/p/Dcwmtoyp4Ji/,30683,838,51,Sim,,2026-09-10 10:42
Kysha e Mine,YouTube,2026-09-02,00:21,Vídeo longo,xDkd5FMoHjs,O QUE KYSHA E MINE FAZEM ENTRE UMA SESSÃO E OUTRA? *Parte 2 em Volta Redonda!,https://youtu.be/xDkd5FMoHjs,29507,1310,51,,,2026-09-10 13:00
Kysha e Mine,YouTube,2026-09-01,22:34,Short,eNSjLy03eXk,CORRE AGORA PQ ESSE É O ÚNICO SHOW QUE FAREMOS EM RECIFE ESSE ANO 🚨,https://youtu.be/eNSjLy03eXk,14484,1384,70,,,2026-09-07 14:29
Kysha e Mine,YouTube,2026-09-01,19:03,Short,6x0yVhkmFhg,O drama da Kysha Emo gótica 😂,https://youtu.be/6x0yVhkmFhg,31283,2505,55,,,2026-09-07 14:29
Evy Baddie,YouTube,2026-09-01,20:00,Short,BCDPJUCWGCQ,Entrei na trend hahaha #foryou,https://youtu.be/BCDPJUCWGCQ,27885,2122,33,,,2026-09-08 13:13
Evy Baddie,YouTube,2026-09-01,18:00,Short,64k7QJP7AsE,"Eai , estão animados ? Está chegando… link de ingressos na minha bio !! 🥹😮‍💨 #foryou",https://youtu.be/64k7QJP7AsE,18635,2546,46,,,2026-09-07 14:29
Evy Baddie,YouTube,2026-09-01,15:00,Short,YfA5AbHm01c,As unhas bem TRAAA,https://youtu.be/YfA5AbHm01c,21191,2294,44,,,2026-09-07 14:29
Fidelisx,YouTube,2026-09-02,12:00,Short,nhw6nD33IxA,tp é tp ã tp nd hvrrr #fidelisx,https://youtu.be/nhw6nD33IxA,30884,2517,31,,,2026-09-10 10:04
Fidelisx,YouTube,2026-09-01,15:00,Short,ZWMkMsHyACE,na rlk do molejo!😂🫶🏽 #fidelisx,https://youtu.be/ZWMkMsHyACE,20574,2041,27,,,2026-09-09 13:07
Russin Oficial,YouTube,2026-09-01,21:07,Short,M2xDXR2uXZg,Barriga sempre em destaque nos vídeos kkkk,https://youtu.be/M2xDXR2uXZg,4626,353,10,,,2026-09-09 13:07
Russin Oficial,YouTube,2026-09-01,18:18,Short,Utr7rZHVkmM,"Teu cachorro-quente faltava molho, bebê 🕺🎶",https://youtu.be/Utr7rZHVkmM,10324,823,31,,,2026-09-09 13:07
Argentino,YouTube,2026-09-01,17:37,Short,Oj8xnv4JvXM,Essa trend é mt boa 😝😂,https://youtu.be/Oj8xnv4JvXM,24951,1927,40,,,2026-09-21 14:06
Kaka,YouTube,2026-09-01,16:16,Short,ylpJT9kXqz0,Bastidores,https://youtu.be/ylpJT9kXqz0,4134,428,0,,,2026-09-17 12:34
Casa Saturno,YouTube,2026-09-02,11:26,Short,KNJo_Ng2ryY,A Dc de KakaKádabra é boa demais! 🤎,https://youtu.be/KNJo_Ng2ryY,16092,1361,24,,,2026-09-06 12:06
Casa Saturno,YouTube,2026-09-02,00:13,Vídeo longo,AR1Z4AHDEjQ,O MESTRE MANDOU *O campeão do vídeo anterior manda na casa!,https://youtu.be/AR1Z4AHDEjQ,17604,912,76,,,2026-09-07 14:29
Casa Saturno,YouTube,2026-09-01,18:44,Short,askNuvnQRiM,Está chegando a hora… 👀 #saturnoacademy,https://youtu.be/askNuvnQRiM,10820,1132,19,,,2026-09-06 12:06
Casa Saturno,Instagram,2026-09-02,14:25,Reel,DcyxG6KiSk5,Vai tomando esse (Des)convite… 👀🖤🤎,https://www.instagram.com/p/DcyxG6KiSk5/,9452,293,13,,,2026-09-03 14:33
Casa Saturno,Instagram,2026-09-02,11:28,Reel,Dcyc1-ljVA0,Soltando a coreografia de KakaKádabra com muita animaçã,https://www.instagram.com/p/Dcyc1-ljVA0/,16678,688,35,,,2026-09-03 14:33
Casa Saturno,Instagram,2026-09-01,18:00,Reel,Dcwk8M7xDW2,"No dia das crianças, a diversão tem destino certo! 🎓🎒",https://www.instagram.com/p/Dcwk8M7xDW2/,41365,627,19,Sim,,2026-09-03 14:33
Kysha,Instagram,2026-09-02,13:29,Carrossel,Dcyqz87DsUN,🩵🩷,https://www.instagram.com/p/Dcyqz87DsUN/,,14665,445,Sim,,2026-09-03 14:33
Russin Oficial,Instagram,2026-09-02,12:03,Reel,Dcyg247xzuj,Quem aí já soltou o molho hoje ?,https://www.instagram.com/p/Dcyg247xzuj/,32373,582,19,,,2026-09-15 18:34
Argentino,Instagram,2026-09-02,13:29,Carrossel,Dcyqz87DsUN,🩵🩷,https://www.instagram.com/p/Dcyqz87DsUN/,,44738,608,Sim,,2026-09-21 18:10
Kysha e Mine,YouTube,2026-09-03,10:57,Vídeo longo,dkKaZ-c5mu0,Kysha e Mine - Parabéns Kysha e Mine (clipe oficial),https://youtu.be/dkKaZ-c5mu0,284302,7777,613,,,2026-09-11 13:04
Kysha e Mine,YouTube,2026-09-03,10:44,Short,3LN4BQVAI6k,Não fica triste não… 👀💜,https://youtu.be/3LN4BQVAI6k,80734,3232,131,,,2026-09-09 13:07
Kysha e Mine,YouTube,2026-09-02,21:28,Vídeo longo,9J03kOKbtoU,BASTIDORES DO SHOW BFF EM NOVA FRIBURGO *Acompanha mais um diazão com a gente!,https://youtu.be/9J03kOKbtoU,21963,1088,72,,,2026-09-13 12:47
Kysha e Mine,YouTube,2026-09-02,21:03,Short,UnIj8SUqnTI,FINALMENTE ESSE LANÇAMENTO ESTÁ CHEGANDO! 👀🩷,https://youtu.be/UnIj8SUqnTI,200211,6742,110,,,2026-09-09 13:07
Kysha e Mine,YouTube,2026-09-02,19:19,Short,oz31TPwsY7k,quem gostou desse lhuke? 👀,https://youtu.be/oz31TPwsY7k,18870,1368,41,,,2026-09-08 13:13
Evy Baddie,YouTube,2026-09-03,12:00,Short,u250t9UYGHU,Rumo aos 100k de visualizações 😮‍💨💛 #foryou,https://youtu.be/u250t9UYGHU,12721,1690,40,,,2026-09-10 10:04
Evy Baddie,YouTube,2026-09-02,16:02,Short,EzTZ3z0xw94,Kkkkkkkk,https://youtu.be/EzTZ3z0xw94,20886,2838,44,,,2026-09-09 13:07
Fidelisx,YouTube,2026-09-03,12:00,Short,qxGTnwe5W5E,essa é muito boaaaa🖤 #fidelisx,https://youtu.be/qxGTnwe5W5E,16039,1432,28,,,2026-09-10 13:00
Fidelisx,YouTube,2026-09-02,15:00,Short,EGHsRIiETq8,ta faltando agora so o BR cantar!💙 #fidelisx,https://youtu.be/EGHsRIiETq8,30918,2257,38,,,2026-09-10 13:00
Russin Oficial,YouTube,2026-09-03,12:12,Short,UMc3eaOA2Hw,"Se quer molho, toma toma 🎶",https://youtu.be/UMc3eaOA2Hw,7661,827,12,,,2026-09-10 13:00
Russin Oficial,YouTube,2026-09-02,21:05,Short,XPCfD6kxJz8,Dupla que a tropa pediu kkkkkkkk,https://youtu.be/XPCfD6kxJz8,15795,1098,18,,,2026-09-10 10:04
Argentino,YouTube,2026-09-02,18:38,Short,oZGdljLVmeE,Mais fácil pra vcs fazerem🥰🥰😝,https://youtu.be/oZGdljLVmeE,33955,2207,42,,,2026-09-21 14:06
Casa Saturno,YouTube,2026-09-03,09:12,Short,oKJux0f4mzk,"Ela sabe todas as Dc, impressionante! 😱",https://youtu.be/oKJux0f4mzk,29845,2443,27,,,2026-09-06 12:06
Casa Saturno,YouTube,2026-09-02,21:36,Vídeo longo,gD_eY_SI2Bs,CONHECEMOS O MAIOR AQUÁRIO DA AMÉRICA DO SUL *Vimos os tubarões de pertinho!,https://youtu.be/gD_eY_SI2Bs,23357,1166,105,,,2026-09-09 13:07
Casa Saturno,YouTube,2026-09-02,14:22,Short,dd88D5k3Ak4,Vai tomando esse (Des)convite… 👀🖤,https://youtu.be/dd88D5k3Ak4,19983,1557,24,,,2026-09-06 12:06
Casa Saturno,Instagram,2026-09-03,09:15,Reel,Dc0yUm9is2s,"Ela sabe todas as Dc, impressionante! 😱💛",https://www.instagram.com/p/Dc0yUm9is2s/,6742,360,36,,,2026-09-03 14:33
Casa Saturno,Instagram,2026-09-03,08:01,Reel,Dc0p9TdCsof,🎤 O RECADO MAIS ESPEROU CHEGOU: KYSHA E MINE COM TODO,https://www.instagram.com/p/Dc0p9TdCsof/,47567,861,44,Sim,,2026-09-03 14:33
Kysha e Mine,Instagram,2026-09-03,10:26,Reel,Dc06jAJxMNG,não fica triste não 😁☝🏼,https://www.instagram.com/p/Dc06jAJxMNG/,40084,1398,85,Sim,,2026-09-03 14:33
Kysha e Mine,Instagram,2026-09-03,08:01,Reel,Dc0p9TdCsof,🎤 O RECADO MAIS ESPEROU CHEGOU: KYSHA E MINE COM TODO,https://www.instagram.com/p/Dc0p9TdCsof/,47567,861,44,Sim,,2026-09-03 14:33
Kysha e Mine,Instagram,2026-09-02,20:32,Reel,DczacPHOThr,"Finalmente essa vai ser lançada, QUEM TÁ ANSIOSO PRA ES",https://www.instagram.com/p/DczacPHOThr/,140419,5680,245,Sim,,2026-09-03 14:33
Evy Baddie,Instagram,2026-09-03,11:50,Reel,Dc1EMq5RWXb,Rumo aos 100k de vizualizações 😮‍💨💛,https://www.instagram.com/p/Dc1EMq5RWXb/,23298,1561,105,,,2026-09-10 10:42
Evy Baddie,Instagram,2026-09-02,21:29,Carrossel,DczhptiFULy,"É tão legal vê todo esse processo , tudo que construímo",https://www.instagram.com/p/DczhptiFULy/,,4334,199,,,2026-09-10 10:42
Evy Baddie,Instagram,2026-09-02,19:30,Reel,DczTtpjJiw7,Hahahaha muito bom,https://www.instagram.com/p/DczTtpjJiw7/,11942,822,61,,,2026-09-10 10:42
Kysha,Instagram,2026-09-02,22:02,Reel,DczlY8XuYo_,"Gente, pior que eu gostei 😭 mas vou me aguentar com me",https://www.instagram.com/p/DczlY8XuYo_/,1212419,44228,1318,,,2026-09-10 10:42
Kysha,Instagram,2026-09-02,21:43,Reel,DczjMphOzXX,"A julgar pela saúde do meu cabelo natural, tô quase faz",https://www.instagram.com/p/DczjMphOzXX/,662099,18597,693,,,2026-09-10 10:42
Kysha,Instagram,2026-09-02,20:32,Reel,DczacPHOThr,"Finalmente essa vai ser lançada, QUEM TÁ ANSIOSO PRA ES",https://www.instagram.com/p/DczacPHOThr/,198060,7663,257,Sim,,2026-09-10 10:42
Mine,Instagram,2026-09-03,10:26,Reel,Dc06jAJxMNG,não fica triste não 😁☝🏼,https://www.instagram.com/p/Dc06jAJxMNG/,103776,3132,122,Sim,,2026-09-19 11:00
Mine,Instagram,2026-09-02,20:32,Reel,DczacPHOThr,"Finalmente essa vai ser lançada, QUEM TÁ ANSIOSO PRA ES",https://www.instagram.com/p/DczacPHOThr/,213870,8228,262,Sim,,2026-09-19 11:00
Russin Oficial,Instagram,2026-09-03,12:07,Reel,Dc1GGumvrm6,Odeio quando isso acontece #humor #memes #comedia #reel,https://www.instagram.com/p/Dc1GGumvrm6/,30708,571,41,,,2026-09-16 18:10
Argentino,Instagram,2026-09-02,18:41,Reel,DczOT1-NUKp,Mais fácil pra vcs fazerem!😍🥰,https://www.instagram.com/p/DczOT1-NUKp/,30421,1587,80,,,2026-09-21 18:10
Kysha e Mine,YouTube,2026-09-03,18:06,Short,QYackIsz8o8,"🚨 ATENÇÃO, NATAL/RN! VENDAS ABERTAS!",https://youtu.be/QYackIsz8o8,23304,1848,69,,,2026-09-09 13:07
Evy Baddie,YouTube,2026-09-03,18:00,Short,R5nuY8PIjqw,Eu tô me mijandoooo🤣🤣🤣 #foryou,https://youtu.be/R5nuY8PIjqw,51680,5268,107,,,2026-09-10 13:00
Fidelisx,YouTube,2026-09-04,12:00,Short,JVjZQnwvTMo,"lulu ta grandona, né? #fidelisx",https://youtu.be/JVjZQnwvTMo,28426,2006,53,,,2026-09-11 13:04
Fidelisx,YouTube,2026-09-03,18:00,Short,bK57kRhTlfk,"vocês shippam Kyshino, tropa?🩷🩵 #fidelisx",https://youtu.be/bK57kRhTlfk,31695,3131,58,,,2026-09-11 13:04
Fidelisx,YouTube,2026-09-03,15:00,Short,kD01-J54uv4,"e mexe um, mexe outro!💚🤎 #fidelisx",https://youtu.be/kD01-J54uv4,27026,2314,21,,,2026-09-10 13:00
Russin Oficial,YouTube,2026-09-03,18:10,Short,XusTQhABSQA,Trio da bagunça kkkk,https://youtu.be/XusTQhABSQA,23227,1607,23,,,2026-09-10 13:00
Kaka,YouTube,2026-09-04,11:53,Short,c-S5O4TA55U,Meta 100k em kakaKAdabra vamosssss nessaaaaaaa #fypシ #dance,https://youtu.be/c-S5O4TA55U,13020,1065,0,,,2026-09-21 14:06
Kaka,YouTube,2026-09-04,11:52,Short,ea4vH5SvvB0,Meta 100K em kakaKAdabra vamosssss #fypシ #dance,https://youtu.be/ea4vH5SvvB0,11551,992,18,,,2026-09-21 14:06
Kaka,YouTube,2026-09-04,11:51,Short,p_aEJ8Qi1MA,Kkkkkkkkkk amoooo #fypシ #dance,https://youtu.be/p_aEJ8Qi1MA,26319,1567,34,,,2026-09-21 14:06
Kaka,YouTube,2026-09-04,11:50,Short,Py7HJP2JJgc,Meta em 100k em kakaKAdabra vamossss #fypシ #dance,https://youtu.be/Py7HJP2JJgc,7344,551,10,,,2026-09-20 11:43
Kaka,YouTube,2026-09-03,20:55,Short,C9gKfbn42x8,Já foi assisti meu clipe hoje ?,https://youtu.be/C9gKfbn42x8,3308,404,0,,,2026-09-19 11:30
Casa Saturno,YouTube,2026-09-04,10:01,Short,XN-vIgrhX4g,"Muita atenção Saturner’s, o Marketing está trabalhando muito! 😱",https://youtu.be/XN-vIgrhX4g,165263,3582,26,,,2026-09-08 13:13
Casa Saturno,YouTube,2026-09-03,21:17,Short,Ok3cyx2LA-A,O Saturno Academy está chegando para transformar o cenário artístico! 🪐,https://youtu.be/Ok3cyx2LA-A,8615,1031,27,,,2026-09-08 13:13
Casa Saturno,YouTube,2026-09-03,18:06,Short,juZughbDi5c,"🚨 ATENÇÃO, NATAL/RN! VENDAS ABERTAS!",https://youtu.be/juZughbDi5c,11015,1821,26,,,2026-09-07 14:29
Casa Saturno,YouTube,2026-09-03,15:47,Short,ndejExprX5k,Elas estão chegando com a música perfeita! 👀🩷,https://youtu.be/ndejExprX5k,47889,1758,36,,,2026-09-07 14:29
Kysha e Mine,YouTube,2026-09-05,11:36,Short,VmE90g4Rm0A,Obrigado MANAUS! 🥹✨ #SOUMANAUS,https://youtu.be/VmE90g4Rm0A,541,196,31,,,2026-09-05 11:47
Kysha e Mine,YouTube,2026-09-04,22:43,Short,nILh4-zlGmE,Casais na área?! 👀 🩷🩵💚,https://youtu.be/nILh4-zlGmE,80206,4156,101,,,2026-09-11 13:04
Kysha e Mine,YouTube,2026-09-04,17:36,Short,KSswgVNx2R8,Aqui que tudo começou,https://youtu.be/KSswgVNx2R8,29922,1919,81,,,2026-09-10 13:00
Evy Baddie,YouTube,2026-09-04,18:00,Short,1BDwPXAWAFw,🤣🤣🤣,https://youtu.be/1BDwPXAWAFw,20617,2117,35,,,2026-09-11 13:04
Evy Baddie,YouTube,2026-09-04,14:04,Short,xJh98VHkkVo,4 de setembro de 2026,https://youtu.be/xJh98VHkkVo,21736,3240,46,,,2026-09-10 13:00
Fidelisx,YouTube,2026-09-04,19:52,Short,NsXCTZzCd80,nunca vooou esqueeeceeeer!🩷💚 #fidelisx,https://youtu.be/NsXCTZzCd80,32523,2590,56,,,2026-09-13 12:47
Fidelisx,YouTube,2026-09-04,15:00,Short,EZbPmGULjFU,que bobeira é essa?🤣🤣🤣 #fidelisx,https://youtu.be/EZbPmGULjFU,63607,2628,45,,,2026-09-12 12:12
Russin Oficial,YouTube,2026-09-04,23:16,Short,HiIi9ycuY58,+600 vídeos no áudio “SABE O QUE TÁ FALTANDO? ❤️,https://youtu.be/HiIi9ycuY58,19154,1440,20,,,2026-09-11 13:04
Russin Oficial,YouTube,2026-09-04,13:34,Short,QvqhZuzhJ9s,Cheguei Manaus KKKKK,https://youtu.be/QvqhZuzhJ9s,6084,752,10,,,2026-09-10 13:00
Argentino,YouTube,2026-09-04,20:47,Short,F3C6GfR5uLg,😝,https://youtu.be/F3C6GfR5uLg,27038,2455,45,,,2026-09-21 14:06
Kaka,YouTube,2026-09-04,22:56,Vídeo longo,AdT4CO4LHHM,Bastidores do clipe de parabéns Kysha e mine 🩷💜,https://youtu.be/AdT4CO4LHHM,15701,714,24,,,2026-09-21 14:06
Kaka,YouTube,2026-09-04,21:34,Short,V5kpVAM9wxQ,Muito bommm kkkk #fypシ #dance #naofloppa,https://youtu.be/V5kpVAM9wxQ,9479,923,0,,,2026-09-21 14:06
Casa Saturno,YouTube,2026-09-05,11:36,Short,9s6cA4w1sW4,Obrigado MANAUS! 🥹✨ #SOUMANAUS,https://youtu.be/9s6cA4w1sW4,19409,2250,38,,,2026-09-09 13:07
Casa Saturno,YouTube,2026-09-04,22:43,Short,GfRrdVE-eAA,Casais na área?! 👀 🩷🩵💚,https://youtu.be/GfRrdVE-eAA,54933,3178,68,,,2026-09-09 13:07
Kysha e Mine,YouTube,2026-09-05,12:06,Short,y8XCjqYT2PE,O Novo clipe “Parabéns Kysha e Mine” chegou para animar sua festa!,https://youtu.be/y8XCjqYT2PE,54218,3423,144,,,2026-09-12 12:12
Evy Baddie,YouTube,2026-09-05,21:00,Vídeo longo,JLvBrY7l2wg,Bastidores do meu clipe - TRA 🥹,https://youtu.be/JLvBrY7l2wg,6855,492,22,,,2026-09-13 12:47
Evy Baddie,YouTube,2026-09-05,12:31,Short,NhFKH0NoqD0,"Para para para parabéns 🎶😮‍💨 e saiu a música nova de kysha e mine , assista o clipe no YouTube!!",https://youtu.be/NhFKH0NoqD0,43200,3503,54,,,2026-09-11 13:04
Fidelisx,YouTube,2026-09-05,18:14,Vídeo longo,UOuSgWZPxJg,VLOG AO VIVO EM MANAUS!!! #Fidelives,https://youtu.be/UOuSgWZPxJg,22806,1195,59,,,2026-09-14 14:53
Russin Oficial,YouTube,2026-09-05,19:47,Short,KJc62Od4A4c,Jogadinha no aeroporto,https://youtu.be/KJc62Od4A4c,25573,1465,17,,,2026-09-12 12:12
Russin Oficial,YouTube,2026-09-05,14:20,Short,n0XDRhzBVcE,Cores bem destacando no vídeo kkkk,https://youtu.be/n0XDRhzBVcE,6955,646,16,,,2026-09-11 13:04
Argentino,YouTube,2026-09-05,23:31,Short,hA5aFuXhcbs,Aaaçaí😂😂😂,https://youtu.be/hA5aFuXhcbs,39650,2267,43,,,2026-09-21 14:06
Casa Saturno,YouTube,2026-09-06,09:39,Short,Yyz5_q_MlKg,Um momento simplesmente inesquecível! 🥹,https://youtu.be/Yyz5_q_MlKg,27356,2897,100,,,2026-09-10 13:00
Casa Saturno,YouTube,2026-09-05,12:06,Short,6g8U5bM8Gv4,O Novo clipe “Parabéns Kysha e Mine” chegou para animar sua festa!,https://youtu.be/6g8U5bM8Gv4,16655,1731,34,,,2026-09-09 13:07
Kysha e Mine,YouTube,2026-09-06,18:54,Vídeo longo,804D5Kg67bw,BASTIDORES DO CLIPE PARABÉNS *Acompanha como foi essa produção incrível!,https://youtu.be/804D5Kg67bw,34502,1682,70,,,2026-09-14 14:53
Kysha e Mine,YouTube,2026-09-06,12:23,Short,Qe9aHIfPoCQ,Mais de 100 MIL visualizações em menos de 24 horas! 🚀🩷,https://youtu.be/Qe9aHIfPoCQ,66711,3759,92,,,2026-09-12 12:12
Evy Baddie,YouTube,2026-09-07,14:09,Short,Qj4xuLy3wMQ,Kkkkk parei #foryou,https://youtu.be/Qj4xuLy3wMQ,29230,2269,36,,,2026-09-14 14:53
Evy Baddie,YouTube,2026-09-07,14:08,Short,SocYIznTHEA,Boa tarde #foryou,https://youtu.be/SocYIznTHEA,57399,3720,69,,,2026-09-14 14:53
Evy Baddie,YouTube,2026-09-06,18:00,Short,WWCR-xRU1j4,Pelas ruas de Manaus,https://youtu.be/WWCR-xRU1j4,20670,1703,31,,,2026-09-13 12:47
Evy Baddie,YouTube,2026-09-06,16:19,Short,jx4hczH-kZQ,6 de setembro de 2026,https://youtu.be/jx4hczH-kZQ,36279,2725,37,,,2026-09-13 12:47
Russin Oficial,YouTube,2026-09-07,12:08,Short,Ifneax0s7AY,Ah liga no 220 kkkkk,https://youtu.be/Ifneax0s7AY,24657,1463,29,,,2026-09-14 14:53
Russin Oficial,YouTube,2026-09-06,21:35,Short,CkuQey6y29I,Molejo de Manaus 🎶,https://youtu.be/CkuQey6y29I,21848,1423,14,,,2026-09-13 12:47
Russin Oficial,YouTube,2026-09-06,18:51,Short,VqL9QzhbQrc,Teatro Amazonas 🎶,https://youtu.be/VqL9QzhbQrc,7894,908,15,,,2026-09-13 12:47
Russin Oficial,YouTube,2026-09-06,12:48,Short,hSKQsN9XB94,TROPA DO MOLEJIN KKKKK,https://youtu.be/hSKQsN9XB94,12431,1115,20,,,2026-09-12 12:12
Argentino,YouTube,2026-09-06,20:35,Short,Lz17BtjvXBY,😝🤭,https://youtu.be/Lz17BtjvXBY,52504,2708,76,,,2026-09-21 14:06
Casa Saturno,YouTube,2026-09-07,10:35,Short,ULaqazgIwLg,Ela tem o molho em! 👀💛,https://youtu.be/ULaqazgIwLg,12878,1622,29,,,2026-09-11 13:04
Casa Saturno,YouTube,2026-09-06,18:51,Vídeo longo,mUh6LUJQYHM,PIQUE-ESCONDE NA SALA DE ESPELHOS *A Kysha se perdeu!,https://youtu.be/mUh6LUJQYHM,29179,1392,83,,,2026-09-16 12:26
Casa Saturno,YouTube,2026-09-06,18:45,Vídeo longo,zRsR93JjTrg,PARTE 2 DA NOSSA AVENTURA PELO AQUA RIO *Vem com a gente nessa tour!,https://youtu.be/zRsR93JjTrg,14378,832,31,,,2026-09-12 12:12
Casa Saturno,YouTube,2026-09-06,16:33,Short,IgqpcDuITvg,Mais de 100 mil motivos para agradecer a cada um de vocês!,https://youtu.be/IgqpcDuITvg,15199,2026,26,,,2026-09-10 13:00
Casa Saturno,YouTube,2026-09-06,12:25,Short,hv_MT_ysrOA,Mais de 100 MIL visualizações em menos de 24 horas! 🚀🩷,https://youtu.be/hv_MT_ysrOA,17354,1706,31,,,2026-09-10 13:00
Kysha e Mine,YouTube,2026-09-07,20:01,Vídeo longo,Cn7kfrvYfZM,24H CUIDANDO DA BELINHA *Fiz ela dormir com uma musica da Barbie!,https://youtu.be/Cn7kfrvYfZM,124934,3878,235,,,2026-09-16 12:26
Kysha e Mine,YouTube,2026-09-07,15:45,Short,PS2G-Y1O0tc,A Dc Oficial de “Parabéns Kysha e Mine” Você já aprendeu?! 👀💜🩷,https://youtu.be/PS2G-Y1O0tc,47825,3210,105,,,2026-09-13 12:47
Evy Baddie,YouTube,2026-09-08,11:57,Short,saPwWRgH9N4,"Tá chegando o dia do meu primeiro SHOW SOLO! 🚨Dia 24 de outubro, no Teatro Bangu Shopping!",https://youtu.be/saPwWRgH9N4,16661,1608,28,,,2026-09-14 14:53
Evy Baddie,YouTube,2026-09-07,18:00,Short,vqYrdhQ9HuU,"Juro , nisso aqui eu sou muito boa #foryou",https://youtu.be/vqYrdhQ9HuU,14610,1073,24,,,2026-09-14 14:53
Evy Baddie,YouTube,2026-09-07,16:00,Short,tzc83P8qs5A,vim aproveitar a praia no frio mesmo 🤣 com a gente não tem tempo ruim #foryou,https://youtu.be/tzc83P8qs5A,16236,2095,39,,,2026-09-14 14:53
Fidelisx,YouTube,2026-09-08,12:00,Short,FyCRpfMKFMo,ESSA É MUITO BOA KKKKKKK💚💛🖤🤎 #fidelisx,https://youtu.be/FyCRpfMKFMo,25214,1603,33,,,2026-09-14 14:53
Russin Oficial,YouTube,2026-09-08,12:46,Short,B7Wo9wc9Jyo,Pumba la pumba,https://youtu.be/B7Wo9wc9Jyo,6254,736,9,,,2026-09-16 12:26
Casa Saturno,YouTube,2026-09-08,12:53,Short,Qjj02t0h9YM,Faltam poucos dias para o primeiro SHOW SOLO DA EVY!,https://youtu.be/Qjj02t0h9YM,19394,1540,14,,,2026-09-12 12:12
Casa Saturno,YouTube,2026-09-07,20:20,Vídeo longo,ZviJ0N-r0pk,VISITAMOS O PARQUE DA GLOBO *Vimos muitos cenários legais!,https://youtu.be/ZviJ0N-r0pk,19071,1097,29,,,2026-09-18 12:01
Casa Saturno,YouTube,2026-09-07,15:45,Short,1TL7mLpIG3E,A Dc Oficial de “Parabéns Kysha e Mine” Você já aprendeu?! 👀💜🩷,https://youtu.be/1TL7mLpIG3E,24148,3049,56,,,2026-09-12 12:12
Kysha e Mine,YouTube,2026-09-08,18:00,Vídeo longo,VmW1psjv_VI,"Kysha e Mine, MC Divertida - TikTaka (Best Friends Forever ao vivo)",https://youtu.be/VmW1psjv_VI,97613,978,29,,,2026-09-14 14:53
Kysha e Mine,YouTube,2026-09-08,16:19,Short,3GDQJOVO1hw,🩷,https://youtu.be/3GDQJOVO1hw,32846,2335,62,,,2026-09-14 14:53
Evy Baddie,YouTube,2026-09-09,11:15,Short,dQ_ZpJXtSO0,Errou umas 70 vezes 🤣🫠,https://youtu.be/dQ_ZpJXtSO0,30276,2629,43,,,2026-09-16 12:26
Fidelisx,YouTube,2026-09-09,12:00,Short,1q8BTKdtrbw,quem já escutou essa?👀 #fidelisx,https://youtu.be/1q8BTKdtrbw,9939,997,30,,,2026-09-14 14:53
Fidelisx,YouTube,2026-09-08,18:00,Short,FfYTDOQmt7w,ela me chamou de farmador de aura🤣🤣🤣 #fidelisx,https://youtu.be/FfYTDOQmt7w,40629,2811,60,,,2026-09-14 14:53
Fidelisx,YouTube,2026-09-08,15:00,Short,Y5g__Tobg8Y,a kysha cara kkkkkk🤣 #fidelisx,https://youtu.be/Y5g__Tobg8Y,28449,2083,23,,,2026-09-14 14:53
Russin Oficial,YouTube,2026-09-08,19:24,Short,g0vcQqUimUs,Passinho do reggae 🎶,https://youtu.be/g0vcQqUimUs,1994,218,10,,,2026-09-17 12:34
Argentino,YouTube,2026-09-09,12:19,Short,dvDUMvP8c9Q,Errei o final 😂😂,https://youtu.be/dvDUMvP8c9Q,22610,1596,52,,,2026-09-21 14:06
Casa Saturno,YouTube,2026-09-09,10:11,Short,i2KZAj78120,"“Eu não quero só curtir, ganhar o jogo…” essa pega muito! 🪐",https://youtu.be/i2KZAj78120,15632,2138,32,,,2026-09-13 12:47
Casa Saturno,YouTube,2026-09-08,19:50,Short,77ElT8RZ16k,Ela sabe muito! 🤎,https://youtu.be/77ElT8RZ16k,9720,1650,28,,,2026-09-13 12:47
Kysha e Mine,YouTube,2026-09-09,22:32,Vídeo longo,CE0RKOOLOpE,FIZEMOS SHOW EM RECIFE *Acompanha o caos dos nosso dia!,https://youtu.be/CE0RKOOLOpE,15876,858,51,,,2026-09-21 14:06
Kysha e Mine,YouTube,2026-09-09,22:29,Vídeo longo,pDYHU8kS3s4,VIAJAMOS PRA MANAUS *Visitamos uma fã e fizemos show!,https://youtu.be/pDYHU8kS3s4,52521,1736,104,,,2026-09-19 11:30
Kysha e Mine,YouTube,2026-09-09,18:21,Short,rUkFVJOcwC0,MANAUS ESTAMOS CHEGANDO! 😱🩷,https://youtu.be/rUkFVJOcwC0,26537,1940,75,,,2026-09-14 14:53
Evy Baddie,YouTube,2026-09-09,16:40,Short,dtzIEywj1f4,"Juro , nunca deixem nada aberto",https://youtu.be/dtzIEywj1f4,32070,2323,39,,,2026-09-16 12:26
Fidelisx,YouTube,2026-09-09,18:00,Short,r3szdQpDMqM,pegamoo💚💜 #fidelisx,https://youtu.be/r3szdQpDMqM,34928,2951,48,,,2026-09-16 12:26
Fidelisx,YouTube,2026-09-09,15:00,Short,36wrYqOPD44,por que ele trata a Kysha com cariiinho..💚 #fidelisx,https://youtu.be/36wrYqOPD44,20962,2121,29,,,2026-09-14 14:53
Russin Oficial,YouTube,2026-09-09,21:13,Short,rafUvEYhqu8,Dia de Studio 🎶,https://youtu.be/rafUvEYhqu8,5347,539,13,,,2026-09-17 12:34
Russin Oficial,YouTube,2026-09-09,18:01,Short,tdCQk67Pnq8,Kassinho 🖤🤎,https://youtu.be/tdCQk67Pnq8,4725,446,14,,,2026-09-17 12:34
Casa Saturno,YouTube,2026-09-10,09:38,Short,SJKiw7b3MLk,O Rei do molho já acorda entregando TU-DO! 😱,https://youtu.be/SJKiw7b3MLk,17878,1508,30,,,2026-09-16 12:26
Casa Saturno,YouTube,2026-09-09,22:38,Vídeo longo,X7oQFfGM1V8,CONFIAMOS NA EVY DE OLHOS VENDADOS *O que será que ela aprontou?,https://youtu.be/X7oQFfGM1V8,18040,1423,58,,,2026-09-21 14:06
Casa Saturno,YouTube,2026-09-09,18:17,Short,SmROZX7eyKA,MANAUS ESTAMOS CHEGANDO! 😱🩷,https://youtu.be/SmROZX7eyKA,14922,2395,30,,,2026-09-14 14:53
Casa Saturno,YouTube,2026-09-09,13:43,Short,iS4LH6buKII,O unboxing mais esperado do momento! 📦💖,https://youtu.be/iS4LH6buKII,21855,2212,39,,,2026-09-13 12:47
Casa Saturno,TikTok,2026-09-10,09:39,Vídeo,7683885333775142160,Bom dia SATURNER’S! 🪐✨ Quinta-feira animada e cheia de energia por aqui!,https://www.tiktok.com/@acasasaturno/video/7683885333775142160,1649,304,14,,,2026-09-15 21:00
Casa Saturno,TikTok,2026-09-09,18:18,Vídeo,7683648079706328341,"Diretamente de um dos cartões-postais mais lindos do estado, viemos avisar que no dia 19/09 tem a turnê BEST FRIENDS FOREVER no Studio Cinco! 💖🎤 Se eu fosse vocês, não ficava de fora dessa — os ingressos já estão voando! Corre pra garantir o seu e vem curtir com a gente! Bora? ✨",https://www.tiktok.com/@acasasaturno/video/7683648079706328341,1936,401,19,,,2026-09-15 21:00
Casa Saturno,TikTok,2026-09-09,13:50,Vídeo,7683578856359349525,"O unboxing mais esperado do momento! 📦💖 A @alojadasaturno entregou TUDO nessa caixinha! Quem aí também quer garantir o seu look completo, corta-vento, meias e copos personalizados? ⭐️ Clica no link e aproveita! 🔗",https://www.tiktok.com/@acasasaturno/video/7683578856359349525,1958,452,20,,,2026-09-13 12:47
Casa Saturno,TikTok,2026-09-09,10:20,Vídeo,7683524910999817490,"“Eu não quero só curtir, ganhar o jogo…” essa pega muito! 🪐✨",https://www.tiktok.com/@acasasaturno/video/7683524910999817490,4093,1300,28,,,2026-09-13 12:47
Casa Saturno,TikTok,2026-09-08,19:53,Vídeo,7683301368295099669,Ela sabe muito! 🤎,https://www.tiktok.com/@acasasaturno/video/7683301368295099669,2417,642,21,,,2026-09-12 12:12
Casa Saturno,TikTok,2026-09-08,12:55,Vídeo,7683193713685843220,"Faltam poucos dias para o primeiro SHOW SOLO DA EVY! 🚨 🗓️Já sabe, né? Dia 24 de outubro, no Teatro Bangu Shopping 💛 🔗 Corre pra garantir seu ingresso antes que esgote, link abaixo! 👑",https://www.tiktok.com/@acasasaturno/video/7683193713685843220,3220,815,26,,,2026-09-12 12:12
Casa Saturno,TikTok,2026-09-07,15:47,Vídeo,7682866904037461249,A Dc Oficial de “Parabéns Kysha e Mine” Você já aprendeu?! 👀💜🩷✨,https://www.tiktok.com/@acasasaturno/video/7682866904037461249,1802,328,13,,,2026-09-12 12:12
Casa Saturno,TikTok,2026-09-07,10:37,Vídeo,7682787015410191633,Começando a semana no ritmo e no estilo! Quem amou?! 🪐✨,https://www.tiktok.com/@acasasaturno/video/7682787015410191633,2660,539,21,,,2026-09-11 13:04
Casa Saturno,TikTok,2026-09-06,16:35,Vídeo,7682507903642750209,Mais de 100 mil motivos para agradecer a cada um de vocês! 💛 Quem já aprendeu a coreografia marca presença aqui nos comentários! Quero ver todo mundo dançando! ✨,https://www.tiktok.com/@acasasaturno/video/7682507903642750209,2710,634,19,,,2026-09-10 13:00
Casa Saturno,TikTok,2026-09-06,12:23,Vídeo,7682446104465673493,Mais de 100 MIL visualizações em menos de 24 horas! 🚀💖 Vocês foram GIGANTES nessa! O clipe “Parabéns Kysha & Mine” já é um sucesso absoluto e a gente só tem que agradecer por todo esse carinho! ☁️✨ Quem já assistiu e mandou parabéns por aí? Comenta muito! 👇✨,https://www.tiktok.com/@acasasaturno/video/7682446104465673493,12100,2013,45,,,2026-09-10 13:00
Kysha e Mine,TikTok,2026-09-09,18:18,Vídeo,7683648102166957332,"Diretamente de um dos cartões-postais mais lindos do estado, viemos avisar que no dia 19/09 tem a turnê BEST FRIENDS FOREVER no Studio Cinco! 💖🎤 Se eu fosse vocês, não ficava de fora dessa — os ingressos já estão voando! Corre pra garantir o seu e vem curtir com a gente! Bora? ✨",https://www.tiktok.com/@kyshaeminee/video/7683648102166957332,100100,14800,486,,,2026-09-15 11:05
Kysha e Mine,TikTok,2026-09-09,13:50,Vídeo,7683578855348751637,"O unboxing mais esperado do momento! 📦💖 A @alojadasaturno entregou TUDO nessa caixinha! Quem aí também quer garantir o seu look completo, corta-vento, meias e copos personalizados? ⭐️ Clica no link e aproveita! 🔗",https://www.tiktok.com/@kyshaeminee/video/7683578855348751637,1655,178,11,,,2026-09-14 14:53
Kysha e Mine,TikTok,2026-09-08,16:20,Vídeo,7683246430466690311,🩷,https://www.tiktok.com/@kyshaeminee/video/7683246430466690311,1651,199,11,,,2026-09-14 14:53
Kysha e Mine,TikTok,2026-09-07,15:47,Vídeo,7682866924207770901,A Dc Oficial de “Parabéns Kysha e Mine” Você já aprendeu?! 👀💜🩷✨,https://www.tiktok.com/@kyshaeminee/video/7682866924207770901,2518,254,19,,,2026-09-13 12:47
Kysha e Mine,TikTok,2026-09-06,12:23,Vídeo,7682443388309769492,Mais de 100 MIL visualizações em menos de 24 horas! 🚀💖 Vocês foram GIGANTES nessa! O clipe “Parabéns Kysha & Mine” já é um sucesso absoluto e a gente só tem que agradecer por todo esse carinho! ☁️✨ Quem já assistiu e mandou parabéns por aí? Comenta muito! 👇✨,https://www.tiktok.com/@kyshaeminee/video/7682443388309769492,5102,674,32,,,2026-09-12 12:12
Kysha e Mine,TikTok,2026-09-06,09:44,Vídeo,7682402074776145153,"Um momento simplesmente inesquecível! 🥹✨ A Kysha e a Mine fizeram uma surpresa mais do que especial em uma presença VIP e conheceram pertinho uma fã que é apaixonada por elas. Teve muita emoção, abraços apertados, dança e momentos que vão ficar guardados pra sempre no coração! 💜🩷💫 Quer levar essa experiência para momentos especiais? Entre em contato conosco e saiba como contratar! 📞",https://www.tiktok.com/@kyshaeminee/video/7682402074776145153,3922,578,26,,,2026-09-12 12:12
Kysha e Mine,TikTok,2026-09-05,12:05,Vídeo,7682067593473150228,"🎉 O hit que faltava na sua festa chegou! Acompanhe a energia contagiante do nosso novo clipe ""Parabéns Kysha e Mine"", o novo sucesso! 💖✨ Chame a galera, aprenda os passos e venha celebrar a vida com muita cor, brilhar muito e se divertir com a gente ⭐️ O som já está disponível em todas as plataformas digitais! Corre para ouvir e colocar na playlist da sua próxima comemoração🎂🎈",https://www.tiktok.com/@kyshaeminee/video/7682067593473150228,6465,784,37,,,2026-09-11 13:04
Kysha e Mine,TikTok,2026-09-05,11:35,Vídeo,7682059743774493972,"Obrigado MANAUS! 🥹✨ Sem palavras para descrever o que foi esse show! ⭐️ Obrigado a cada fã por toda essa energia surreal e por tornarem esse momento inesquecível! E claro imensa gratidão a @soumanauspassoapacooficial e @prefeiturademanaus foi mágico viver tudo isso! 💫 E não se esqueçam: No dia 19/09 @kyshaeminee retornam a Manaus para um showzaço no Studio 5, então você que não garantiu o seu ingresso, corre! 🔗",https://www.tiktok.com/@kyshaeminee/video/7682059743774493972,12300,1529,68,,,2026-09-11 13:04
Kysha e Mine,TikTok,2026-09-04,22:45,Vídeo,7681861466215124244,Casais na área?! 👀 🩷🩵💚💜,https://www.tiktok.com/@kyshaeminee/video/7681861466215124244,7599,1278,32,,,2026-09-10 13:00
Kysha e Mine,TikTok,2026-09-04,17:38,Vídeo,7681782351403207956,Aqui que tudo começou 🥹,https://www.tiktok.com/@kyshaeminee/video/7681782351403207956,1336,217,10,,,2026-09-10 13:00
Evy Baddie,TikTok,2026-08-14,18:00,Vídeo,7673883712144067861,Meu Primeiro Show solo! 😱 Preparamos cada detalhe para transformar esse dia em um momento inesquecível! Vem viver esse sonho comigo! 💛👑 📍 Teatro Bangu Shopping  🗓️ 24/10 - (Sábado)  🎟️ Garanta o seu ingresso (link na bio),https://www.tiktok.com/@evybaddiee/video/7673883712144067861,26100,3795,132,,,2026-09-21 18:15
Evy Baddie,TikTok,2026-09-09,18:48,Vídeo,7683655704594369813,"Eai , aprenderam ? Faça e marque a gente !",https://www.tiktok.com/@evybaddiee/video/7683655704594369813,3525,584,33,,,2026-09-14 14:53
Evy Baddie,TikTok,2026-09-09,16:22,Vídeo,7683618113996311829,"Nunca mais , nunca deixem nada aberto em lugar de nenhum",https://www.tiktok.com/@evybaddiee/video/7683618113996311829,12100,2452,66,,,2026-09-14 14:53
Evy Baddie,TikTok,2026-09-08,20:26,Vídeo,7683309872284306709,Fizemos umas 20 vezes 🤡,https://www.tiktok.com/@evybaddiee/video/7683309872284306709,10200,2103,79,,,2026-09-13 12:47
Evy Baddie,TikTok,2026-09-08,11:55,Vídeo,7683178188129799444,"Tá chegando o dia do meu primeiro SHOW SOLO! 🚨 🗓️Já sabe, né? Dia 24 de outubro, no Teatro Bangu Shopping 💛 🔗 Corre pra garantir seu ingresso antes que esgote link na Bio! 👑",https://www.tiktok.com/@evybaddiee/video/7683178188129799444,10900,1644,74,,,2026-09-13 12:47
Evy Baddie,TikTok,2026-09-07,21:00,Vídeo,7682840511950146836,"Parei , vô dormi já kkkkkkkkk",https://www.tiktok.com/@evybaddiee/video/7682840511950146836,10200,2013,103,,,2026-09-13 12:47
Evy Baddie,TikTok,2026-09-07,18:00,Vídeo,7682840275982535957,Juroooo kkkkkkkk,https://www.tiktok.com/@evybaddiee/video/7682840275982535957,7962,1860,63,,,2026-09-12 12:12
Evy Baddie,TikTok,2026-09-07,14:03,Vídeo,7682840176158264596,Boa tarde,https://www.tiktok.com/@evybaddiee/video/7682840176158264596,7440,1796,100,,,2026-09-12 12:12
Evy Baddie,TikTok,2026-09-06,18:30,Vídeo,7682502836910935317,Pelas ruas de Manaus,https://www.tiktok.com/@evybaddiee/video/7682502836910935317,46200,6673,137,,,2026-09-10 13:00
Evy Baddie,TikTok,2026-09-06,16:14,Vídeo,7682502640923643157,,https://www.tiktok.com/@evybaddiee/video/7682502640923643157,19700,2797,86,,,2026-09-10 13:00
Evy Baddie,TikTok,2026-09-05,12:21,Vídeo,7682071545652645141,"Para para para parabéns 🎶😮‍💨 e saiu a música nova de kysha e mine , assista o clipe no YouTube!!!",https://www.tiktok.com/@evybaddiee/video/7682071545652645141,30900,4393,117,,,2026-09-10 10:48
Kaka,TikTok,2026-09-01,07:55,Vídeo,7680518652554153224,KakaKAdabra clipe disponível no meu canal do YouTube #kakakadabra #youtube #foyou,https://www.tiktok.com/@oiikaka__/video/7680518652554153224,2006,285,31,,,2026-09-21 18:15
Kaka,TikTok,2026-08-08,16:54,Vídeo,7671751729251224839,Link do meu instaram reserva está nos stories vão lá seguir meu insta novo,https://www.tiktok.com/@oiikaka__/video/7671751729251224839,2869,410,39,,,2026-09-21 18:15
Kaka,TikTok,2026-07-29,10:49,Vídeo,7667946708856327432,#anosatrás,https://www.tiktok.com/@oiikaka__/video/7667946708856327432,5551,694,33,,,2026-09-21 18:15
Kaka,TikTok,2026-07-27,16:15,Vídeo,7667288630980906258,Oi💙,https://www.tiktok.com/@oiikaka__/video/7667288630980906258,4272,894,62,,,2026-09-21 18:15
Kaka,TikTok,2026-07-21,13:32,Vídeo,7665019901202943240,Shein meus recebidos #shein,https://www.tiktok.com/@oiikaka__/video/7665019901202943240,3601,470,29,,,2026-09-21 18:15
Kaka,TikTok,2026-07-21,10:12,Vídeo,7664968553266695442,#anosatrás quem lembra?,https://www.tiktok.com/@oiikaka__/video/7664968553266695442,3072,442,21,,,2026-09-21 18:15
Kaka,TikTok,2026-07-14,22:31,Vídeo,7662561158230002951,200 mil 🤎🤎🤎 YouTube,https://www.tiktok.com/@oiikaka__/video/7662561158230002951,3632,487,25,,,2026-09-21 18:15
Kaka,TikTok,2026-07-12,20:32,Vídeo,7661788534512160008,#casasaturno #friends #todomundojunto,https://www.tiktok.com/@oiikaka__/video/7661788534512160008,3658,444,30,,,2026-09-21 18:15
Kaka,TikTok,2026-07-05,21:08,Vídeo,7659200129647349000,🇧🇷🤷🏻‍♂️ #brasil,https://www.tiktok.com/@oiikaka__/video/7659200129647349000,11800,1497,61,,,2026-09-21 18:15
Kaka,TikTok,2026-06-05,09:10,Vídeo,7647882548818758919,,https://www.tiktok.com/@oiikaka__/video/7647882548818758919,12400,1126,85,,,2026-09-21 18:15
Argentino,TikTok,2026-09-09,12:01,Vídeo,7683550801733684487,Errei o final😭😭,https://www.tiktok.com/@oiargentino_/video/7683550801733684487,58200,7377,156,,,2026-09-21 18:15
Argentino,TikTok,2026-09-06,20:31,Vídeo,7682569041206086930,😝,https://www.tiktok.com/@oiargentino_/video/7682569041206086930,36600,4808,119,,,2026-09-21 18:15
Argentino,TikTok,2026-09-05,23:30,Vídeo,7682244025918835986,Aaaaçaí😂😂,https://www.tiktok.com/@oiargentino_/video/7682244025918835986,148600,17700,267,,,2026-09-21 18:15
Argentino,TikTok,2026-09-04,18:14,Vídeo,7681791426195164424,😝,https://www.tiktok.com/@oiargentino_/video/7681791426195164424,33800,3925,90,,,2026-09-21 18:15
Argentino,TikTok,2026-09-03,13:47,Vídeo,7681351731552488712,;-;,https://www.tiktok.com/@oiargentino_/video/7681351731552488712,22900,2377,183,,,2026-09-21 18:15
Argentino,TikTok,2026-09-02,18:37,Vídeo,7681055189859618055,Mais fácil pra vcs fazerem!!🥰,https://www.tiktok.com/@oiargentino_/video/7681055189859618055,39200,3750,90,,,2026-09-20 11:43
Argentino,TikTok,2026-09-01,16:11,Vídeo,7680646476296391944,Essa trend é mt boa😍,https://www.tiktok.com/@oiargentino_/video/7680646476296391944,23900,2398,105,,,2026-09-14 14:53
Argentino,TikTok,2026-08-31,19:19,Vídeo,7680323918195870984,Cansei kkkk,https://www.tiktok.com/@oiargentino_/video/7680323918195870984,37500,2088,59,,,2026-09-12 12:12
Argentino,TikTok,2026-08-31,13:46,Vídeo,7680238076660124946,Não vai adiantar,https://www.tiktok.com/@oiargentino_/video/7680238076660124946,25900,3369,84,,,2026-09-10 13:00
Argentino,TikTok,2026-08-30,20:24,Vídeo,7679969502079061256,0 chance🥰,https://www.tiktok.com/@oiargentino_/video/7679969502079061256,52600,6447,95,,,2026-09-10 13:00
Fidelisx,TikTok,2026-09-08,22:33,Vídeo,7683342514941644053,kkkkkkkkkk,https://www.tiktok.com/@oifidelisx/video/7683342514941644053,471400,74600,614,,,2026-09-15 21:00
Fidelisx,TikTok,2026-09-08,18:40,Vídeo,7683282507164339477,,https://www.tiktok.com/@oifidelisx/video/7683282507164339477,289400,57300,156,,,2026-09-13 12:47
Fidelisx,TikTok,2026-09-08,12:00,Vídeo,7683179484509572373,,https://www.tiktok.com/@oifidelisx/video/7683179484509572373,19900,3416,74,,,2026-09-12 12:12
Fidelisx,TikTok,2026-09-07,21:55,Vídeo,7682961644846091540,,https://www.tiktok.com/@oifidelisx/video/7682961644846091540,37100,5453,101,,,2026-09-12 12:12
Fidelisx,TikTok,2026-09-07,10:26,Vídeo,7682784197194583317,"🔥Coloque meu código de pesquisa: 👉UH2NW👈 na SHEIN para ver mais de 600 mil itens imperdíveis em promoção, com até 95% OFF e tudo que comprei. Quer desconto? 🎫Use meu cupom: oifidelisx8784 SHEIN 9.9: Estilo e ofertas na máxima potência. @SHEIN @SHEIN Brasil  #SHEINBrasil99 #SHEINsaveinstyle #ad Nome da loja: Charlie's Hat Factory 🆔 64897272 🔗 https://shein.top/ty204uw Nome da loja: zenith modas 🆔 205687626 🔗 https://shein.top/8659kzk Nome da loja: PABLO RAEZ 🆔 55353276 🔗 https://shein.top/s0lfmm3 Nome da loja: PABLO RAEZ 🆔 123434627 🔗 https://shein.top/g7kbcqh Nome da loja: Whale Tree Fashion Men's Shoes 🆔 413779010 🔗 https://shein.top/8659oan Nome da loja: Whale Tree Fashion Men's Shoes 🆔 50133805 🔗 https://shein.top/itty3wp Nome da loja: CILOA WATCH 🆔 100139545 🔗 https://shein.top/ty203sv Nome da loja: CONTINENTALSHOP 🆔 15979808 🔗 https://shein.top/ebra42d Nome da loja: Juvu 🆔 48924838 🔗 https://shein.top/84hq9k1 Nome da loja: BEAUTI LUPAS 🆔 55589926 🔗 https://shein.top/mlg0qcq Nome da loja: TRENDGLASSES 🆔 57636726 🔗 https://shein.top/ebra9ri Nome da loja: RBCAP 🆔 47124852 🔗 https://shein.top/94vk0el",https://www.tiktok.com/@oifidelisx/video/7682784197194583317,14900,1220,76,,,2026-09-12 12:12
Fidelisx,TikTok,2026-09-06,19:32,Vídeo,7682553760442354964,teatro amazonas tomou kkkkkkk,https://www.tiktok.com/@oifidelisx/video/7682553760442354964,746900,125100,904,,,2026-09-12 12:12
Fidelisx,TikTok,2026-09-06,12:09,Vídeo,7682439594121481492,,https://www.tiktok.com/@oifidelisx/video/7682439594121481492,44200,6938,119,,,2026-09-11 13:04
Fidelisx,TikTok,2026-09-05,20:24,Vídeo,7682195945420868884,@ANDERSON NEIFF 👍🏻👎🏿 me nota sou teu fã,https://www.tiktok.com/@oifidelisx/video/7682195945420868884,32000,3960,92,,,2026-09-10 13:00
Fidelisx,TikTok,2026-09-05,19:33,Vídeo,7682183027459394837,minhas❤️,https://www.tiktok.com/@oifidelisx/video/7682183027459394837,229400,39800,171,,,2026-09-10 13:00
Fidelisx,TikTok,2026-09-04,23:45,Vídeo,7681876905800305940,,https://www.tiktok.com/@oifidelisx/video/7681876905800305940,28000,3521,84,,,2026-09-10 10:48
Russin Oficial,TikTok,2026-09-09,21:01,Vídeo,7683689937119563026,Dupla do 220 🖤🤎,https://www.tiktok.com/@orussindomolejo/video/7683689937119563026,9792,730,31,,,2026-09-15 11:05
Russin Oficial,TikTok,2026-09-09,18:00,Vídeo,7683643260144733458,Dupla kassinho 🖤🤎 @reservaoiikaka,https://www.tiktok.com/@orussindomolejo/video/7683643260144733458,14000,1088,29,,,2026-09-13 12:47
Russin Oficial,TikTok,2026-09-08,21:00,Vídeo,7683318631039569159,Já escutaram música “SABE O QUE TÁ FALTANDO? HOJE ❤️,https://www.tiktok.com/@orussindomolejo/video/7683318631039569159,26800,2110,72,,,2026-09-13 12:47
Russin Oficial,TikTok,2026-09-08,19:00,Vídeo,7683287690447572242,,https://www.tiktok.com/@orussindomolejo/video/7683287690447572242,8893,946,33,,,2026-09-13 12:47
Russin Oficial,TikTok,2026-09-08,14:01,Vídeo,7683210580487884039,Marca seu amor 🫶🏻,https://www.tiktok.com/@orussindomolejo/video/7683210580487884039,13300,687,22,,,2026-09-12 12:12
Russin Oficial,TikTok,2026-09-07,18:30,Vídeo,7682908902089968904,Kkkkkkk,https://www.tiktok.com/@orussindomolejo/video/7682908902089968904,30100,2450,98,,,2026-09-11 13:04
Russin Oficial,TikTok,2026-09-07,12:00,Vídeo,7682808386156645640,Teatro amazonas 📍,https://www.tiktok.com/@orussindomolejo/video/7682808386156645640,14400,1534,36,,,2026-09-11 13:04
Russin Oficial,TikTok,2026-09-06,21:31,Vídeo,7682584533115456775,Molejo de Manaus,https://www.tiktok.com/@orussindomolejo/video/7682584533115456775,24300,2583,43,,,2026-09-11 13:04
Russin Oficial,TikTok,2026-09-06,19:01,Vídeo,7682545704983694600,Toma toma 🎶 @kysha,https://www.tiktok.com/@orussindomolejo/video/7682545704983694600,19700,1706,34,,,2026-09-10 13:00
Russin Oficial,TikTok,2026-09-05,18:00,Vídeo,7682159084996414738,Molejo kkkkk,https://www.tiktok.com/@orussindomolejo/video/7682159084996414738,24200,2319,34,,,2026-09-10 13:00
Kysha,TikTok,2026-09-09,17:53,Vídeo,7683641413036264711,#dueto com @NO GUIDNCE #michealjackson,https://www.tiktok.com/@oikysha/video/7683641413036264711,17400,1887,116,,,2026-09-13 12:47
Kysha,TikTok,2026-09-09,17:28,Vídeo,7683635052000873746,#dueto com @Straight No Chaser #diewithasmile faz tempo que eu não cantava aqui 🥹,https://www.tiktok.com/@oikysha/video/7683635052000873746,16500,2101,190,,,2026-09-13 12:47
Kysha,TikTok,2026-09-07,13:15,Vídeo,7682827769826315528,🩷🩵,https://www.tiktok.com/@oikysha/video/7682827769826315528,521300,85900,329,,,2026-09-12 12:12
Kysha,TikTok,2026-09-06,13:03,Vídeo,7682453626106891527,Quem já gravou a DC da música nova?,https://www.tiktok.com/@oikysha/video/7682453626106891527,34200,4815,219,,,2026-09-11 13:04
Kysha,TikTok,2026-09-06,12:59,Vídeo,7682452430386203912,Vamos querer ir pra academia? Kkkkk,https://www.tiktok.com/@oikysha/video/7682452430386203912,26800,3422,179,,,2026-09-11 13:04
Kysha,TikTok,2026-09-06,12:55,Vídeo,7682451363451735303,Kkkkk não pode rir,https://www.tiktok.com/@oikysha/video/7682451363451735303,40700,5938,224,,,2026-09-10 13:00
Kysha,TikTok,2026-09-06,12:50,Vídeo,7682450211435777288,Kkkkk,https://www.tiktok.com/@oikysha/video/7682450211435777288,101400,11800,207,,,2026-09-10 13:00
Kysha,TikTok,2026-09-06,12:48,Vídeo,7682449609054047496,Eu amo essa 🩷,https://www.tiktok.com/@oikysha/video/7682449609054047496,31900,4267,129,,,2026-09-10 13:00
Kysha,TikTok,2026-09-06,12:45,Vídeo,7682448800820235527,Essa do molejo tá demais 😂🩷,https://www.tiktok.com/@oikysha/video/7682448800820235527,25000,3608,102,,,2026-09-10 10:48
Kysha,TikTok,2026-09-06,12:43,Vídeo,7682448357897407762,,https://www.tiktok.com/@oikysha/video/7682448357897407762,22800,4060,117,,,2026-09-10 10:48
Mine,TikTok,2026-09-09,21:32,Vídeo,7683697804774051090,parte 2 do day 2 abrindo presente de vocês!! 💜✨,https://www.tiktok.com/@aminequerida_/video/7683697804774051090,26400,2491,89,,,2026-09-21 18:15
Mine,TikTok,2026-09-08,18:21,Vídeo,7683277754388860168,"day 2 abrindo presente de vocês! 🫵🏼💜 (curte pra continuação desse, erriéssi ✨",https://www.tiktok.com/@aminequerida_/video/7683277754388860168,26200,2863,98,,,2026-09-21 18:15
Mine,TikTok,2026-09-07,11:53,Vídeo,7682806635701603592,day 1 abrindo presentes de fãs! 🫵🏼💜,https://www.tiktok.com/@aminequerida_/video/7682806635701603592,28800,3309,155,,,2026-09-21 18:15
Mine,TikTok,2026-09-05,17:51,Vídeo,7682156537032494344,"me perdoem, vou voltar e vou fazer melhor ainda. nesse exato momento estou com o pé para o alto e com gelo rs, obrigada POR TUDO. ✨💜🥺",https://www.tiktok.com/@aminequerida_/video/7682156537032494344,49800,6852,254,,,2026-09-21 18:15
Mine,TikTok,2026-09-04,17:09,Vídeo,7681774651248299271,toma toma 🫵🏼🎶,https://www.tiktok.com/@aminequerida_/video/7681774651248299271,93800,11300,140,,,2026-09-19 11:30
Mine,TikTok,2026-09-03,17:50,Vídeo,7681414362921241874,DIA 05 tá logo aliiii!!!! aprendam a dc sem áudio de “PARABÉNS”💜🩷✨,https://www.tiktok.com/@aminequerida_/video/7681414362921241874,116200,9011,301,,,2026-09-19 11:30
Mine,TikTok,2026-09-03,10:08,Vídeo,7681295220788530450,não fica triste não 😁,https://www.tiktok.com/@aminequerida_/video/7681295220788530450,41700,5170,142,,,2026-09-19 11:30
Mine,TikTok,2026-09-01,20:18,Vídeo,7680710123509009671,pega a vs. 💭,https://www.tiktok.com/@aminequerida_/video/7680710123509009671,28000,3043,118,,,2026-09-19 11:30
Mine,TikTok,2026-08-24,12:11,Vídeo,7677616083725012242,DDMC 🎧,https://www.tiktok.com/@aminequerida_/video/7677616083725012242,58400,7560,186,,,2026-09-11 13:04
Mine,TikTok,2026-08-21,11:42,Vídeo,7676495189288062226,"OBRIGADA DEEEUS!! gratidão imensa por essa etapa concluída, habilitada. 💋🤍",https://www.tiktok.com/@aminequerida_/video/7676495189288062226,62500,6720,330,,,2026-09-10 13:00
Casa Saturno,Instagram,2026-09-10,09:39,Reel,DdG2p7GAe1s,Bom dia SATURNER’S! 🪐✨ Quinta-feira animada e cheia de energia por aqui!,https://www.instagram.com/p/DdG2p7GAe1s/,1987,89,9,,,2026-09-10 10:42
Casa Saturno,Instagram,2026-09-09,18:06,Reel,DdFL41suHdb,"Diretamente de um dos cartões-postais mais lindos do estado, viemos avisar que no dia 19/09 tem a turnê BEST FRIENDS FOREVER no Studio Cinco! 💖🎤

Se eu fosse vocês, não ficava de fora dessa — os ingressos já estão voando! Corre pra garantir o seu e vem curtir com a gente! Bora? 🙂‍↕️✨",https://www.instagram.com/p/DdFL41suHdb/,77834,3402,70,Sim,,2026-09-10 10:42
Casa Saturno,Instagram,2026-09-09,12:01,Reel,DdEiInruy1D,"O unboxing mais esperado do momento! 📦

A @alojadasaturno entregou TUDO nessa caixinha! Quem aí também quer garantir o seu look completo, corta-vento, meias e copos personalizados? ⭐️

Clica no link e aproveita! 🔗",https://www.instagram.com/p/DdEiInruy1D/,59043,2257,131,Sim,,2026-09-10 10:42
Casa Saturno,Instagram,2026-09-09,10:18,Reel,DdEWViGAFoq,"“Eu não quero só curtir, ganhar o jogo…” essa pega muito! 🪐✨",https://www.instagram.com/p/DdEWViGAFoq/,12678,977,55,,,2026-09-10 10:42
Casa Saturno,Instagram,2026-09-08,18:13,Reel,DdCn7AeJJyf,Parabéns 🎊,https://www.instagram.com/p/DdCn7AeJJyf/,13216,478,14,Sim,,2026-09-10 10:42
Casa Saturno,Instagram,2026-09-08,11:55,Reel,DdB8rRCpd6Q,"Tá chegando o dia do meu primeiro SHOW SOLO! 🚨

🗓️Já sabe, né? Dia 24 de outubro, no Teatro Bangu Shopping 💛

🔗 Corre pra garantir seu ingresso antes que esgote link na Bio! 👑",https://www.instagram.com/p/DdB8rRCpd6Q/,58894,1405,71,Sim,,2026-09-10 10:42
Casa Saturno,Instagram,2026-09-07,10:18,Reel,Dc_MwAPxrEV,Começando a semana no ritmo e no estilo! Quem amou?! 🪐✨,https://www.instagram.com/p/Dc_MwAPxrEV/,11820,512,47,,,2026-09-10 10:42
Casa Saturno,Instagram,2026-09-06,18:08,Reel,Dc9dZ29JKbZ,"Tudo na vida é sobre decisão e planejamento. 
A @acasasaturno nasceu sabendo exatamente aonde ela queria chegar e como. Escolhemos o caminho mais longo mas colhemos em dois anos de existência, números e metas absurdas que não está sendo segredo pra ninguém! 

Agora tá vindo aí uma forma de planejar ",https://www.instagram.com/p/Dc9dZ29JKbZ/,16657,394,26,,,2026-09-10 10:42
Casa Saturno,Instagram,2026-09-06,16:18,Reel,Dc9RGSsJFiP,"Mais de 100 mil motivos para agradecer a cada um de vocês! 💛

Quem já aprendeu a coreografia marca presença aqui nos comentários! Quero ver todo mundo dançando! ✨",https://www.instagram.com/p/Dc9RGSsJFiP/,20193,699,121,,,2026-09-10 10:42
Casa Saturno,Instagram,2026-09-06,11:11,Reel,Dc8t8DkuvuW,"Mais de 100 MIL visualizações em menos de 24 horas! 🚀💖 

Vocês foram GIGANTES nessa! O clipe “Parabéns Kysha & Mine” já é um sucesso absoluto e a gente só tem que agradecer por todo esse carinho! ☁️✨

Quem já assistiu e mandou parabéns por aí? Comenta muito! 👇✨",https://www.instagram.com/p/Dc8t8DkuvuW/,71260,2338,94,Sim,,2026-09-10 10:42
Kysha e Mine,Instagram,2026-09-09,18:06,Reel,DdFL41suHdb,"Diretamente de um dos cartões-postais mais lindos do estado, viemos avisar que no dia 19/09 tem a turnê BEST FRIENDS FOREVER no Studio Cinco! 💖🎤

Se eu fosse vocês, não ficava de fora dessa — os ingressos já estão voando! Corre pra garantir o seu e vem curtir com a gente! Bora? 🙂‍↕️✨",https://www.instagram.com/p/DdFL41suHdb/,229358,10608,203,Sim,,2026-09-21 18:10
Kysha e Mine,Instagram,2026-09-09,12:01,Reel,DdEiInruy1D,"O unboxing mais esperado do momento! 📦

A @alojadasaturno entregou TUDO nessa caixinha! Quem aí também quer garantir o seu look completo, corta-vento, meias e copos personalizados? ⭐️

Clica no link e aproveita! 🔗",https://www.instagram.com/p/DdEiInruy1D/,85547,3092,142,Sim,,2026-09-19 11:00
Kysha e Mine,Instagram,2026-09-09,09:10,Carrossel,DdEOtJ2FHYb,"No Dia das Crianças, a regra é clara: pode cantar, dançar, brincar e fazer aquela bagunça gostosa! 😂🎒

Dia 12 de outubro, @kyshaeminee chegam ao Espaço Hall com @lancedeescola pra uma tarde cheia de música, diversão e surpresas pra criançada curtir MUITO! 🤩🎶

Chama a família e vem criar memórias lin",https://www.instagram.com/p/DdEOtJ2FHYb/,,5680,94,,,2026-09-18 11:00
Kysha e Mine,Instagram,2026-09-08,18:57,Reel,DdCtAEuBm7j,"E se a gente fizesse uma festa? 👀🎪😍
.
.
.
.
.
.
#reels #viral #musica #explorar #cantor",https://www.instagram.com/p/DdCtAEuBm7j/,120844,3164,167,Sim,,2026-09-17 18:10
Kysha e Mine,Instagram,2026-09-07,13:13,Reel,Dc_gyhFuItq,"Que dia inesquecível! 💖✨

Não foi só a gravação de um clipe: o que aconteceu aqui foi uma festa de verdade, cheia de amor, energia e comemoração ao lado de alguns dos nossos fãs! ⭐️

E para que tudo saísse perfeito, tivemos a parceria mais incrível do mundo com @castelodossonhos_riodejaneiro ! 

Mui",https://www.instagram.com/p/Dc_gyhFuItq/,61498,3115,187,,,2026-09-17 11:25
Kysha e Mine,Instagram,2026-09-06,11:11,Reel,Dc8t8DkuvuW,"Mais de 100 MIL visualizações em menos de 24 horas! 🚀💖 

Vocês foram GIGANTES nessa! O clipe “Parabéns Kysha & Mine” já é um sucesso absoluto e a gente só tem que agradecer por todo esse carinho! ☁️✨

Quem já assistiu e mandou parabéns por aí? Comenta muito! 👇✨",https://www.instagram.com/p/Dc8t8DkuvuW/,77895,2700,98,Sim,,2026-09-16 11:00
Kysha e Mine,Instagram,2026-09-06,10:00,Reel,Dc8l-TUR291,"Um momento simplesmente inesquecível! 🥹✨ 

A Kysha e a Mine fizeram uma surpresa mais do que especial em uma presença VIP e conheceram pertinho uma fã que é apaixonada por elas. Teve muita emoção, abraços apertados, dança e momentos que vão ficar guardados pra sempre no coração! 🩷💜💫

Quer levar essa",https://www.instagram.com/p/Dc8l-TUR291/,82390,2756,92,,,2026-09-16 11:00
Kysha e Mine,Instagram,2026-09-05,12:00,Reel,Dc6PApDB6FS,"🎉 O hit que faltava na sua festa chegou!

Acompanhe a energia contagiante do nosso novo clipe “Parabéns Kysha e Mine”, o novo sucesso! 💖✨

Chame a galera, aprenda os passos e venha celebrar a vida com muita cor, brilhar muito e se divertir com a gente ⭐️

O som já está disponível em todas as platafo",https://www.instagram.com/p/Dc6PApDB6FS/,153766,5359,309,Sim,,2026-09-10 10:42
Kysha e Mine,Instagram,2026-09-05,11:18,Reel,Dc6Jwt6Mg8s,"Obrigado MANAUS! 🥹✨

Sem palavras para descrever o que foi esse show! ⭐️ 
Ver cada um de vocês cantando, vibrando com todas as músicas de ‘Lance de Escola’ enche o nosso coração de orgulho! ❤️😭 #SouManaus

Obrigado a cada fã por toda essa energia surreal e por tornarem esse momento inesquecível! E c",https://www.instagram.com/p/Dc6Jwt6Mg8s/,46286,2180,64,,,2026-09-10 10:42
Kysha e Mine,Instagram,2026-09-03,17:59,Reel,Dc1uZthsvcW,"🚨 ATENÇÃO, NATAL/RN! VENDAS ABERTAS! 

Já estão abertas as vendas para o novo show Lance de Escola: De volta às Aulas - Todo Mundo Junto (especial dia das crianças) no Teatro Riachuelo! ⭐️

🗓️ Quando: 03 de outubro
📍 Onde: Teatro Riachuelo

Corre para garantir o seu ingresso antes que esgote! Link n",https://www.instagram.com/p/Dc1uZthsvcW/,109015,1431,131,,,2026-09-10 10:42
Kysha e Mine,Instagram,2026-09-03,17:57,Reel,Dc1uFkXP7QI,"DIA 05 tá logo aliii!!!! aprendam aldc sem
áudio de “PARABÉNS” 💜🩷✨",https://www.instagram.com/p/Dc1uFkXP7QI/,127071,2462,108,Sim,,2026-09-10 10:42
Evy Baddie,Instagram,2026-09-09,17:55,Reel,DdFKmqPSOoL,Tutorial de TRÁ 🩷 Grava e marca a gente ✨,https://www.instagram.com/p/DdFKmqPSOoL/,24532,948,55,,,2026-09-21 11:00
Evy Baddie,Instagram,2026-09-08,11:55,Reel,DdB8rRCpd6Q,"Tá chegando o dia do meu primeiro SHOW SOLO! 🚨

🗓️Já sabe, né? Dia 24 de outubro, no Teatro Bangu Shopping 💛

🔗 Corre pra garantir seu ingresso antes que esgote link na Bio! 👑",https://www.instagram.com/p/DdB8rRCpd6Q/,67329,1659,76,Sim,,2026-09-19 11:00
Evy Baddie,Instagram,2026-09-07,18:00,Reel,DdABvdERHez,"Eai , vocês já ouviram “ TRA “ hoje ?",https://www.instagram.com/p/DdABvdERHez/,31757,1924,104,,,2026-09-18 18:12
Evy Baddie,Instagram,2026-09-05,23:32,Reel,Dc7eBPvuiMK,Aaaçaí😂😂😂,https://www.instagram.com/p/Dc7eBPvuiMK/,110926,5141,182,Sim,,2026-09-17 11:25
Evy Baddie,Instagram,2026-09-05,12:27,Reel,Dc6Ruybp53i,"Para para para parabéns 🎶😮‍💨 e saiu a música nova de kysha e mine , assista o clipe no YouTube!!!",https://www.instagram.com/p/Dc6Ruybp53i/,58590,1991,137,,,2026-09-16 11:00
Evy Baddie,Instagram,2026-09-04,19:00,Reel,Dc4aP09hxUI,Não aguentooooo🤣,https://www.instagram.com/p/Dc4aP09hxUI/,34851,3261,155,,,2026-09-15 11:00
Kaka,Instagram,2026-09-03,21:00,Reel,Dc2C95ZJ9JB,Quem está participando do desfio de kakaKAdabra🎩🪄? #kakakadabra🎩🪄 #viralreels,https://www.instagram.com/p/Dc2C95ZJ9JB/,60555,5701,121,,,2026-09-21 18:10
Argentino,Instagram,2026-09-09,12:20,Reel,DdEkaHJu49-,Errei o final 😂😂,https://www.instagram.com/p/DdEkaHJu49-/,21391,1594,67,,,2026-09-21 18:10
Argentino,Instagram,2026-09-06,21:18,Reel,Dc9zkGZu8n0,😝😂,https://www.instagram.com/p/Dc9zkGZu8n0/,62920,4763,153,,,2026-09-21 18:10
Argentino,Instagram,2026-09-05,23:32,Reel,Dc7eBPvuiMK,Aaaçaí😂😂😂,https://www.instagram.com/p/Dc7eBPvuiMK/,113382,5278,183,Sim,,2026-09-21 18:10
Argentino,Instagram,2026-09-04,18:45,Reel,Dc4YYd5vewX,Dale dale😝,https://www.instagram.com/p/Dc4YYd5vewX/,18729,1639,98,,,2026-09-21 18:10
Argentino,Instagram,2026-09-03,22:08,Reel,Dc2K5HEOjlM,Estamos chegando MANAUS E RECIFEEEE,https://www.instagram.com/p/Dc2K5HEOjlM/,86989,3948,171,Sim,,2026-09-21 18:10
Fidelisx,Instagram,2026-09-07,14:43,Carrossel,Dc_rNUlkYMv,congelando nos 40° de manaus🧊,https://www.instagram.com/p/Dc_rNUlkYMv/,,2649,181,,,2026-09-21 18:10
Russin Oficial,Instagram,2026-09-09,18:24,Reel,DdFOAE4pls7,Todo molho de Manaus ❤️,https://www.instagram.com/p/DdFOAE4pls7/,36411,1066,33,,,2026-09-19 11:00
Russin Oficial,Instagram,2026-09-08,18:13,Reel,DdCn7AeJJyf,Parabéns 🎊,https://www.instagram.com/p/DdCn7AeJJyf/,18480,604,16,Sim,,2026-09-19 11:00
Russin Oficial,Instagram,2026-09-08,13:00,Reel,DdCEOKyRieo,Marca seu amor 🫶🏻,https://www.instagram.com/p/DdCEOKyRieo/,49823,2659,24,,,2026-09-19 11:00
Russin Oficial,Instagram,2026-09-07,12:31,Reel,Dc_b9CPR1nD,Teatro Amazonas📍,https://www.instagram.com/p/Dc_b9CPR1nD/,101219,2132,64,,,2026-09-19 11:00
Russin Oficial,Instagram,2026-09-06,20:06,Reel,Dc9rWlIpyM1,"Toma toma 🎶
Façam a DC e me marca!",https://www.instagram.com/p/Dc9rWlIpyM1/,45387,908,32,,,2026-09-18 18:12
Russin Oficial,Instagram,2026-09-04,12:00,Reel,Dc3qJ9Ohd0v,Quero ver todos indo assim meu clipe meta 100k visualizações me ajudem nessaaaaa,https://www.instagram.com/p/Dc3qJ9Ohd0v/,38104,522,20,,,2026-09-17 18:10
Kysha,Instagram,2026-09-09,18:06,Reel,DdFL41suHdb,"Diretamente de um dos cartões-postais mais lindos do estado, viemos avisar que no dia 19/09 tem a turnê BEST FRIENDS FOREVER no Studio Cinco! 💖🎤

Se eu fosse vocês, não ficava de fora dessa — os ingressos já estão voando! Corre pra garantir o seu e vem curtir com a gente! Bora? 🙂‍↕️✨",https://www.instagram.com/p/DdFL41suHdb/,229366,10609,203,Sim,,2026-09-21 18:10
Kysha,Instagram,2026-09-09,17:44,Reel,DdFJbgcukAl,Um vídeo diferente por aqui 🥹🩷,https://www.instagram.com/p/DdFJbgcukAl/,65512,4660,288,,,2026-09-21 18:10
Kysha,Instagram,2026-09-09,12:01,Reel,DdEiInruy1D,"O unboxing mais esperado do momento! 📦

A @alojadasaturno entregou TUDO nessa caixinha! Quem aí também quer garantir o seu look completo, corta-vento, meias e copos personalizados? ⭐️

Clica no link e aproveita! 🔗",https://www.instagram.com/p/DdEiInruy1D/,88282,3174,144,Sim,,2026-09-21 18:10
Kysha,Instagram,2026-09-08,18:57,Reel,DdCtAEuBm7j,"E se a gente fizesse uma festa? 👀🎪😍
.
.
.
.
.
.
#reels #viral #musica #explorar #cantor",https://www.instagram.com/p/DdCtAEuBm7j/,138169,3350,169,Sim,,2026-09-21 18:10
Kysha,Instagram,2026-09-06,18:58,Reel,Dc9jft5utBt,Quem já fez a DC? Corre laaaaaa pra fazer se ainda não fez! 🩷💜✨,https://www.instagram.com/p/Dc9jft5utBt/,45962,3191,187,,,2026-09-21 18:10
Kysha,Instagram,2026-09-05,12:00,Reel,Dc6PApDB6FS,"🎉 O hit que faltava na sua festa chegou!

Acompanhe a energia contagiante do nosso novo clipe “Parabéns Kysha e Mine”, o novo sucesso! 💖✨

Chame a galera, aprenda os passos e venha celebrar a vida com muita cor, brilhar muito e se divertir com a gente ⭐️

O som já está disponível em todas as platafo",https://www.instagram.com/p/Dc6PApDB6FS/,168013,5882,321,Sim,,2026-09-21 18:10
Kysha,Instagram,2026-09-03,22:08,Reel,Dc2K5HEOjlM,Estamos chegando MANAUS E RECIFEEEE,https://www.instagram.com/p/Dc2K5HEOjlM/,86989,3948,171,Sim,,2026-09-21 18:10
Kysha,Instagram,2026-09-03,17:57,Reel,Dc1uFkXP7QI,"DIA 05 tá logo aliii!!!! aprendam aldc sem
áudio de “PARABÉNS” 💜🩷✨",https://www.instagram.com/p/Dc1uFkXP7QI/,136048,2767,110,Sim,,2026-09-17 18:10
Mine,Instagram,2026-09-09,18:06,Reel,DdFL41suHdb,"Diretamente de um dos cartões-postais mais lindos do estado, viemos avisar que no dia 19/09 tem a turnê BEST FRIENDS FOREVER no Studio Cinco! 💖🎤

Se eu fosse vocês, não ficava de fora dessa — os ingressos já estão voando! Corre pra garantir o seu e vem curtir com a gente! Bora? 🙂‍↕️✨",https://www.instagram.com/p/DdFL41suHdb/,229368,10609,203,Sim,,2026-09-21 18:10
Mine,Instagram,2026-09-09,12:01,Reel,DdEiInruy1D,"O unboxing mais esperado do momento! 📦

A @alojadasaturno entregou TUDO nessa caixinha! Quem aí também quer garantir o seu look completo, corta-vento, meias e copos personalizados? ⭐️

Clica no link e aproveita! 🔗",https://www.instagram.com/p/DdEiInruy1D/,88282,3175,144,Sim,,2026-09-21 18:10
Mine,Instagram,2026-09-08,18:57,Reel,DdCtAEuBm7j,"E se a gente fizesse uma festa? 👀🎪😍
.
.
.
.
.
.
#reels #viral #musica #explorar #cantor",https://www.instagram.com/p/DdCtAEuBm7j/,138169,3350,169,Sim,,2026-09-21 18:10
Mine,Instagram,2026-09-08,18:25,Reel,DdCpSDqRFdy,"day 2 abrindo presente de vocês. 🫵🏼💜 (cute bastante esse pra continuação desse,  erriéssi. ✨",https://www.instagram.com/p/DdCpSDqRFdy/,39521,1789,101,,,2026-09-21 18:10
Mine,Instagram,2026-09-07,16:40,Reel,Dc_4bb7v0rf,day 1 abrindo presente de vocês. 🫵🏼💜✨,https://www.instagram.com/p/Dc_4bb7v0rf/,62352,2481,136,,,2026-09-21 18:10
Mine,Instagram,2026-09-05,17:55,Reel,Dc63J_MPuAL,"me perdoem, vou voltar e vou fazer melhor ainda. nesse exato momento estou com o pé pro alto e no gelo rs, obrigada POR TUDO! 🥺💜✨",https://www.instagram.com/p/Dc63J_MPuAL/,103218,5531,254,,,2026-09-21 18:10
Mine,Instagram,2026-09-05,12:00,Reel,Dc6PApDB6FS,"🎉 O hit que faltava na sua festa chegou!

Acompanhe a energia contagiante do nosso novo clipe “Parabéns Kysha e Mine”, o novo sucesso! 💖✨

Chame a galera, aprenda os passos e venha celebrar a vida com muita cor, brilhar muito e se divertir com a gente ⭐️

O som já está disponível em todas as platafo",https://www.instagram.com/p/Dc6PApDB6FS/,168013,5882,321,Sim,,2026-09-21 18:10
Mine,Instagram,2026-09-03,17:57,Reel,Dc1uFkXP7QI,"DIA 05 tá logo aliii!!!! aprendam aldc sem
áudio de “PARABÉNS” 💜🩷✨",https://www.instagram.com/p/Dc1uFkXP7QI/,137806,2838,113,Sim,,2026-09-21 18:10
Evy Baddie,YouTube,2026-09-10,12:46,Short,MQOvL22-Qxg,Dc da minha música “tra” !!! Quero vê geral fazendo e me marcando,https://youtu.be/MQOvL22-Qxg,33702,2687,37,,,2026-09-16 12:26
Fidelisx,YouTube,2026-09-10,12:00,Short,vUQ89RYpFkE,o teatro amazonas é muito lindo❤️ #fidelisx,https://youtu.be/vUQ89RYpFkE,28939,1817,42,,,2026-09-16 12:26
Russin Oficial,YouTube,2026-09-10,12:46,Short,tZ11mxlAdFI,Na relikia do Stefan só na jogada kkk,https://youtu.be/tZ11mxlAdFI,9829,882,19,,,2026-09-18 12:01
Evy Baddie,TikTok,2026-09-10,12:12,Vídeo,7683924678784011541,Dc da minha música pra vocês ! Tá mais fácil né ?! 🥹 façam e marquem a gente ❤️,https://www.tiktok.com/@evybaddiee/video/7683924678784011541,8376,1605,56,,,2026-09-14 14:53
Fidelisx,TikTok,2026-09-10,11:59,Vídeo,7683921506849606932,@Robson Abreu,https://www.tiktok.com/@oifidelisx/video/7683921506849606932,164100,11100,234,,,2026-09-16 12:27
Kysha,TikTok,2026-09-10,12:28,Vídeo,7683928786760371463,Muito molho kkkkk,https://www.tiktok.com/@oikysha/video/7683928786760371463,19700,2217,104,,,2026-09-15 11:05
Kysha,TikTok,2026-09-10,12:00,Vídeo,7683921701318561032,,https://www.tiktok.com/@oikysha/video/7683921701318561032,201400,21700,217,,,2026-09-13 12:47
Kysha e Mine,YouTube,2026-09-10,21:49,Short,D1_POkm8vHY,toma toma 🫵🏼,https://youtu.be/D1_POkm8vHY,26806,1666,45,,,2026-09-16 12:26
Kysha e Mine,YouTube,2026-09-10,16:58,Short,PSciGr1qVqI,Essa é muito boa! 🩵🩷,https://youtu.be/PSciGr1qVqI,34203,2725,63,,,2026-09-16 12:26
Evy Baddie,YouTube,2026-09-10,19:21,Short,go2M-KVtMHs,"Agora tá fácil , vai !! Quero vê geral fazendo hein 🥹 #foryou",https://youtu.be/go2M-KVtMHs,15839,1254,31,,,2026-09-17 12:34
Evy Baddie,YouTube,2026-09-10,19:19,Short,MpHFrPkvXwA,Agora foi kkkkk 😆❤️,https://youtu.be/MpHFrPkvXwA,34192,1798,48,,,2026-09-17 12:34
Fidelisx,YouTube,2026-09-11,12:00,Short,_6UM75XJjew,minhas💚💜💛 #fidelisx,https://youtu.be/_6UM75XJjew,31038,1012,42,,,2026-09-17 12:34
Fidelisx,YouTube,2026-09-10,18:00,Short,uMpFuMgG4WU,4 é par😂💜💚🩷🩵 #fidelisx,https://youtu.be/uMpFuMgG4WU,25715,1352,34,,,2026-09-17 12:34
Fidelisx,YouTube,2026-09-10,15:00,Short,E9T4rV-vpaw,"nada de boa tarde, só o que?👀 #fidelisx",https://youtu.be/E9T4rV-vpaw,12873,1158,36,,,2026-09-16 12:26
Russin Oficial,YouTube,2026-09-11,12:04,Short,SbcFJGBF4EA,Jogada gringa,https://youtu.be/SbcFJGBF4EA,10965,926,13,,,2026-09-19 11:30
Russin Oficial,YouTube,2026-09-10,21:15,Short,jy6JAB07ehM,"Na macarronada só falta molho, bebê 🎶",https://youtu.be/jy6JAB07ehM,9726,745,10,,,2026-09-19 11:30
Russin Oficial,YouTube,2026-09-10,18:18,Short,gyU9v27-NTo,Tropa da Saturno 🪐,https://youtu.be/gyU9v27-NTo,25928,1205,10,,,2026-09-18 12:01
Casa Saturno,YouTube,2026-09-11,09:24,Short,FzblWb_xndA,O final é o melhor 😂😂😂,https://youtu.be/FzblWb_xndA,11215,325,17,,,2026-09-17 12:34
Casa Saturno,YouTube,2026-09-10,21:49,Short,4VMFYX7YTJI,toma toma 🫵🏼,https://youtu.be/4VMFYX7YTJI,13676,521,25,,,2026-09-17 12:34
Casa Saturno,YouTube,2026-09-10,12:51,Vídeo longo,egp2AhEkLCk,ENCONTRAMOS A MAIOR RODA GIGANTE DO RIO *Ficamos presos!,https://youtu.be/egp2AhEkLCk,16271,964,56,,,2026-09-20 11:43
Casa Saturno,TikTok,2026-09-11,09:30,Vídeo,7684253910416084241,O molejo chegou com o Lhuke gótico hoje! 🖤 O final é o melhor 😂,https://www.tiktok.com/@acasasaturno/video/7684253910416084241,2151,363,14,,,2026-09-17 11:34
Casa Saturno,TikTok,2026-09-10,21:50,Vídeo,7684073816611360020,toma toma 🫵🏼🎶,https://www.tiktok.com/@acasasaturno/video/7684073816611360020,1435,237,13,,,2026-09-16 18:15
Kysha e Mine,TikTok,2026-09-10,21:50,Vídeo,7684073813235043591,toma toma 🫵🏼🎶,https://www.tiktok.com/@kyshaeminee/video/7684073813235043591,1535,190,10,,,2026-09-16 12:27
Kysha e Mine,TikTok,2026-09-10,17:02,Vídeo,7683999507528404231,Essa é muito boa! 🩵🩷✨,https://www.tiktok.com/@kyshaeminee/video/7683999507528404231,1431,171,11,,,2026-09-15 21:00
Evy Baddie,TikTok,2026-09-11,09:44,Vídeo,7684257668864707860,Kkkkkkkkk me desculpem,https://www.tiktok.com/@evybaddiee/video/7684257668864707860,10700,1900,112,,,2026-09-15 11:05
Evy Baddie,TikTok,2026-09-10,18:22,Vídeo,7684020083810651412,Agora sim foi certo 😆👍,https://www.tiktok.com/@evybaddiee/video/7684020083810651412,14800,2705,72,,,2026-09-15 11:05
Argentino,TikTok,2026-09-10,21:32,Vídeo,7684068941723061522,Gente muito obrigado a todos que participaram disso😭🩵😭,https://www.tiktok.com/@oiargentino_/video/7684068941723061522,23400,1814,97,,,2026-09-21 18:15
Argentino,TikTok,2026-09-10,17:16,Vídeo,7684003198398500104,"Vambora tropa, posso contar com vcs??",https://www.tiktok.com/@oiargentino_/video/7684003198398500104,18500,967,53,,,2026-09-21 18:15
Fidelisx,TikTok,2026-09-11,12:06,Vídeo,7684149713490234645,,https://www.tiktok.com/@oifidelisx/video/7684149713490234645,20900,3156,174,,,2026-09-18 12:02
Fidelisx,TikTok,2026-09-10,19:56,Vídeo,7684044436174540052,,https://www.tiktok.com/@oifidelisx/video/7684044436174540052,490300,67600,290,,,2026-09-17 11:34
Russin Oficial,TikTok,2026-09-10,22:31,Vídeo,7684084196381363464,MOLHO  @fidelis🧩 @Tino pai da vitória 🧞‍♂️🍀 @evybaddiee,https://www.tiktok.com/@orussindomolejo/video/7684084196381363464,24200,1931,33,,,2026-09-17 12:34
Russin Oficial,TikTok,2026-09-10,18:01,Vídeo,7684014800732425490,Na relikia da jogada 🎶 Façam a DC e me marca!,https://www.tiktok.com/@orussindomolejo/video/7684014800732425490,23000,2205,69,,,2026-09-16 18:15
Kysha,TikTok,2026-09-10,22:02,Vídeo,7684076799290035463,,https://www.tiktok.com/@oikysha/video/7684076799290035463,21100,3081,281,,,2026-09-16 12:27
Kysha,TikTok,2026-09-10,21:14,Vídeo,7684064294190845191,a gente tinha 3 minutos pra pegar antes de sair kkkkk,https://www.tiktok.com/@oikysha/video/7684064294190845191,34600,4159,187,,,2026-09-16 12:27
Kysha,TikTok,2026-09-10,20:03,Vídeo,7684046030224067848,🩷🩵💚,https://www.tiktok.com/@oikysha/video/7684046030224067848,50000,7302,92,,,2026-09-15 21:00
Mine,TikTok,2026-09-10,18:24,Vídeo,7684020567527214354,tcharam ✨,https://www.tiktok.com/@aminequerida_/video/7684020567527214354,152300,26000,284,,,2026-09-21 18:15
Kysha e Mine,YouTube,2026-09-12,12:00,Vídeo longo,9Tbl1l0TUow,"Kysha e Mine, Stefan Baby e Fidelisx - Verão / Chameguin / Amor de Dorama BFF ao vivo)",https://youtu.be/9Tbl1l0TUow,26118,679,19,,,2026-09-17 12:34
Kysha e Mine,YouTube,2026-09-12,01:54,Short,PkRdD7x0Yz0,Eu amo essa,https://youtu.be/PkRdD7x0Yz0,28113,2170,53,,,2026-09-17 12:34
Evy Baddie,YouTube,2026-09-12,12:00,Vídeo longo,qWH_1Ec5IW0,Fui de penetra na festa da kysha e mine e não deu certo 😢😬,https://youtu.be/qWH_1Ec5IW0,9396,624,38,,,2026-09-18 12:01
Evy Baddie,YouTube,2026-09-11,13:50,Short,l5oOerN8jeE,Boa tarde kkkkkkkkkk,https://youtu.be/l5oOerN8jeE,26665,637,50,,,2026-09-17 12:34
Fidelisx,YouTube,2026-09-11,18:00,Short,SFN9geuLiSY,sempre que você passa😂 #fidelisx,https://youtu.be/SFN9geuLiSY,16439,1358,32,,,2026-09-18 12:01
Fidelisx,YouTube,2026-09-11,15:00,Short,rsCr5XkqyXA,desculpa ao hotel kkkkkkk #fidelisx,https://youtu.be/rsCr5XkqyXA,35303,897,28,,,2026-09-17 12:34
Russin Oficial,YouTube,2026-09-11,22:01,Short,TIdO_ZVqM9E,Trend gringa ❤️,https://youtu.be/TIdO_ZVqM9E,12908,960,14,,,2026-09-20 11:43
Russin Oficial,YouTube,2026-09-11,18:12,Short,6uBKyWyUT8Q,Só faltava molho bebê 🎶,https://youtu.be/6uBKyWyUT8Q,18430,1105,9,,,2026-09-20 11:43
Argentino,YouTube,2026-09-12,12:00,Vídeo longo,tb89E2_4wr0,USEI TODAS AS MAQUIAGENS DA KYSHA *Será que ela ficou brava?,https://youtu.be/tb89E2_4wr0,29734,1441,80,,,2026-09-21 14:06
Casa Saturno,YouTube,2026-09-11,13:17,Short,EKU1vvdPEcU,Quem mais não tira essa do Replay?! 👀,https://youtu.be/EKU1vvdPEcU,33318,729,33,,,2026-09-17 12:34
Casa Saturno,TikTok,2026-09-11,13:17,Vídeo,7684312721717775637,"Saudade do vidoka, pode me ligar... baixinha é melhor você se controlar!' ✨ Quem mais não tira essa do Replay?! 👀🎶",https://www.tiktok.com/@acasasaturno/video/7684312721717775637,3312,655,19,,,2026-09-17 12:34
Kysha e Mine,TikTok,2026-09-12,02:18,Vídeo,7684513839550860565,MEU SONHO SE REALIZANDO! Hoje eu sou a stay mais feliz do mundooooo!!!! 🥺🩷,https://www.tiktok.com/@kyshaeminee/video/7684513839550860565,1529,232,21,,,2026-09-16 18:15
Kysha e Mine,TikTok,2026-09-12,01:55,Vídeo,7684507864928505109,Eu amo essa 🩷,https://www.tiktok.com/@kyshaeminee/video/7684507864928505109,1395,176,7,,,2026-09-16 18:15
Fidelisx,TikTok,2026-09-12,00:04,Vídeo,7684149686101413141,sdd Manaus,https://www.tiktok.com/@oifidelisx/video/7684149686101413141,18300,2825,60,,,2026-09-18 12:02
Russin Oficial,TikTok,2026-09-11,22:00,Vídeo,7684447430670109970,Trend gringo,https://www.tiktok.com/@orussindomolejo/video/7684447430670109970,13500,988,23,,,2026-09-18 12:02
Russin Oficial,TikTok,2026-09-11,18:01,Vídeo,7684385791555980562,Só faltava molho bebê 🎶 @fidelis🧩,https://www.tiktok.com/@orussindomolejo/video/7684385791555980562,36100,3156,38,,,2026-09-17 18:15
Russin Oficial,TikTok,2026-09-11,14:30,Vídeo,7684331323997048071,,https://www.tiktok.com/@orussindomolejo/video/7684331323997048071,10700,748,21,,,2026-09-17 12:34
Kysha,TikTok,2026-09-11,21:02,Vídeo,7684432415065935111,Que sonho 😭,https://www.tiktok.com/@oikysha/video/7684432415065935111,216900,32200,967,,,2026-09-16 18:15
Kysha,TikTok,2026-09-11,18:28,Vídeo,7684392613679500562,MEU SONHO SE REALIZANDO! Hoje eu sou a stay mais feliz do mundooooo!!!!,https://www.tiktok.com/@oikysha/video/7684392613679500562,106800,16600,785,,,2026-09-16 18:15
Mine,TikTok,2026-09-11,20:33,Vídeo,7684424774939987207,fácil fácil ✨💋,https://www.tiktok.com/@aminequerida_/video/7684424774939987207,86000,10300,221,,,2026-09-21 18:15
Kysha e Mine,YouTube,2026-09-12,17:42,Short,IG2qDvNjI2s,fácil fácil 👀,https://youtu.be/IG2qDvNjI2s,49028,3458,80,,,2026-09-18 12:01
Kysha e Mine,YouTube,2026-09-12,17:30,Short,6FXW4PAiNlY,Que sonho,https://youtu.be/6FXW4PAiNlY,105238,6515,187,,,2026-09-18 12:01
Fidelisx,YouTube,2026-09-12,15:00,Short,cPq6ibqD2n8,rlk frank ocean #fidelisx,https://youtu.be/cPq6ibqD2n8,13146,1000,21,,,2026-09-18 12:01
Russin Oficial,YouTube,2026-09-12,18:42,Short,vQUiBm4r-3Y,LDE TODO MUNDO JUNTO ❤️,https://youtu.be/vQUiBm4r-3Y,9584,870,10,,,2026-09-21 14:06
Russin Oficial,YouTube,2026-09-12,12:56,Short,e11wEBem3Ow,Na macarronada só falta molho bebê ❤️,https://youtu.be/e11wEBem3Ow,14432,1073,30,,,2026-09-20 11:43
Kaka,YouTube,2026-09-13,12:24,Short,d5DyBpMZy3o,Muito difícil kkkkkk #fypシ #dance #naofloppa,https://youtu.be/d5DyBpMZy3o,1000,127,0,,,2026-09-21 14:06
Casa Saturno,YouTube,2026-09-13,11:29,Short,AVOpU-LwZmQ,Os três já chegaram entregando TU-DO! 💚🖤,https://youtu.be/AVOpU-LwZmQ,28642,2092,22,,,2026-09-18 12:01
Casa Saturno,YouTube,2026-09-12,19:10,Short,DmcZZItUoYw,Evy e Fidelisx no Rock In Rio 2026 pela Coca Cola! ❤️⭐️,https://youtu.be/DmcZZItUoYw,22804,1904,33,,,2026-09-18 12:01
Casa Saturno,YouTube,2026-09-12,13:19,Short,uVDwLdEXv2o,A @mcdivertida e a @canaldabelinha se juntaram e a diversão agora é oficial! 🎶🩷,https://youtu.be/uVDwLdEXv2o,14677,924,13,,,2026-09-18 12:01
Casa Saturno,TikTok,2026-09-13,11:30,Vídeo,7685027318854700308,Os três já chegaram entregando TU-DO! Quem amou?! 💚🖤💛,https://www.tiktok.com/@acasasaturno/video/7685027318854700308,2718,520,16,,,2026-09-18 12:02
Casa Saturno,TikTok,2026-09-12,19:13,Vídeo,7684775315599592724,Evy e Fidelisx no Rock In Rio 2026 pela Coca Cola! ⭐️ 🎥: @thaaismagalhaes #COCACOLA #AUMENTEOVOLUME,https://www.tiktok.com/@acasasaturno/video/7684775315599592724,8107,1754,37,,,2026-09-18 12:02
Casa Saturno,TikTok,2026-09-12,13:22,Vídeo,7684684934526536981,A @mcdivertida e a @canaldabelinha se juntaram e a diversão agora é oficial! 🎶🩷🩵 O clipe e a música ‘Bela Diversão’ já está disponível em todas as plataformas digitais. Corre para conferir e dançar com a gente! ✨,https://www.tiktok.com/@acasasaturno/video/7684684934526536981,4874,670,15,,,2026-09-17 18:15
Kysha e Mine,TikTok,2026-09-12,17:44,Vídeo,7684752337428172040,fácil fácil ✨💋,https://www.tiktok.com/@kyshaeminee/video/7684752337428172040,2617,453,17,,,2026-09-17 18:15
Kysha e Mine,TikTok,2026-09-12,17:32,Vídeo,7684749309870427412,Que sonho 😭,https://www.tiktok.com/@kyshaeminee/video/7684749309870427412,969,172,6,,,2026-09-17 12:34
Evy Baddie,TikTok,2026-09-12,19:44,Vídeo,7684783283300764948,"Dá pra voltar no dia incrivel de ontem que nós tivemos com a @Coca-Cola no @Rock in Rio 2026 ? 🥹❤️  Obrigada pela experiência, foi incrível !  Filmaker : Thaís Magalhães 🎥",https://www.tiktok.com/@evybaddiee/video/7684783283300764948,3660,804,42,,,2026-09-16 11:05
Evy Baddie,TikTok,2026-09-12,12:53,Vídeo,7684677371148094740,Evy baddie no rock in rio 👀✨🎸,https://www.tiktok.com/@evybaddiee/video/7684677371148094740,7502,1564,69,,,2026-09-15 11:05
Argentino,TikTok,2026-09-12,15:22,Vídeo,7684715905326091528,Mano kkkk o restaurante era árabe @vitoria do tino 🧞‍♂️,https://www.tiktok.com/@oiargentino_/video/7684715905326091528,21000,2634,146,,,2026-09-15 21:00
Fidelisx,TikTok,2026-09-12,21:25,Vídeo,7684809419070197012,,https://www.tiktok.com/@oifidelisx/video/7684809419070197012,186400,27300,184,,,2026-09-16 18:15
Fidelisx,TikTok,2026-09-12,20:06,Vídeo,7684150155490217237,,https://www.tiktok.com/@oifidelisx/video/7684150155490217237,9279,1642,44,,,2026-09-13 12:47
Fidelisx,TikTok,2026-09-12,15:23,Vídeo,7684716089762139413,era só lomotif sincronizado kkkkkkkkk,https://www.tiktok.com/@oifidelisx/video/7684716089762139413,10900,1767,82,,,2026-09-13 12:47
Fidelisx,TikTok,2026-09-12,13:41,Vídeo,7684689901362728212,,https://www.tiktok.com/@oifidelisx/video/7684689901362728212,21600,2806,74,,,2026-09-18 12:02
Russin Oficial,TikTok,2026-09-12,14:01,Vídeo,7684694943641734408,Só falta molho bebê 🎶,https://www.tiktok.com/@orussindomolejo/video/7684694943641734408,45300,3750,86,,,2026-09-18 18:44
Kysha,TikTok,2026-09-12,14:37,Vídeo,7684704372059589895,Ontem foi o melhor dia da minha vida 😭,https://www.tiktok.com/@oikysha/video/7684704372059589895,34200,6562,263,,,2026-09-17 11:34
Kysha e Mine,YouTube,2026-09-13,23:39,Vídeo longo,w7cgd8XJ4bk,INVADIMOS A FESTA DE UMA FÃ *Será que ela amou a surpresa?,https://youtu.be/w7cgd8XJ4bk,22243,999,34,,,2026-09-21 14:06
Kysha e Mine,YouTube,2026-09-13,16:52,Short,l1VPm4GQWbw,Eu fico igual eles dois quando se trata de Kyshino e Minelisx!,https://youtu.be/l1VPm4GQWbw,28476,1771,35,,,2026-09-19 11:30
Evy Baddie,YouTube,2026-09-14,12:43,Short,OMJAjsD1GlY,Comentem o que vocês acharam …🥹✨ #foryou,https://youtu.be/OMJAjsD1GlY,10298,1385,29,,,2026-09-19 11:30
Evy Baddie,YouTube,2026-09-14,00:00,Short,PvP-3eDG-Bk,Eu dei meu melhor kkkk juro #foryou,https://youtu.be/PvP-3eDG-Bk,6836,976,29,,,2026-09-18 12:01
Evy Baddie,YouTube,2026-09-13,18:00,Short,HrUKnWNDgFU,Um pouco de como foi nosso dia com a coca cola no rock in rio !!! 🥹🎸✨ #foryou,https://youtu.be/HrUKnWNDgFU,11223,1588,24,,,2026-09-18 12:01
Fidelisx,YouTube,2026-09-14,12:00,Short,RIWCJx0r3ME,essa do Robson ta MUITO BOA!🤟🏾 #fidelisx,https://youtu.be/RIWCJx0r3ME,133870,4368,85,,,2026-09-19 11:30
Russin Oficial,YouTube,2026-09-13,19:18,Short,psz-KHkgkoA,Dancinha boa kkk,https://youtu.be/psz-KHkgkoA,4373,409,7,,,2026-09-21 14:06
Russin Oficial,YouTube,2026-09-13,12:55,Short,ct2dZCn1gV4,Molho 🎶,https://youtu.be/ct2dZCn1gV4,17010,1197,20,,,2026-09-21 14:06
Kaka,YouTube,2026-09-14,12:05,Short,ZATr5LY9Chk,Você viu ?????,https://youtu.be/ZATr5LY9Chk,1606,192,0,,,2026-09-21 14:06
Kaka,YouTube,2026-09-14,12:04,Short,kDuxXYrpIFA,KakaKAdabra 100k,https://youtu.be/kDuxXYrpIFA,1132,139,0,,,2026-09-21 14:06
Kaka,YouTube,2026-09-14,12:02,Short,kYiNKjUYYeo,Povo doido 😜,https://youtu.be/kYiNKjUYYeo,1248,151,0,,,2026-09-21 14:06
Casa Saturno,YouTube,2026-09-14,14:40,Short,GuMZ7whlhfQ,Dose recomendada do dia: energia lá no alto!,https://youtu.be/GuMZ7whlhfQ,21785,1997,22,,,2026-09-19 11:30
Casa Saturno,YouTube,2026-09-14,10:43,Short,zzhXqWgg7ZI,O cachinho dela me enrola... 🎶,https://youtu.be/zzhXqWgg7ZI,11206,1487,24,,,2026-09-19 11:30
Casa Saturno,YouTube,2026-09-13,23:30,Vídeo longo,fD7QbC3DZMg,A CASA SATURNO VAI ACABAR? *O que será que está acontecendo?,https://youtu.be/fD7QbC3DZMg,22260,1379,102,,,2026-09-21 14:06
Casa Saturno,TikTok,2026-09-14,14:45,Vídeo,7685448614075747601,Dose recomendada do dia: energia lá no alto! ✨,https://www.tiktok.com/@acasasaturno/video/7685448614075747601,10800,1354,40,,,2026-09-19 11:30
Casa Saturno,TikTok,2026-09-14,10:45,Vídeo,7685392143078231303,O cachinho dela me enrola... 🎶❤️,https://www.tiktok.com/@acasasaturno/video/7685392143078231303,1260,202,11,,,2026-09-19 11:05
Kysha e Mine,TikTok,2026-09-13,16:53,Vídeo,7685110356141821205,Quem aí também não aguenta ver Kyshino e Minelisx separados? Meu coração não aguenta 🥺🩵🩷💚💜,https://www.tiktok.com/@kyshaeminee/video/7685110356141821205,1456,235,10,,,2026-09-18 12:02
Evy Baddie,TikTok,2026-09-14,12:42,Vídeo,7685416842814410005,Comentem o que vocês acharam …🥹✨,https://www.tiktok.com/@evybaddiee/video/7685416842814410005,3869,760,53,,,2026-09-17 12:34
Evy Baddie,TikTok,2026-09-14,10:55,Vídeo,7685389373721906453,Obrigada @Coca-Cola por proporcionar momentos incríveis no rock in rio 2026 ❤️🎸✨,https://www.tiktok.com/@evybaddiee/video/7685389373721906453,2931,719,44,,,2026-09-16 12:27
Evy Baddie,TikTok,2026-09-13,13:30,Vídeo,7685058085928422676,Eu dei o meu melhor kkk juro,https://www.tiktok.com/@evybaddiee/video/7685058085928422676,7387,1653,65,,,2026-09-16 12:27
Fidelisx,TikTok,2026-09-14,14:45,Vídeo,7685448446945348885,,https://www.tiktok.com/@oifidelisx/video/7685448446945348885,729,178,25,,,2026-09-14 14:53
Fidelisx,TikTok,2026-09-14,12:55,Vídeo,7685420267035774229,,https://www.tiktok.com/@oifidelisx/video/7685420267035774229,21900,2897,110,,,2026-09-19 11:30
Fidelisx,TikTok,2026-09-13,20:32,Vídeo,7685166915907636500,,https://www.tiktok.com/@oifidelisx/video/7685166915907636500,74200,7638,236,,,2026-09-19 11:30
Fidelisx,TikTok,2026-09-13,13:15,Vídeo,7684150648341826836,essa do rob ta braba tropa,https://www.tiktok.com/@oifidelisx/video/7684150648341826836,122800,9648,204,,,2026-09-18 12:02
Russin Oficial,TikTok,2026-09-14,12:01,Vídeo,7685406266914606354,Manda pro seu amor,https://www.tiktok.com/@orussindomolejo/video/7685406266914606354,29900,1345,22,,,2026-09-19 11:30
Russin Oficial,TikTok,2026-09-13,21:31,Vídeo,7685182040328703239,,https://www.tiktok.com/@orussindomolejo/video/7685182040328703239,348200,28400,83,,,2026-09-19 11:30
Russin Oficial,TikTok,2026-09-13,18:00,Vídeo,7685127623780977938,É molho demais kkkkk,https://www.tiktok.com/@orussindomolejo/video/7685127623780977938,8840,474,30,,,2026-09-18 18:44
Kysha,TikTok,2026-09-14,11:03,Vídeo,7685391313000320263,Os instrusos no meu vídeo kkkk,https://www.tiktok.com/@oikysha/video/7685391313000320263,18700,2263,78,,,2026-09-17 18:15
Kysha,TikTok,2026-09-14,11:02,Vídeo,7685390967821602056,O final kkkkk,https://www.tiktok.com/@oikysha/video/7685390967821602056,18100,2434,69,,,2026-09-17 12:34
Kysha,TikTok,2026-09-14,11:01,Vídeo,7685390701990939922,Kkkkk um pouquinho afetadinha as vezes 😂,https://www.tiktok.com/@oikysha/video/7685390701990939922,11600,1569,70,,,2026-09-17 12:34
Casa Saturno,Instagram,2026-09-14,17:48,Reel,DdSB23NO3LW,Essa do molejo tá demais 😂🩷,https://www.instagram.com/p/DdSB23NO3LW/,16550,784,37,Sim,,2026-09-18 11:00
Casa Saturno,Instagram,2026-09-14,14:43,Reel,DdRsngoDA6_,Dose recomendada do dia: energia lá no alto! Quem sabe essa?!✨,https://www.instagram.com/p/DdRsngoDA6_/,11285,547,27,,,2026-09-17 18:10
Casa Saturno,Instagram,2026-09-14,10:44,Reel,DdRRUOOE4oR,O cachinho dela me enrola... 🎶❤️,https://www.instagram.com/p/DdRRUOOE4oR/,17013,960,20,,,2026-09-17 18:10
Casa Saturno,Instagram,2026-09-13,10:41,Reel,DdOsJqWRtSR,Os três já chegaram entregando TU-DO! Quem amou?! 💚🖤💛,https://www.instagram.com/p/DdOsJqWRtSR/,17014,591,44,,,2026-09-17 11:25
Casa Saturno,Instagram,2026-09-12,18:27,Reel,DdM8tP-xYb2,"Já pode pedir um replay de ontem?! 👀

Obrigado @cocacola_br pelo convite, que dia incrível! ❤️

Filmmaker - @thaaismagalhaes 

@calnetwork 
@fabinhocal 

#COCACOLA #AUMENTEOVOLUME",https://www.instagram.com/p/DdM8tP-xYb2/,52501,2037,219,Sim,,2026-09-16 18:10
Casa Saturno,Instagram,2026-09-12,11:33,Carrossel,DdMNZ2tFmuy,Que experiência incrível @rockinrio @timbrasil,https://www.instagram.com/p/DdMNZ2tFmuy/,,4640,274,Sim,,2026-09-16 11:00
Casa Saturno,Instagram,2026-09-12,11:27,Reel,DdMMpyoqZU8,"É OFICIAL: BELA DIVERSÃO JÁ ESTÁ NO AR! 💖🎶✨

Corre pra assistir ao clipe, aprender a dancinha e se divertir com a gente! 🥹

E quero ver todo mundo fazendo a coreografia, hein? Posta, me marca e marca a @canaldabelinha pra gente ver e curtir! 💃🩷

▶️ Já disponível no canal MC Divertida Músicas!",https://www.instagram.com/p/DdMMpyoqZU8/,113716,2310,113,,,2026-09-16 11:00
Casa Saturno,Instagram,2026-09-12,11:02,Reel,DdMJtSSx3Vl,"A @mcdivertida e a @canaldabelinha se juntaram e a diversão agora é oficial! 🎶🩷🩵

O clipe e a música ‘Bela Diversão’ já está disponível em todas as plataformas digitais. Corre para conferir e dançar com a gente! ✨",https://www.instagram.com/p/DdMJtSSx3Vl/,16800,333,14,,,2026-09-16 11:00
Casa Saturno,Instagram,2026-09-11,13:22,Reel,DdJ092OEe_u,"Saudade do vidoka, pode me ligar... baixinha é melhor você se controlar!' ✨

Quem mais não tira essa do Replay?! 👀🎶",https://www.instagram.com/p/DdJ092OEe_u/,27184,1711,31,,,2026-09-15 18:34
Casa Saturno,Instagram,2026-09-11,09:27,Reel,DdJaD8qCOFd,O molejo chegou com o Lhuke gótico hoje! O final é o melhor 😂🖤,https://www.instagram.com/p/DdJaD8qCOFd/,11187,473,20,,,2026-09-15 11:00
Kysha e Mine,Instagram,2026-09-14,17:48,Reel,DdSB23NO3LW,Essa do molejo tá demais 😂🩷,https://www.instagram.com/p/DdSB23NO3LW/,18751,893,39,Sim,,2026-09-21 18:10
Kysha e Mine,Instagram,2026-09-14,08:00,Reel,DdQ-oGzChcI,"⏳ TÁ CHEGANDO!

Falta cada vez menos para KYSHA E MINE – LANCE DE ESCOLA na Via Music Hall! 🎒💖

Dia 18 de outubro, prepare a família para muita música, dança e diversão! ✨🎶

A ansiedade já bateu por aí? 😍

👨‍👩‍👧‍👦 Menores de idade podem participar acompanhados de responsável legal.

🎟️ Gar",https://www.instagram.com/p/DdQ-oGzChcI/,68156,1376,62,,,2026-09-21 18:10
Kysha e Mine,Instagram,2026-09-13,13:08,Reel,DdO87w3Mbpx,Quem aí também não aguenta ver Kyshino e Minelisx separados? Meu coração não aguenta 🥺🩵🩷💚💜,https://www.instagram.com/p/DdO87w3Mbpx/,42689,1430,38,,,2026-09-21 18:10
Kysha e Mine,Instagram,2026-09-12,17:00,Reel,DdMy48VBVsy,"Tá chegando o dia de viver essa aventura! 🎒✨

Dia 12 de outubro (feriado), @kyshaeminee chegam ao Espaço Hall com @lancedeescola pra fazer a criançada cantar, dançar e se divertir MUITO! 🤩🎶

O Dia das Crianças vai ser daquele jeito: música, diversão e a família toda curtindo junto! 💛

📅 12 de outubr",https://www.instagram.com/p/DdMy48VBVsy/,87296,1923,31,,,2026-09-21 18:10
Evy Baddie,Instagram,2026-09-14,12:36,Reel,DdRd8u6J1v1,Comentem o que vocês acharam..✨😊🥹,https://www.instagram.com/p/DdRd8u6J1v1/,19601,996,128,,,2026-09-21 18:10
Evy Baddie,Instagram,2026-09-13,11:50,Reel,DdOz2hWJd_y,Até que ficou bom né ?! ( fala que sim ) 😆🩷,https://www.instagram.com/p/DdOz2hWJd_y/,20130,1534,133,,,2026-09-21 18:10
Evy Baddie,Instagram,2026-09-12,20:00,Carrossel,DdNHfVklcsC,Registros do dia incrível que eu tive com a @cocacola_br no @rockinrio 2026 ✨🎸❤️ amei a experiência e já quero o próximo ano !!,https://www.instagram.com/p/DdNHfVklcsC/,,1677,175,,,2026-09-21 18:10
Evy Baddie,Instagram,2026-09-12,18:27,Reel,DdM8tP-xYb2,"Já pode pedir um replay de ontem?! 👀

Obrigado @cocacola_br pelo convite, que dia incrível! ❤️

Filmmaker - @thaaismagalhaes 

@calnetwork 
@fabinhocal 

#COCACOLA #AUMENTEOVOLUME",https://www.instagram.com/p/DdM8tP-xYb2/,55940,2241,219,Sim,,2026-09-21 18:10
Evy Baddie,Instagram,2026-09-12,12:00,Foto,DdMMqRlJleV,Evy baddiee no 📍Rock in Rio ✨🎸,https://www.instagram.com/p/DdMMqRlJleV/,,2500,248,,,2026-09-21 18:10
Evy Baddie,Instagram,2026-09-10,18:00,Reel,DdHwLVUx29O,"Dc da minha música “TRA” , quero vê todo mundo fazendo pra eu repostar vocês 🥹❤️

Coreografia : @estherlaysa e eu 🔥",https://www.instagram.com/p/DdHwLVUx29O/,16584,958,66,,,2026-09-21 18:10
Kaka,Instagram,2026-09-13,11:59,Reel,DdO1JXLRDo2,"SE TÁ DOIDOOOK KKKKK
#fyp #explore #viralreels #vaiprafy",https://www.instagram.com/p/DdO1JXLRDo2/,14920,1162,30,,,2026-09-21 18:10
Kaka,Instagram,2026-09-12,12:00,Reel,DdMQftDBd4o,"Chapeuzinho vermelho kkkk 
#viralreels #vaiprafy #fypシ❤️💞❤️ #fypppppppppppppppppppppppppppppppppppppppppppppppppppppppppppppppppppppp",https://www.instagram.com/p/DdMQftDBd4o/,7460,491,14,,,2026-09-21 18:10
Fidelisx,Instagram,2026-09-12,18:27,Reel,DdM8tP-xYb2,"Já pode pedir um replay de ontem?! 👀

Obrigado @cocacola_br pelo convite, que dia incrível! ❤️

Filmmaker - @thaaismagalhaes 

@calnetwork 
@fabinhocal 

#COCACOLA #AUMENTEOVOLUME",https://www.instagram.com/p/DdM8tP-xYb2/,55940,2241,219,Sim,,2026-09-21 18:10
Fidelisx,Instagram,2026-09-12,12:25,Carrossel,DdMTVw4EZBY,"Rock in Rio com a @cocacola_br , obrigado pelo convite, foi MUITO bom!🤟🏾❤️‍🔥 #CocaCola #AumenteOVolume",https://www.instagram.com/p/DdMTVw4EZBY/,,2465,226,,,2026-09-21 18:10
Russin Oficial,Instagram,2026-09-13,19:44,Reel,DdPqZCdJwA-,Diga aí bb kkkk,https://www.instagram.com/p/DdPqZCdJwA-/,84753,3703,27,,,2026-09-21 18:10
Russin Oficial,Instagram,2026-09-11,22:11,Reel,DdKxmGcpE1b,É o molho demais kkkkk,https://www.instagram.com/p/DdKxmGcpE1b/,51357,1291,36,,,2026-09-21 18:10
Russin Oficial,Instagram,2026-09-11,19:45,Reel,DdKg8wHJJbY,Jamais kkkk,https://www.instagram.com/p/DdKg8wHJJbY/,51649,2918,19,,,2026-09-21 18:10
Russin Oficial,Instagram,2026-09-10,21:25,Reel,DdIHk0vJiGx,Se quer molho 🎶,https://www.instagram.com/p/DdIHk0vJiGx/,26172,617,16,,,2026-09-19 11:00
Kysha,Instagram,2026-09-12,11:33,Carrossel,DdMNZ2tFmuy,Que experiência incrível @rockinrio @timbrasil,https://www.instagram.com/p/DdMNZ2tFmuy/,,5040,281,Sim,,2026-09-21 18:10
Kysha,Instagram,2026-09-11,22:05,Carrossel,DdKw_Z_Fnfj,❤️,https://www.instagram.com/p/DdKw_Z_Fnfj/,,13363,570,,,2026-09-21 18:10
Kysha,Instagram,2026-09-11,18:39,Reel,DdKZHn3uGOv,MEU SONHO SE REALIZANDO! Hoje eu sou a stay mais feliz do mundooooo!!!!,https://www.instagram.com/p/DdKZHn3uGOv/,78583,6948,364,,,2026-09-21 18:10
Mine,Instagram,2026-09-10,18:28,Reel,DdHy-nbx9I8,"é isso, erriéssi ✨😁

• @leandrofelipeoficial @studiol_oficial 💆🏼‍♀️",https://www.instagram.com/p/DdHy-nbx9I8/,213802,14056,443,,,2026-09-21 18:10
Kysha e Mine,TikTok,2026-09-14,22:23,Vídeo,7685566276013493520,Essa é muito boa véi (ansiosa para o nosso hit ❤️.💜🩷,https://www.tiktok.com/@kyshaeminee/video/7685566276013493520,1007,161,11,,,2026-09-19 11:30
Kysha e Mine,TikTok,2026-09-14,17:17,Vídeo,7685487777097518356,Essa do molejo tá demais 😂🩷,https://www.tiktok.com/@kyshaeminee/video/7685487777097518356,1203,194,17,,,2026-09-19 11:30
Evy Baddie,TikTok,2026-09-14,20:30,Vídeo,7685423549770763541,,https://www.tiktok.com/@evybaddiee/video/7685423549770763541,5673,949,38,,,2026-09-18 12:02
Evy Baddie,TikTok,2026-09-14,18:35,Vídeo,7685422887477447956,💚,https://www.tiktok.com/@evybaddiee/video/7685422887477447956,12700,2052,52,,,2026-09-17 18:15
Evy Baddie,TikTok,2026-09-14,17:00,Vídeo,7685422504671857941,essa música já é boa com essa batida ficou melhor ainda hahaha amei,https://www.tiktok.com/@evybaddiee/video/7685422504671857941,9979,1602,55,,,2026-09-17 12:34
Argentino,TikTok,2026-09-15,01:21,Vídeo,7685612301617024274,"Naty 🧞‍♂️🔆🌙, te agradeço muito pela ajuda incrível para minha LIVE! Continuarei criando conteúdo cada vez melhor nas LIVEs!@Naty 🧞‍♂️🔆🌙 #tiktoklive #livehighlights #livegift #whalediving #futureencounter",https://www.tiktok.com/@oiargentino_/video/7685612301617024274,9724,665,34,,,2026-09-21 18:15
Casa Saturno,Instagram,2026-09-15,11:07,Reel,DdT4rgwRb02,Rapidinho tu faz de novo… 🎶🙂‍↕️,https://www.instagram.com/p/DdT4rgwRb02/,10286,504,23,,,2026-09-18 11:00
Evy Baddie,Instagram,2026-09-15,18:00,Carrossel,DdUoJ1OFaxZ,Saudades já desse cabelo 🥹✨,https://www.instagram.com/p/DdUoJ1OFaxZ/,,975,446,,,2026-09-21 18:10
Kysha e Mine,TikTok,2026-09-15,12:47,Vídeo,7685789107728960784,Essa é HIT! 🎪✨ Faça o pré-save!,https://www.tiktok.com/@kyshaeminee/video/7685789107728960784,3586,596,15,,,2026-09-20 11:43
Evy Baddie,TikTok,2026-09-15,18:42,Vídeo,7685424716403739924,Kkkkk muito bom,https://www.tiktok.com/@evybaddiee/video/7685424716403739924,3493,648,40,,,2026-09-19 11:30
Evy Baddie,TikTok,2026-09-15,14:00,Vídeo,7685424409829477653,Me senti a moana,https://www.tiktok.com/@evybaddiee/video/7685424409829477653,6725,1570,84,,,2026-09-19 11:05
Evy Baddie,TikTok,2026-09-15,11:40,Vídeo,7685424128043633941,Eu não sei fazer isso não gente kkkk,https://www.tiktok.com/@evybaddiee/video/7685424128043633941,25400,2916,70,,,2026-09-18 18:44
Russin Oficial,TikTok,2026-09-15,20:01,Vídeo,7685900935922453767,,https://www.tiktok.com/@orussindomolejo/video/7685900935922453767,139400,8513,61,,,2026-09-19 11:30
Kysha,TikTok,2026-09-15,19:09,Vídeo,7685887556126379282,Da uma raiva kkkkkkk,https://www.tiktok.com/@oikysha/video/7685887556126379282,104700,5785,211,,,2026-09-17 18:15
Casa Saturno,Instagram,2026-09-16,09:59,Reel,DdWVrSUR-U1,O bom dia hoje é com muito molho! 🙂‍↕️🖤💚,https://www.instagram.com/p/DdWVrSUR-U1/,22383,626,71,,,2026-09-19 11:00
Russin Oficial,Instagram,2026-09-15,21:03,Reel,DdU88FrJprf,Dancinha boa kkkk,https://www.instagram.com/p/DdU88FrJprf/,68850,1886,39,,,2026-09-21 18:10
Casa Saturno,TikTok,2026-09-16,10:08,Vídeo,7686119482753846546,O bom dia hoje é com muito molho! 😂🖤💚,https://www.tiktok.com/@acasasaturno/video/7686119482753846546,9123,1137,21,,,2026-09-21 11:05
Casa Saturno,TikTok,2026-09-15,21:19,Vídeo,7685921232981740818,Eles invadiram o vídeo… 👀✨,https://www.tiktok.com/@acasasaturno/video/7685921232981740818,1737,303,11,,,2026-09-20 11:43
Kysha e Mine,TikTok,2026-09-15,21:19,Vídeo,7685921251474410759,Eles invadiram o vídeo… 👀✨,https://www.tiktok.com/@kyshaeminee/video/7685921251474410759,1062,166,8,,,2026-09-20 11:43
Argentino,TikTok,2026-09-15,22:50,Vídeo,7685944634236800264,😝,https://www.tiktok.com/@oiargentino_/video/7685944634236800264,20000,2731,63,,,2026-09-21 18:15
Fidelisx,TikTok,2026-09-15,21:55,Vídeo,7685930531665497364,,https://www.tiktok.com/@oifidelisx/video/7685930531665497364,11500,1553,137,,,2026-09-20 11:43
Kysha,TikTok,2026-09-15,21:15,Vídeo,7685920040566426887,"Galera de Manaus, não percam tempo, corram!",https://www.tiktok.com/@oikysha/video/7685920040566426887,14900,2029,124,,,2026-09-17 18:15
Kysha e Mine,YouTube,2026-09-15,21:18,Short,d90Leq_iFAw,Eles invadiram o vídeo… 👀,https://youtu.be/d90Leq_iFAw,60663,3181,65,,,2026-09-21 14:06
Kysha e Mine,YouTube,2026-09-15,18:00,Vídeo longo,yiczyW54nak,Kysha e Mine - Que Bom Te Conhecer (Best Friends Forever ao vivo),https://youtu.be/yiczyW54nak,8731,363,21,,,2026-09-20 11:43
Kysha e Mine,YouTube,2026-09-15,12:45,Short,8qJFPQAa_fo,Essa é HIT! 🎪✨ Faça o pré-save!,https://youtu.be/8qJFPQAa_fo,37224,2219,65,,,2026-09-20 11:43
Kysha e Mine,YouTube,2026-09-14,22:22,Short,z0SrGKZ8NZg,Essa é muito boa véi (ansiosa para o nosso hit ❤️💜,https://youtu.be/z0SrGKZ8NZg,23395,1564,53,,,2026-09-19 11:30
Kysha e Mine,YouTube,2026-09-14,17:17,Short,FJd1TJ7HV84,Essa do molejo tá demais 😂,https://youtu.be/FJd1TJ7HV84,34806,2325,47,,,2026-09-19 11:30
Evy Baddie,YouTube,2026-09-16,12:00,Short,6I8UaFqgDOg,Me sentindo a moana kkkk #foryou,https://youtu.be/6I8UaFqgDOg,4063,529,17,,,2026-09-21 14:06
Evy Baddie,YouTube,2026-09-15,18:00,Short,VfMjSfuvkKY,Não sei fazer isso kkkkk,https://youtu.be/VfMjSfuvkKY,18327,1328,20,,,2026-09-21 14:06
Evy Baddie,YouTube,2026-09-15,15:00,Short,ncZgkf6vQgE,E vocês pulariam?,https://youtu.be/ncZgkf6vQgE,7465,888,26,,,2026-09-21 14:06
Evy Baddie,YouTube,2026-09-15,12:00,Short,CRRmABGkB0M,Boa tarde 💚 #foryou #dance,https://youtu.be/CRRmABGkB0M,31509,2415,26,,,2026-09-19 11:30
Evy Baddie,YouTube,2026-09-14,18:00,Short,9g-P5OTpXTc,Boa noiteeee,https://youtu.be/9g-P5OTpXTc,23650,2554,40,,,2026-09-19 11:30
Fidelisx,YouTube,2026-09-16,12:00,Short,yw0jkI5TR88,ja quero voltar pra Manaus😩 #fidelisx,https://youtu.be/yw0jkI5TR88,14453,1424,27,,,2026-09-21 14:06
Fidelisx,YouTube,2026-09-15,18:00,Short,GyfliL6taaw,baixinha é melhor você se controlar…🤯 #fidelisx,https://youtu.be/GyfliL6taaw,16213,1395,26,,,2026-09-20 11:43
Fidelisx,YouTube,2026-09-15,15:00,Short,JaSSfSkN80w,quem quer essa nos shows?👀 #fidelisx,https://youtu.be/JaSSfSkN80w,35631,3169,96,,,2026-09-20 11:43
Fidelisx,YouTube,2026-09-15,12:00,Short,1J6uZWeBgZM,"quem ja fez essa? kkkkkk, trend euuu #fidelisx",https://youtu.be/1J6uZWeBgZM,213755,4020,28,,,2026-09-20 11:43
Fidelisx,YouTube,2026-09-14,18:00,Short,ck7p-VWgLNQ,"a sincronia, muito boa😂😂😂 #fidelisx",https://youtu.be/ck7p-VWgLNQ,389897,11793,89,,,2026-09-19 11:30
Fidelisx,YouTube,2026-09-14,15:00,Short,eCT_y5TyErA,achei esse rascunho aqui😅💚💜🩵🩷 #fidelisx,https://youtu.be/eCT_y5TyErA,47765,3609,93,,,2026-09-19 11:30
Russin Oficial,YouTube,2026-09-15,20:13,Short,NNsQXQyVLiw,Dancinha daquele modelo kkkk,https://youtu.be/NNsQXQyVLiw,47956,1234,9,,,2026-09-21 14:06
Kaka,YouTube,2026-09-15,22:43,Short,-HZ80lBcMmI,Desconvite,https://youtu.be/-HZ80lBcMmI,1018,157,0,,,2026-09-21 14:06
Kaka,YouTube,2026-09-15,18:31,Vídeo longo,CCSkCMfbBsc,Kakabelo episódio 22 * dois em um *,https://youtu.be/CCSkCMfbBsc,396,91,0,,,2026-09-21 14:06
Kaka,YouTube,2026-09-14,20:11,Vídeo longo,uQD5-8BvZXE,14 de setembro de 2026,https://youtu.be/uQD5-8BvZXE,228,65,0,,,2026-09-21 14:06
Casa Saturno,YouTube,2026-09-16,10:06,Short,feLs2BXKh4A,O bom dia hoje é com muito molho! 😂🖤,https://youtu.be/feLs2BXKh4A,16022,1137,21,,,2026-09-21 14:06
Casa Saturno,YouTube,2026-09-15,21:18,Short,1Z1PB2FPbgA,Eles invadiram o vídeo… 👀,https://youtu.be/1Z1PB2FPbgA,18335,1357,24,,,2026-09-20 11:43
Evy Baddie,TikTok,2026-09-16,12:00,Vídeo,7685425778636492053,Então vamo girar.. 🎶quem aí já fez a dança e me marcou?,https://www.tiktok.com/@evybaddiee/video/7685425778636492053,4484,849,34,,,2026-09-19 11:30
Casa Saturno,Instagram,2026-09-16,18:00,Reel,DdXM4MXBywc,💛💜🩵,https://www.instagram.com/p/DdXM4MXBywc/,17784,917,114,Sim,,2026-09-19 11:00
Casa Saturno,Instagram,2026-09-16,17:59,Foto,DdXMdHNsFiU,"O sinal tocou e a agenda mais esperada do ano chegou! ❤️✨

Confira a agenda oficial da nova turnê “Lance de Escola: De volta às aulas - Todo mundo junto” e veja quando a gente passa por aí ⭐️

🗓️ 03 de Outubro: Natal - RN (Teatro Riachuelo)

🗓️ 12 de Outubro: Rio de Janeiro - RJ (Espaço Hall)

🗓️ 17",https://www.instagram.com/p/DdXMdHNsFiU/,,1638,310,Sim,,2026-09-21 18:10
Casa Saturno,Instagram,2026-09-16,13:11,Reel,DdWrnbyOaex,"Mais de meio milhão de visualizações no clipe “Parabéns Kysha & Mine” 💖🎉 

Ver todo esse carinho, essa energia e a galera dançando com a gente é simplesmente indescritível! ⭐️

Muito obrigado a cada um que assistiu, curtiu e compartilhou! Vocês são demais! 🚀✨",https://www.instagram.com/p/DdWrnbyOaex/,55717,1694,74,Sim,,2026-09-19 11:00
Kysha e Mine,Instagram,2026-09-16,17:59,Foto,DdXMdHNsFiU,"O sinal tocou e a agenda mais esperada do ano chegou! ❤️✨

Confira a agenda oficial da nova turnê “Lance de Escola: De volta às aulas - Todo mundo junto” e veja quando a gente passa por aí ⭐️

🗓️ 03 de Outubro: Natal - RN (Teatro Riachuelo)

🗓️ 12 de Outubro: Rio de Janeiro - RJ (Espaço Hall)

🗓️ 17",https://www.instagram.com/p/DdXMdHNsFiU/,,1638,310,Sim,,2026-09-21 18:10
Kysha e Mine,Instagram,2026-09-16,13:11,Reel,DdWrnbyOaex,"Mais de meio milhão de visualizações no clipe “Parabéns Kysha & Mine” 💖🎉 

Ver todo esse carinho, essa energia e a galera dançando com a gente é simplesmente indescritível! ⭐️

Muito obrigado a cada um que assistiu, curtiu e compartilhou! Vocês são demais! 🚀✨",https://www.instagram.com/p/DdWrnbyOaex/,59168,1874,82,Sim,,2026-09-21 18:10
Evy Baddie,Instagram,2026-09-16,18:00,Reel,DdXM4MXBywc,💛💜🩵,https://www.instagram.com/p/DdXM4MXBywc/,19318,1004,115,Sim,,2026-09-21 18:10
Kysha e Mine,TikTok,2026-09-16,13:37,Vídeo,7686173177076108545,"Mais de meio milhão de visualizações no clipe “Parabéns Kysha & Mine” 💖🎉 Ver todo esse carinho, essa energia e a galera dançando com a gente é simplesmente indescritível! ⭐️ Muito obrigado a cada um que assistiu, curtiu e compartilhou! Vocês são demais! 🚀✨",https://www.tiktok.com/@kyshaeminee/video/7686173177076108545,2855,412,35,,,2026-09-21 14:06
Evy Baddie,TikTok,2026-09-16,18:00,Vídeo,7685425147678887188,Pega 💛💜🩵,https://www.tiktok.com/@evybaddiee/video/7685425147678887188,7286,1370,36,,,2026-09-21 14:06
Evy Baddie,TikTok,2026-09-16,16:50,Vídeo,7685425965203311893,Pega a sincronia,https://www.tiktok.com/@evybaddiee/video/7685425965203311893,10000,1813,37,,,2026-09-20 11:43
Fidelisx,TikTok,2026-09-16,15:00,Vídeo,7686194508270243093,,https://www.tiktok.com/@oifidelisx/video/7686194508270243093,9847,1510,68,,,2026-09-16 18:15
Fidelisx,TikTok,2026-09-16,14:50,Vídeo,7686191962122407188,obrigadooooo,https://www.tiktok.com/@oifidelisx/video/7686191962122407188,14100,2153,51,,,2026-09-20 11:43
Kysha,TikTok,2026-09-16,14:57,Vídeo,7686193835378003218,Ele riu de mim pq? Alguém cancela esse garoto 😩,https://www.tiktok.com/@oikysha/video/7686193835378003218,115500,10200,132,,,2026-09-18 12:02
Kysha,TikTok,2026-09-16,14:48,Vídeo,7686191435896360210,Essa calça e meia não ajuda no movimento kkkk fiquei igual um girino dançante 😂😂😂 @jeyke tu amassou nessa,https://www.tiktok.com/@oikysha/video/7686191435896360210,25400,3127,133,,,2026-09-18 12:02
Casa Saturno,Instagram,2026-09-17,10:02,Reel,DdY63Iixy62,"Começando o dia com essa, quem já sabe a “Dc” comenta aqui embaixo! 👇🏼❤️",https://www.instagram.com/p/DdY63Iixy62/,13355,472,35,,,2026-09-19 11:00
Argentino,Instagram,2026-09-16,22:55,Reel,DdXumSXOQSQ,😝😂,https://www.instagram.com/p/DdXumSXOQSQ/,18191,1381,47,,,2026-09-21 18:10
Russin Oficial,Instagram,2026-09-16,22:16,Reel,DdXqFfNRnJJ,"Só faltava molho 🎶
Façam a DC e me marca!",https://www.instagram.com/p/DdXqFfNRnJJ/,16852,456,17,,,2026-09-21 18:10
Casa Saturno,TikTok,2026-09-16,19:07,Vídeo,7686258150286134536,Vai tomando esse (Des)convite… 🎶✨,https://www.tiktok.com/@acasasaturno/video/7686258150286134536,1816,312,18,,,2026-09-21 18:15
Kysha e Mine,TikTok,2026-09-16,20:52,Vídeo,7686285205082082580,Quem sabe essa dc vai comentar “❤️🤍”,https://www.tiktok.com/@kyshaeminee/video/7686285205082082580,1156,150,10,,,2026-09-21 18:15
Kysha e Mine,TikTok,2026-09-16,18:36,Vídeo,7686250341544824084,Confira a agenda oficial da nova turnê “Lance de Escola: De volta às aulas - Todo mundo junto” e veja quando a gente passa por aí ⭐️ 🗓️ 03 de Outubro: Natal - RN (Teatro Riachuelo) 🗓️ 12 de Outubro: Rio de Janeiro - RJ (Espaço Hall) 🗓️ 17 de Outubro: São Paulo - SP (Vibra)   🗓️ 18 de Outubro: São João de Meriti - RJ (Via Music Hall) 🗓️ 28 de Novembro: João Pessoa - PB (Clube Cabo Branco) 🗓️ 29 de Novembro: Recife - PE (Teatro Riomar),https://www.tiktok.com/@kyshaeminee/video/7686250341544824084,5307,428,21,,,2026-09-21 18:15
Fidelisx,TikTok,2026-09-16,20:09,Vídeo,7686274113920371989,pq ele ta me olhando assim?,https://www.tiktok.com/@oifidelisx/video/7686274113920371989,4596,761,65,,,2026-09-17 12:34
Russin Oficial,TikTok,2026-09-16,19:00,Vídeo,7686241627999915282,Já aprenderam DC “SABE O QUE TÁ FALTANDO?” Hoje?  FAÇAM E ME MARCA!,https://www.tiktok.com/@orussindomolejo/video/7686241627999915282,22800,1805,40,,,2026-09-20 11:43
Kysha,TikTok,2026-09-17,11:06,Vídeo,7686505276316519688,Será que eu tô viciada nessa?,https://www.tiktok.com/@oikysha/video/7686505276316519688,40100,5014,132,,,2026-09-19 11:30
Kysha,TikTok,2026-09-16,22:52,Vídeo,7686316119623208200,,https://www.tiktok.com/@oikysha/video/7686316119623208200,24100,3672,122,,,2026-09-18 12:02
Kysha e Mine,YouTube,2026-09-16,20:55,Short,TuT9x-GJrco,Quem sabe essa dc vai comentar “❤️🤍”,https://youtu.be/TuT9x-GJrco,26964,1782,139,,,2026-09-21 14:06
Kysha e Mine,YouTube,2026-09-16,13:34,Short,de14EuUYZSI,Mais de meio milhão de visualizações no clipe “Parabéns Kysha & Mine” 💖🎉,https://youtu.be/de14EuUYZSI,24419,1587,52,,,2026-09-21 14:06
Evy Baddie,YouTube,2026-09-17,12:00,Short,KnAHsbgvZfg,Então vamo girar …🎶✨💛 #foryou #dance,https://youtu.be/KnAHsbgvZfg,7204,919,22,,,2026-09-21 14:06
Evy Baddie,YouTube,2026-09-16,18:00,Short,xju7wpy6lig,Pega o trio #foryou #dance,https://youtu.be/xju7wpy6lig,34032,2617,28,,,2026-09-21 14:06
Evy Baddie,YouTube,2026-09-16,16:00,Short,5bFqkVc6Noo,Kkkkk muito bom #foryou #dance,https://youtu.be/5bFqkVc6Noo,12224,1468,21,,,2026-09-21 14:06
Fidelisx,YouTube,2026-09-17,12:00,Short,RVTugKbUOtk,"eu não sou normal, assumo😂😂😂 #fidelisx",https://youtu.be/RVTugKbUOtk,23093,1675,74,,,2026-09-21 14:06
Fidelisx,YouTube,2026-09-16,18:00,Short,5kHImMyIi1k,scooby doo papaaa😂💚💛 #fidelisx,https://youtu.be/5kHImMyIi1k,42289,2189,21,,,2026-09-21 14:06
Fidelisx,YouTube,2026-09-16,15:00,Short,GCeQTKGrK84,welcome to Manaus…🇧🇷 #fidelisx,https://youtu.be/GCeQTKGrK84,7313,803,22,,,2026-09-21 14:06
Russin Oficial,YouTube,2026-09-16,18:11,Short,RuD3vwCxyEI,JÁ ESCUTARAM A MÚSICA “SABE O QUE TÁ FALTANDO? Hoje? “,https://youtu.be/RuD3vwCxyEI,4869,536,9,,,2026-09-21 14:06
Casa Saturno,YouTube,2026-09-17,12:31,Short,LB9Nd9zCYBA,"Começando o dia com essa, quem já sabe a “Dc” comenta aqui embaixo! 👇🏼",https://youtu.be/LB9Nd9zCYBA,17172,1239,23,,,2026-09-21 14:06
Casa Saturno,YouTube,2026-09-16,19:05,Short,9WxrX0kTlrM,Vai tomando esse (Des)convite… 🎶,https://youtu.be/9WxrX0kTlrM,6382,613,17,,,2026-09-21 14:06
Casa Saturno,TikTok,2026-09-17,12:31,Vídeo,7686527328771394823,"Começando o dia com essa, quem já sabe a “Dc” comenta aqui embaixo! 👇🏼❤️",https://www.tiktok.com/@acasasaturno/video/7686527328771394823,2257,370,14,,,2026-09-21 18:15
Fidelisx,TikTok,2026-09-17,11:43,Vídeo,7686514757347839252,,https://www.tiktok.com/@oifidelisx/video/7686514757347839252,2737,693,80,,,2026-09-17 12:34
Kysha,TikTok,2026-09-17,11:54,Vídeo,7686517597172436232,Depois volto dançando melhor kkk,https://www.tiktok.com/@oikysha/video/7686517597172436232,30300,3156,145,,,2026-09-19 11:30
Casa Saturno,Instagram,2026-09-17,12:05,Reel,DdZJDGPhjXi,"Os ingressos estão VOANDO! 🎒🌈🔥

Dia 12 de outubro, segunda (feriado), @kyshaeminee apresentam o projeto @lancedeescola pra fazer a criançada cantar, dançar e viver um Dia das Crianças daqueles! 🤩🎶

E ó: quem deixar pra depois pode ficar de fora, hein? 👀 Corre e garante logo o ingresso da família!

📅",https://www.instagram.com/p/DdZJDGPhjXi/,36914,1338,35,Sim,,2026-09-19 11:00
Kysha e Mine,Instagram,2026-09-17,12:05,Reel,DdZJDGPhjXi,"Os ingressos estão VOANDO! 🎒🌈🔥

Dia 12 de outubro, segunda (feriado), @kyshaeminee apresentam o projeto @lancedeescola pra fazer a criançada cantar, dançar e viver um Dia das Crianças daqueles! 🤩🎶

E ó: quem deixar pra depois pode ficar de fora, hein? 👀 Corre e garante logo o ingresso da família!

📅",https://www.instagram.com/p/DdZJDGPhjXi/,42664,1543,38,Sim,,2026-09-21 18:10
Evy Baddie,Instagram,2026-09-17,18:05,Reel,DdZyCWCR_ot,marca a irmã de vocês aí🤣🤣🤣,https://www.instagram.com/p/DdZyCWCR_ot/,91864,4507,168,Sim,,2026-09-21 18:10
Fidelisx,Instagram,2026-09-17,18:05,Reel,DdZyCWCR_ot,marca a irmã de vocês aí🤣🤣🤣,https://www.instagram.com/p/DdZyCWCR_ot/,79282,3927,157,Sim,,2026-09-18 18:12
Casa Saturno,TikTok,2026-09-17,18:00,Vídeo,7686612087615016213,"Atenção, ESCOLOVER’S de João Pessoa, Paraíba! 🌴✨ Estão oficialmente abertas as vendas para o show do Lance de Escola: De volta às aulas - Todo mundo junto! 🎒🎶 No dia 28 de novembro, no Clube Cabo Branco, para um show super novo, especial e inesquecível. Você não vai ficar de fora dessa, né? 🥹✨ 🎟️ Garanta já o seu ingresso e venha curtir com a gente! Link na Bio 🔗",https://www.tiktok.com/@acasasaturno/video/7686612087615016213,4945,752,21,,,2026-09-21 18:15
Kysha e Mine,TikTok,2026-09-17,18:00,Vídeo,7686612083441405192,"Atenção, ESCOLOVER’S de João Pessoa, Paraíba! 🌴✨ Estão oficialmente abertas as vendas para o show do Lance de Escola: De volta às aulas - Todo mundo junto! 🎒🎶 No dia 28 de novembro, no Clube Cabo Branco, para um show super novo, especial e inesquecível. Você não vai ficar de fora dessa, né? 🥹✨ 🎟️ Garanta já o seu ingresso e venha curtir com a gente! Link na Bio 🔗",https://www.tiktok.com/@kyshaeminee/video/7686612083441405192,2405,378,17,,,2026-09-21 18:15
Evy Baddie,TikTok,2026-09-17,16:00,Vídeo,7685426782534782229,Ainda bem,https://www.tiktok.com/@evybaddiee/video/7685426782534782229,10800,2192,39,,,2026-09-21 18:15
Evy Baddie,TikTok,2026-09-17,12:50,Vídeo,7685426672945876244,Eles me imitando kkkkkkkkkkk,https://www.tiktok.com/@evybaddiee/video/7685426672945876244,14200,2579,108,,,2026-09-21 14:06
Fidelisx,TikTok,2026-09-17,18:02,Vídeo,7686612644295363861,manda pra irmã de vocês🤣🤣🤣,https://www.tiktok.com/@oifidelisx/video/7686612644295363861,59700,8689,117,,,2026-09-21 18:15
Fidelisx,TikTok,2026-09-17,14:10,Vídeo,7686552790428110101,@KEW to aprendendo essa irmão,https://www.tiktok.com/@oifidelisx/video/7686552790428110101,56300,7725,127,,,2026-09-21 18:15
Russin Oficial,TikTok,2026-09-17,18:00,Vídeo,7686560360626785543,Só falta molho 🎶 Façam a DC e me marca!,https://www.tiktok.com/@orussindomolejo/video/7686560360626785543,21800,2137,29,,,2026-09-21 11:05
Russin Oficial,TikTok,2026-09-17,14:00,Vídeo,7686538077853977864,,https://www.tiktok.com/@orussindomolejo/video/7686538077853977864,12700,1312,25,,,2026-09-20 11:43
Kysha,TikTok,2026-09-17,14:59,Vídeo,7686565249704643858,Ta bom 👍,https://www.tiktok.com/@oikysha/video/7686565249704643858,18100,2443,179,,,2026-09-19 11:30
Kysha,TikTok,2026-09-17,13:00,Vídeo,7686534703670709511,😂😂😂 conceito de estratégia,https://www.tiktok.com/@oikysha/video/7686534703670709511,188700,15600,247,,,2026-09-19 11:30
Casa Saturno,Instagram,2026-09-18,10:11,Reel,DdbgqTSxgWe,Iniciando o dia com aquele pique que a gente ama ✨ Quem mais acordou animado?! 👀 💛,https://www.instagram.com/p/DdbgqTSxgWe/,7155,384,26,,,2026-09-19 11:00
Casa Saturno,Instagram,2026-09-17,18:17,Reel,DdZzZlHAK62,"VENDAS ABERTAS, JOÃO PESSOA! 🚨

O Lance de Escola chegou para fazer história no Clube Cabo Branco, e os ingressos acabaram de ser liberados no site da Blueticket. 🎫🔥

Um show único e exclusivo pra gente viver essa experiência pertinho, do jeito que a gente gosta. 
Marca aqui nos comentários o @ daqu",https://www.instagram.com/p/DdZzZlHAK62/,71832,1514,74,Sim,,2026-09-19 11:00
Kysha e Mine,Instagram,2026-09-17,18:17,Reel,DdZzZlHAK62,"VENDAS ABERTAS, JOÃO PESSOA! 🚨

O Lance de Escola chegou para fazer história no Clube Cabo Branco, e os ingressos acabaram de ser liberados no site da Blueticket. 🎫🔥

Um show único e exclusivo pra gente viver essa experiência pertinho, do jeito que a gente gosta. 
Marca aqui nos comentários o @ daqu",https://www.instagram.com/p/DdZzZlHAK62/,77045,1700,83,Sim,,2026-09-21 18:10
Russin Oficial,Instagram,2026-09-17,21:34,Reel,DdaKEcPRrCo,"Kkkkkkk muito bommmkkkk
#fyp #explore #viralreels #vaiprafy",https://www.instagram.com/p/DdaKEcPRrCo/,37167,487,24,,,2026-09-21 18:10
Kysha,Instagram,2026-09-17,20:52,Reel,DdaFVbhOT-D,CORRAAAM! Link na bio 🚨,https://www.instagram.com/p/DdaFVbhOT-D/,18230,1055,57,,,2026-09-19 11:00
Casa Saturno,TikTok,2026-09-18,10:33,Vídeo,7686868078382566676,Iniciando o dia com aquele pique que a gente ama ✨,https://www.tiktok.com/@acasasaturno/video/7686868078382566676,2287,526,25,,,2026-09-21 18:15
Kysha e Mine,TikTok,2026-09-18,00:53,Vídeo,7686718554674334997,O coração da Kysha deixa a aceleração centrípeta tão forte que ela perdeu o foco 😂🩷🩵,https://www.tiktok.com/@kyshaeminee/video/7686718554674334997,1197,186,8,,,2026-09-21 18:15
Evy Baddie,TikTok,2026-09-17,21:00,Vídeo,7685426351888731413,,https://www.tiktok.com/@evybaddiee/video/7685426351888731413,5622,1022,41,,,2026-09-21 18:15
Russin Oficial,TikTok,2026-09-17,21:00,Vídeo,7686561675230612744,Olha essa tropa kkk,https://www.tiktok.com/@orussindomolejo/video/7686561675230612744,132000,11200,92,,,2026-09-21 18:15
Kysha,TikTok,2026-09-17,23:31,Vídeo,7686697221311483143,❤️,https://www.tiktok.com/@oikysha/video/7686697221311483143,105700,6230,182,,,2026-09-20 11:43
Kysha,TikTok,2026-09-17,20:33,Vídeo,7686651444363119890,Corre e garante seu ingresso agora 😱,https://www.tiktok.com/@oikysha/video/7686651444363119890,27600,3504,190,,,2026-09-19 11:30
Kysha,TikTok,2026-09-17,18:48,Vídeo,7686624382017359111,Do nada kkkk,https://www.tiktok.com/@oikysha/video/7686624382017359111,32400,3735,106,,,2026-09-19 11:30
Kysha e Mine,YouTube,2026-09-18,00:53,Short,UAZ0xpgElnk,O coração da Kysha deixa a aceleração centrípeta tão forte que ela perdeu o foco 😂🩷,https://youtu.be/UAZ0xpgElnk,14319,1037,47,,,2026-09-21 14:06
Kysha e Mine,YouTube,2026-09-17,18:01,Short,rMjmK7Rijdc,"Atenção, ESCOLOVER’S de João Pessoa, Paraíba! 🌴",https://youtu.be/rMjmK7Rijdc,19527,1601,41,,,2026-09-21 14:06
Evy Baddie,YouTube,2026-09-18,12:00,Short,eUDv4hVvSrI,Eles me imitando 😂😂😂😂 #foryou,https://youtu.be/eUDv4hVvSrI,20294,1942,31,,,2026-09-21 14:06
Evy Baddie,YouTube,2026-09-17,20:00,Short,NhEw0TYUa8I,14 de setembro de 2026,https://youtu.be/NhEw0TYUa8I,9128,1656,25,,,2026-09-21 14:06
Evy Baddie,YouTube,2026-09-17,18:00,Short,0uQMy1evG8k,Pega a sincronia #foryou #dance,https://youtu.be/0uQMy1evG8k,9385,1115,17,,,2026-09-21 14:06
Fidelisx,YouTube,2026-09-18,12:00,Short,VjBa8lTU1LI,oi @KyshaeMine 😅 #fidelisx,https://youtu.be/VjBa8lTU1LI,58189,2151,42,,,2026-09-21 14:06
Fidelisx,YouTube,2026-09-17,18:00,Short,edLnAD2ZYsI,@robsonabreu essa ta muito boa❤️ #fidelisx,https://youtu.be/edLnAD2ZYsI,117011,4164,74,,,2026-09-21 14:06
Fidelisx,YouTube,2026-09-17,15:00,Short,HY-34D_eEOU,eu não vou no 1ª show dela que vai acontecer no dia 24/10 no teatro do Shopping Bangu-RJ🫠 #fidelisx,https://youtu.be/HY-34D_eEOU,57314,2854,29,,,2026-09-21 14:06
Russin Oficial,YouTube,2026-09-17,21:41,Short,VdytOAafIaA,Comprou o celular 📱,https://youtu.be/VdytOAafIaA,811480,10273,60,,,2026-09-21 14:06
Russin Oficial,YouTube,2026-09-17,19:40,Short,4SemJsgJzkQ,Se quer molho kkkk,https://youtu.be/4SemJsgJzkQ,4562,472,6,,,2026-09-21 14:06
Russin Oficial,YouTube,2026-09-17,14:26,Short,KgO_gVMzKfA,Trend gringa kk,https://youtu.be/KgO_gVMzKfA,9655,898,8,,,2026-09-21 14:06
Argentino,YouTube,2026-09-17,18:32,Short,RBdLL9vJhEc,🥰😝😝,https://youtu.be/RBdLL9vJhEc,17279,1944,27,,,2026-09-21 14:06
Kaka,YouTube,2026-09-17,21:36,Short,UOgmUbflV84,"Eu com aquele amigo , que não sei nem como viramos amigo 😳🤣",https://youtu.be/UOgmUbflV84,1547,158,0,,,2026-09-21 14:06
Casa Saturno,YouTube,2026-09-18,10:31,Short,HhksUK4QHng,Iniciando o dia com aquele pique que a gente ama,https://youtu.be/HhksUK4QHng,18061,2022,20,,,2026-09-21 14:06
Casa Saturno,YouTube,2026-09-17,18:01,Short,J7AMS8GE8pA,"Atenção, ESCOLOVER’S de João Pessoa, Paraíba! 🌴",https://youtu.be/J7AMS8GE8pA,7790,1175,23,,,2026-09-21 14:06
Casa Saturno,Instagram,2026-09-18,14:00,Foto,Ddb6_ewjeMT,"⏳ FALTAM 30 DIAS! 💖🎒✨

Começou a contagem regressiva para viver LANCE DE ESCOLA com KYSHA E MINE na Via Music Hall!

Dia 18 de outubro, a diversão vai tomar conta do nosso palco em um espetáculo para curtir com toda a família! 🎤🎶🥰

Daqui a 30 dias estaremos cantando, dançando e vivendo momento",https://www.instagram.com/p/Ddb6_ewjeMT/,,522,37,Sim,,2026-09-21 18:10
Casa Saturno,Instagram,2026-09-18,12:23,Reel,DdbvwjSxrP6,"Mais de 100 mil visualizações no clipe oficial de Bela Diversão! 💖🩵

Muito obrigada a todo mundo que está assistindo, dançando e se divertindo com a gente! ⭐️

Se você ainda não viu, corre para o canal da @mcdivertida e @canaldabelinha 🎬✨",https://www.instagram.com/p/DdbvwjSxrP6/,6227,172,7,,,2026-09-21 11:00
Kysha e Mine,Instagram,2026-09-18,14:00,Foto,Ddb6_ewjeMT,"⏳ FALTAM 30 DIAS! 💖🎒✨

Começou a contagem regressiva para viver LANCE DE ESCOLA com KYSHA E MINE na Via Music Hall!

Dia 18 de outubro, a diversão vai tomar conta do nosso palco em um espetáculo para curtir com toda a família! 🎤🎶🥰

Daqui a 30 dias estaremos cantando, dançando e vivendo momento",https://www.instagram.com/p/Ddb6_ewjeMT/,,522,37,Sim,,2026-09-21 18:10
Casa Saturno,TikTok,2026-09-18,18:21,Vídeo,7686988574805314823,Do nada kkkkkkkkk,https://www.tiktok.com/@acasasaturno/video/7686988574805314823,2051,303,15,,,2026-09-21 18:15
Casa Saturno,TikTok,2026-09-18,15:52,Vídeo,7686950182809914644,"Mais de 100 mil visualizações no clipe oficial de Bela Diversão! 💖🩵 Muito obrigada a todo mundo que está assistindo, dançando e se divertindo com a gente! ⭐️ Se você ainda não viu, corre para o canal da @mcdivertida 🎬✨",https://www.tiktok.com/@acasasaturno/video/7686950182809914644,1761,295,9,,,2026-09-21 18:15
Kysha e Mine,TikTok,2026-09-18,18:38,Vídeo,7686992894800022805,💖,https://www.tiktok.com/@kyshaeminee/video/7686992894800022805,1891,275,13,,,2026-09-21 18:15
Evy Baddie,TikTok,2026-09-18,12:53,Vídeo,7685427371230448916,Toma toma @Russin Molejo 🕺,https://www.tiktok.com/@evybaddiee/video/7685427371230448916,3003,500,24,,,2026-09-21 18:15
Fidelisx,TikTok,2026-09-18,17:15,Vídeo,7686971615975968021,kkkkkkkkkkkkkkkkkkkk,https://www.tiktok.com/@oifidelisx/video/7686971615975968021,42000,4616,191,,,2026-09-21 18:15
Fidelisx,TikTok,2026-09-18,14:07,Vídeo,7686922997344603412,,https://www.tiktok.com/@oifidelisx/video/7686922997344603412,13500,1686,48,,,2026-09-21 18:15
Fidelisx,TikTok,2026-09-18,13:03,Vídeo,7686906500324920597,,https://www.tiktok.com/@oifidelisx/video/7686906500324920597,35900,5188,230,,,2026-09-21 18:15
Fidelisx,TikTok,2026-09-18,12:57,Vídeo,7686905084298513684,,https://www.tiktok.com/@oifidelisx/video/7686905084298513684,187800,18000,203,,,2026-09-21 18:15
Russin Oficial,TikTok,2026-09-18,14:30,Vídeo,7686929099687726354,Duas maneiras de aprender a DC! Façam e me marca.,https://www.tiktok.com/@orussindomolejo/video/7686929099687726354,46800,2431,39,,,2026-09-21 18:15
Kysha,TikTok,2026-09-18,17:15,Vídeo,7686971448937729298,,https://www.tiktok.com/@oikysha/video/7686971448937729298,90000,8590,394,,,2026-09-20 11:43
Kysha,TikTok,2026-09-18,17:13,Vídeo,7686970905439800583,"Pra ficar comigo ele realmente rebolou muito, não foi pouco não 😂",https://www.tiktok.com/@oikysha/video/7686970905439800583,19300,2007,89,,,2026-09-20 11:43
Kysha,TikTok,2026-09-18,17:11,Vídeo,7686970464555552007,Nooubaaaaaaaa noubaaaaaaa,https://www.tiktok.com/@oikysha/video/7686970464555552007,45100,3844,88,,,2026-09-20 11:43
Evy Baddie,Instagram,2026-09-18,20:00,Carrossel,DdckNdKldU2,❤️✨,https://www.instagram.com/p/DdckNdKldU2/,,2794,469,,,2026-09-21 18:10
Russin Oficial,Instagram,2026-09-18,20:43,Reel,DdcpAOdJLAJ,Aprenda a dançar da melhor forma 🎶,https://www.instagram.com/p/DdcpAOdJLAJ/,108421,1238,21,,,2026-09-21 18:10
Evy Baddie,TikTok,2026-09-18,21:00,Vídeo,7685426985824177428,Pega o molejokkkkkkk @Russin Molejo 🕺,https://www.tiktok.com/@evybaddiee/video/7685426985824177428,3661,679,40,,,2026-09-21 18:15
Russin Oficial,TikTok,2026-09-18,21:30,Vídeo,7687037213095349511,Dancinha muito boa kkk,https://www.tiktok.com/@orussindomolejo/video/7687037213095349511,499800,38700,86,,,2026-09-21 18:15
Russin Oficial,TikTok,2026-09-18,19:00,Vídeo,7686998564165143826,Estão com molho em dia?  Façam a DC e me marca! 🎶,https://www.tiktok.com/@orussindomolejo/video/7686998564165143826,7845,499,15,,,2026-09-21 18:15
Kysha e Mine,YouTube,2026-09-18,23:46,Vídeo longo,wK8mpCrzFiY,FUI AO SHOW DO STRAY KIDS! *Chorei do início ao fim!,https://youtu.be/wK8mpCrzFiY,0,140,24,,,2026-09-21 14:06
Kysha e Mine,YouTube,2026-09-18,18:36,Short,eIcJ-5-bNM4,Essa eu já sei também 🥹,https://youtu.be/eIcJ-5-bNM4,359212,8188,152,,,2026-09-21 14:06
Evy Baddie,YouTube,2026-09-18,20:00,Short,4v6Ld7Hxc4U,Meu marrento …🎶 #foryou #dance,https://youtu.be/4v6Ld7Hxc4U,8696,1354,18,,,2026-09-21 14:06
Evy Baddie,YouTube,2026-09-18,18:00,Short,AVGbHkp2pZs,Pega o molejo hahaha #foryou,https://youtu.be/AVGbHkp2pZs,19523,1597,18,,,2026-09-21 14:06
Evy Baddie,YouTube,2026-09-18,15:00,Short,MgjgZeBldC0,Ainda bem #foryou,https://youtu.be/MgjgZeBldC0,21459,1699,20,,,2026-09-21 14:06
Fidelisx,YouTube,2026-09-18,18:00,Short,Mdu0bfH4Wis,não me chamou😡 #fidelisx,https://youtu.be/Mdu0bfH4Wis,19213,2190,36,,,2026-09-21 14:06
Fidelisx,YouTube,2026-09-18,15:00,Short,wQTF4tdYfSY,"escutem agora ""Sabe o que ta faltando?"" no canal do @Orussindomolejo 🖤 #fidelisx",https://youtu.be/wQTF4tdYfSY,15231,1556,19,,,2026-09-21 14:06
Russin Oficial,YouTube,2026-09-18,21:12,Short,HfQ6WE5xDB8,Dancinha muito boa 🎶,https://youtu.be/HfQ6WE5xDB8,12500,652,7,,,2026-09-21 14:06
Russin Oficial,YouTube,2026-09-18,12:35,Short,Zv96wgls_Tk,Olha o look kkkk,https://youtu.be/Zv96wgls_Tk,16165,771,5,,,2026-09-21 14:06
Casa Saturno,YouTube,2026-09-19,11:17,Short,cEcUA9Y92IM,Os irmãos chegaram com tudo nessa! 😱,https://youtu.be/cEcUA9Y92IM,21533,1741,32,,,2026-09-21 14:06
Casa Saturno,YouTube,2026-09-18,23:54,Vídeo longo,VNB6_kgfRdk,FOMOS CONHECER A NOVA SATURNO *Vem novidade por aí!,https://youtu.be/VNB6_kgfRdk,0,83,18,,,2026-09-21 14:06
Casa Saturno,YouTube,2026-09-18,18:16,Short,D7OTxAXV1lg,Do nada kkkkkkkkk,https://youtu.be/D7OTxAXV1lg,53537,2840,54,,,2026-09-21 14:06
Casa Saturno,YouTube,2026-09-18,15:51,Short,KL0-q0ZRfIE,Mais de 100 mil visualizações no clipe oficial de Bela Diversão! 💖,https://youtu.be/KL0-q0ZRfIE,8778,924,18,,,2026-09-21 14:06
Casa Saturno,TikTok,2026-09-19,11:17,Vídeo,7687250418610687252,Os irmãos chegaram com tudo nessa! 😱✨,https://www.tiktok.com/@acasasaturno/video/7687250418610687252,3926,767,23,,,2026-09-21 18:15
Evy Baddie,TikTok,2026-09-19,11:30,Vídeo,7685427728090139924,Me perdi no final kkkk,https://www.tiktok.com/@evybaddiee/video/7685427728090139924,5098,986,54,,,2026-09-21 18:15
Kysha e Mine,YouTube,2026-09-19,21:57,Vídeo longo,2NqKO44HtIU,CONFIEI NA MINE AO VOLANTE *Ela me cobrou o dinheiro da Gasolina!,https://youtu.be/2NqKO44HtIU,0,118,15,,,2026-09-21 14:06
Kysha e Mine,YouTube,2026-09-19,21:50,Short,3Kj0LRoZJRM,A música da Mine jkkkkkkkKkk,https://youtu.be/3Kj0LRoZJRM,141922,4546,117,,,2026-09-21 14:06
Kysha e Mine,YouTube,2026-09-19,17:25,Short,wJeC7evlbO4,BROTAMOS MANAAAUS 😛🩷,https://youtu.be/wJeC7evlbO4,35250,2353,58,,,2026-09-21 14:06
Kysha e Mine,YouTube,2026-09-19,12:00,Vídeo longo,1B4B300km6Y,"Kysha e Mine, Fidelisx - Minelisx (Best Friends Forever ao vivo)",https://youtu.be/1B4B300km6Y,19428,660,28,,,2026-09-21 14:06
Evy Baddie,YouTube,2026-09-19,20:26,Vídeo longo,hZ2I1M-5LZM,Eu e minha avó fizemos um bolo gigante 🎂😱🥳,https://youtu.be/hZ2I1M-5LZM,6299,376,29,,,2026-09-21 14:06
Evy Baddie,YouTube,2026-09-19,18:00,Short,7k6fpO0xx-k,"Dia 24 de outubro é logo ali, os ingressos estão quase acabando, então corram e garanta seu ingresso",https://youtu.be/7k6fpO0xx-k,11325,902,12,,,2026-09-21 14:06
Evy Baddie,YouTube,2026-09-19,12:00,Short,EyOAbdJRsOk,Me embolei no final kkkkk #foryou #dance,https://youtu.be/EyOAbdJRsOk,10864,1185,25,,,2026-09-21 14:06
Fidelisx,YouTube,2026-09-19,18:00,Short,93RDniCFg4s,rlk galeao bb #fidelisx,https://youtu.be/93RDniCFg4s,22711,2541,41,,,2026-09-21 14:06
Fidelisx,YouTube,2026-09-19,15:00,Short,Fp-8mg6UOGQ,calminho pq tava MUITO calor em Manaus🥵 #fidelisx,https://youtu.be/Fp-8mg6UOGQ,12104,1191,24,,,2026-09-21 14:06
Fidelisx,YouTube,2026-09-19,12:00,Short,zuQ-KlbzHi4,eu e Kyshino kkkkkk💚🩵🩷 #fidelisx,https://youtu.be/zuQ-KlbzHi4,29030,1830,34,,,2026-09-21 14:06
Russin Oficial,YouTube,2026-09-19,21:03,Short,jMWvLFqUB-I,Adora me perturbar kkkk,https://youtu.be/jMWvLFqUB-I,4307,461,9,,,2026-09-21 14:06
Russin Oficial,YouTube,2026-09-19,18:03,Short,vMvf0Kk-phQ,Puro molho 🕺,https://youtu.be/vMvf0Kk-phQ,5374,413,6,,,2026-09-21 14:06
Kaka,YouTube,2026-09-19,22:34,Vídeo longo,FOxT6maPN3s,FIZ OS ACESSÓRIOS DO MEU CLIPE kakaKAdabra *será que deu certo?👀*,https://youtu.be/FOxT6maPN3s,424,87,0,,,2026-09-21 14:06
Casa Saturno,YouTube,2026-09-20,10:33,Short,-OjNNWZ2XhQ,Sabe o que tá faltando?… Você aprender essa Dc e postar marcando a agente! 👀🖤,https://youtu.be/-OjNNWZ2XhQ,8817,923,15,,,2026-09-21 14:06
Casa Saturno,YouTube,2026-09-19,21:55,Vídeo longo,LyKPnJBYUAs,DANÇA DAS CADEIRAS *A Mine machucou as costas!,https://youtu.be/LyKPnJBYUAs,0,85,16,,,2026-09-21 14:06
Casa Saturno,TikTok,2026-09-20,10:34,Vídeo,7687610423591308552,Sabe o que tá faltando?… Você aprender essa Dc e postar marcando a agente! 👀🖤✨,https://www.tiktok.com/@acasasaturno/video/7687610423591308552,1223,220,16,,,2026-09-21 18:15
Kysha e Mine,TikTok,2026-09-19,21:52,Vídeo,7687414030729776405,A música da Mine jkkkkkkkk,https://www.tiktok.com/@kyshaeminee/video/7687414030729776405,1817,282,17,,,2026-09-21 18:15
Kysha e Mine,TikTok,2026-09-19,17:26,Vídeo,7687345473291603220,BROTAMOS MANAAAUS 😛🩷💜,https://www.tiktok.com/@kyshaeminee/video/7687345473291603220,1050,200,10,,,2026-09-21 18:15
Evy Baddie,TikTok,2026-09-19,18:00,Vídeo,7685447072539102484,"Dia 24 de outubro é logo ali hein, quem ainda não garantiu o ingresso é só entrar no link da minha bio !!! Estou esperando todos vocês 🥹💛✨",https://www.tiktok.com/@evybaddiee/video/7685447072539102484,5371,859,33,,,2026-09-21 18:15
Evy Baddie,TikTok,2026-09-19,14:10,Vídeo,7685447323341688085,Não vai adiantar…🎶,https://www.tiktok.com/@evybaddiee/video/7685447323341688085,5859,1128,29,,,2026-09-21 18:15
Fidelisx,TikTok,2026-09-19,18:01,Vídeo,7687354350812826901,,https://www.tiktok.com/@oifidelisx/video/7687354350812826901,46200,7214,190,,,2026-09-21 18:15
Fidelisx,TikTok,2026-09-19,17:25,Vídeo,7687345212942863636,,https://www.tiktok.com/@oifidelisx/video/7687345212942863636,199700,23200,204,,,2026-09-21 18:15
Russin Oficial,TikTok,2026-09-19,21:01,Vídeo,7687400734765190407,Adora me perturbar kkkk @reservaoiikaka,https://www.tiktok.com/@orussindomolejo/video/7687400734765190407,9940,812,18,,,2026-09-21 18:15
Russin Oficial,TikTok,2026-09-19,18:01,Vídeo,7687354455448194322,Sabe o que tá faltando?  Façam a DC e me marca!,https://www.tiktok.com/@orussindomolejo/video/7687354455448194322,16200,1089,37,,,2026-09-21 18:15
Russin Oficial,TikTok,2026-09-19,12:00,Vídeo,7687261335461154066,Olha os produtos top ❤️,https://www.tiktok.com/@orussindomolejo/video/7687261335461154066,4841,282,17,,,2026-09-21 18:15
Kysha,TikTok,2026-09-20,02:44,Vídeo,7687489120976850184,,https://www.tiktok.com/@oikysha/video/7687489120976850184,118000,7841,98,,,2026-09-21 18:15
Kysha,TikTok,2026-09-19,20:23,Vídeo,7687390919909231890,Kkkkkkk esqueci a dancinha 😂😂😂,https://www.tiktok.com/@oikysha/video/7687390919909231890,206200,18200,330,,,2026-09-21 18:15
Kysha,TikTok,2026-09-19,20:11,Vídeo,7687388005891312903,Coitada da Driaaaammmmm,https://www.tiktok.com/@oikysha/video/7687388005891312903,19800,1848,99,,,2026-09-21 18:15
Kysha,TikTok,2026-09-19,20:06,Vídeo,7687386575981874439,Desculpem a letra super profunda da música 🫠,https://www.tiktok.com/@oikysha/video/7687386575981874439,18600,1867,94,,,2026-09-21 18:15
Kysha,TikTok,2026-09-19,16:59,Vídeo,7687338357113851154,Difícil dançar com um braço parado 😩,https://www.tiktok.com/@oikysha/video/7687338357113851154,38500,3829,125,,,2026-09-21 18:15
Kysha,TikTok,2026-09-19,16:48,Vídeo,7687335509479148818,A música da Mine jkkkkkkkk,https://www.tiktok.com/@oikysha/video/7687335509479148818,68700,5382,126,,,2026-09-21 18:15
Mine,TikTok,2026-09-20,01:51,Vídeo,7687475435843718408,posso nem ser romântica veyos… 😩,https://www.tiktok.com/@aminequerida_/video/7687475435843718408,17700,2827,140,,,2026-09-21 18:15
Mine,TikTok,2026-09-20,01:44,Vídeo,7687473792477580552,"sou um meme pra vocês, não é possível KAKAKAKA afis 🫪",https://www.tiktok.com/@aminequerida_/video/7687473792477580552,7536,912,59,,,2026-09-21 18:15
Mine,TikTok,2026-09-19,16:51,Vídeo,7687336433010511122,“essa papo de live não dá” 😼,https://www.tiktok.com/@aminequerida_/video/7687336433010511122,13200,1950,132,,,2026-09-21 18:15
Mine,TikTok,2026-09-19,14:33,Vídeo,7687300724341918984,quem tá rindo? 👎🏼,https://www.tiktok.com/@aminequerida_/video/7687300724341918984,132600,19100,287,,,2026-09-21 18:15
Casa Saturno,Instagram,2026-09-21,10:59,Reel,DdjUhG1REWs,"Passamos de 100 mil visualizações no YouTube! 🎩✨

Vocês são incríveis! Se você ainda não viu, corre lá no canal para conferir! ⭐️

Qual trecho do clipe “KakáKadabra” não sai da sua cabeça? Comenta aí! 👇",https://www.instagram.com/p/DdjUhG1REWs/,21160,1055,62,,,2026-09-21 18:10
Casa Saturno,Instagram,2026-09-20,17:45,Reel,DdheLXzJe8S,Quando a trend chama esse trio não consegue ficar parado! 🖤💛💚,https://www.instagram.com/p/DdheLXzJe8S/,5325,281,11,,,2026-09-21 18:10
Casa Saturno,Instagram,2026-09-20,10:26,Reel,Ddgr7ESR-YP,Sabe o que tá faltando?… Você aprender essa Dc e postar marcando a gente! 👀🖤✨,https://www.instagram.com/p/Ddgr7ESR-YP/,12090,576,41,,,2026-09-21 18:10
Casa Saturno,Instagram,2026-09-19,18:00,Reel,Dde7VreBhJH,"Dia 24 de outubro é logo ali hein, quem ainda não garantiu o ingresso é só entrar no link da minha bio !!! Estou esperando todos vocês 🥹💛✨",https://www.instagram.com/p/Dde7VreBhJH/,23095,599,48,Sim,,2026-09-21 18:10
Casa Saturno,Instagram,2026-09-19,14:59,Reel,DdemVutpZov,"Não vai adiantar, fingir que não me quer e depois me chamar 🎶… Eles entregaram TU-DO nessa! 😱",https://www.instagram.com/p/DdemVutpZov/,71189,3451,192,Sim,,2026-09-21 18:10
Casa Saturno,Instagram,2026-09-19,12:00,Reel,DdeSIZ9x7x0,"Tá chegando! 🎒✨

@kyshaeminee chegam ao Espaço Hall com @lancedeescola pra fazer a criançada cantar, dançar e se divertir MUITO! 🤩🎶

E atenção: os ingressos estão acabando! 👀 Corre pra garantir o da família e não ficar de fora desse Dia das Crianças!

📅 12 de outubro
🎟️ www.espacohall.com.br",https://www.instagram.com/p/DdeSIZ9x7x0/,74984,1330,47,Sim,,2026-09-21 18:10
Casa Saturno,Instagram,2026-09-19,11:02,Reel,DdeLUYWxGEz,Os irmãos chegaram com tudo nessa! 🙂‍↕️✨,https://www.instagram.com/p/DdeLUYWxGEz/,19428,1345,74,,,2026-09-21 18:10
Kysha e Mine,Instagram,2026-09-19,12:00,Reel,DdeSIZ9x7x0,"Tá chegando! 🎒✨

@kyshaeminee chegam ao Espaço Hall com @lancedeescola pra fazer a criançada cantar, dançar e se divertir MUITO! 🤩🎶

E atenção: os ingressos estão acabando! 👀 Corre pra garantir o da família e não ficar de fora desse Dia das Crianças!

📅 12 de outubro
🎟️ www.espacohall.com.br",https://www.instagram.com/p/DdeSIZ9x7x0/,74994,1330,47,Sim,,2026-09-21 18:10
Evy Baddie,Instagram,2026-09-19,18:00,Reel,Dde7VreBhJH,"Dia 24 de outubro é logo ali hein, quem ainda não garantiu o ingresso é só entrar no link da minha bio !!! Estou esperando todos vocês 🥹💛✨",https://www.instagram.com/p/Dde7VreBhJH/,23100,599,48,Sim,,2026-09-21 18:10
Argentino,Instagram,2026-09-20,18:13,Reel,Ddhhd3kS8ae,Essa é mt boaaa😂😂,https://www.instagram.com/p/Ddhhd3kS8ae/,29652,1315,46,,,2026-09-21 18:10
Argentino,Instagram,2026-09-19,14:59,Reel,DdemVutpZov,"Não vai adiantar, fingir que não me quer e depois me chamar 🎶… Eles entregaram TU-DO nessa! 😱",https://www.instagram.com/p/DdemVutpZov/,71191,3452,192,Sim,,2026-09-21 18:10
Fidelisx,Instagram,2026-09-19,14:59,Reel,DdemVutpZov,"Não vai adiantar, fingir que não me quer e depois me chamar 🎶… Eles entregaram TU-DO nessa! 😱",https://www.instagram.com/p/DdemVutpZov/,71194,3452,192,Sim,,2026-09-21 18:10
Russin Oficial,Instagram,2026-09-20,21:14,Reel,Ddh2QqqJLE7,Vai tomando jogada kkkk,https://www.instagram.com/p/Ddh2QqqJLE7/,48823,1788,19,,,2026-09-21 18:10
Russin Oficial,Instagram,2026-09-20,18:38,Reel,DdhkVU8p-Pe,Marca seu amor 🫶🏻,https://www.instagram.com/p/DdhkVU8p-Pe/,73450,3743,32,,,2026-09-21 18:10
Russin Oficial,Instagram,2026-09-20,12:00,Reel,Ddg28QaBNvS,"HAHAHAHAHA 
#fyp #explore #viralreels #vaiprafy",https://www.instagram.com/p/Ddg28QaBNvS/,161379,906,133,,,2026-09-21 18:10
Russin Oficial,Instagram,2026-09-19,18:18,Reel,Dde9RvZpkGt,Essa transição só funcionou porque foi com look da @alojadasaturno 👀🖤🤎,https://www.instagram.com/p/Dde9RvZpkGt/,20107,323,14,,,2026-09-21 18:10
Russin Oficial,Instagram,2026-09-19,12:13,Reel,DdeTgsYx1CQ,Celular do vovô kkkk,https://www.instagram.com/p/DdeTgsYx1CQ/,88935,2845,96,,,2026-09-21 18:10
Kysha,Instagram,2026-09-20,17:21,Reel,DdhbVS5uiby,Em breve trago tutorial completo e detalhado no canal 🩷🙏🏼,https://www.instagram.com/p/DdhbVS5uiby/,49528,2741,201,,,2026-09-21 18:10
Mine,Instagram,2026-09-20,01:56,Carrossel,DdfxwOcEUeu,estou amando ver vocês fazendouow 🫪💜,https://www.instagram.com/p/DdfxwOcEUeu/,,3575,159,,,2026-09-21 18:10
Mine,Instagram,2026-09-19,16:53,Reel,DdezgLVzuJz,BROTAMOS MANAAAUS 😛🩷💜,https://www.instagram.com/p/DdezgLVzuJz/,63415,2746,325,,,2026-09-21 18:10
Casa Saturno,TikTok,2026-09-20,17:49,Vídeo,7687722480252849428,Quando a trend chama esse trio não consegue ficar parado! 🖤💛💚,https://www.tiktok.com/@acasasaturno/video/7687722480252849428,5304,934,18,,,2026-09-21 18:15
Kysha e Mine,TikTok,2026-09-20,21:19,Vídeo,7687776678910725397,Difícil dançar com um braço parado 😩,https://www.tiktok.com/@kyshaeminee/video/7687776678910725397,985,154,12,,,2026-09-21 18:15
Kysha e Mine,TikTok,2026-09-20,17:29,Vídeo,7687717397695843604,Vocês pediram muito esse tutorial 👀✨,https://www.tiktok.com/@kyshaeminee/video/7687717397695843604,552,103,10,,,2026-09-21 18:15
Evy Baddie,TikTok,2026-09-20,12:00,Vídeo,7685464424580140308,Já estou com sdds desse cabelo 😩🥹,https://www.tiktok.com/@evybaddiee/video/7685464424580140308,1879,410,46,,,2026-09-21 18:15
Argentino,TikTok,2026-09-20,18:05,Vídeo,7687726635029744914,Essa é mt boa kakaka,https://www.tiktok.com/@oiargentino_/video/7687726635029744914,14800,2339,32,,,2026-09-21 18:15
Fidelisx,TikTok,2026-09-20,22:46,Vídeo,7687798963403050260,,https://www.tiktok.com/@oifidelisx/video/7687798963403050260,95700,9196,132,,,2026-09-21 18:15
Fidelisx,TikTok,2026-09-20,13:26,Vídeo,7687654560013241621,,https://www.tiktok.com/@oifidelisx/video/7687654560013241621,16500,3009,86,,,2026-09-21 18:15
Russin Oficial,TikTok,2026-09-20,18:00,Vídeo,7687725254977850631,,https://www.tiktok.com/@orussindomolejo/video/7687725254977850631,8453,679,19,,,2026-09-21 18:15
Russin Oficial,TikTok,2026-09-20,12:01,Vídeo,7687632688580185362,Hora de aquecer o molho 🔥 Façam a DC e me marca!  @Tino🧞‍♂️,https://www.tiktok.com/@orussindomolejo/video/7687632688580185362,4537,412,20,,,2026-09-21 18:15
Kysha,TikTok,2026-09-20,19:36,Vídeo,7687750007340158216,,https://www.tiktok.com/@oikysha/video/7687750007340158216,12900,1771,124,,,2026-09-21 18:15
Kysha,TikTok,2026-09-20,17:17,Vídeo,7687714092294999303,Em breve lanço um tutorial detalhado no YouTube 🩷✨,https://www.tiktok.com/@oikysha/video/7687714092294999303,15700,2342,100,,,2026-09-21 18:15
Kysha,TikTok,2026-09-20,15:47,Vídeo,7687690956820204807,Já já tem show aqui em Belém - PA 🩷 quem eu vejo lá?,https://www.tiktok.com/@oikysha/video/7687690956820204807,20100,3019,120,,,2026-09-21 18:15
Kysha,TikTok,2026-09-20,12:57,Vídeo,7687647255020489991,"Penúltima com essa, prometo kkkk",https://www.tiktok.com/@oikysha/video/7687647255020489991,16900,1814,131,,,2026-09-21 18:15
Kysha e Mine,YouTube,2026-09-20,21:19,Short,6yV3l6z_2rg,Difícil dançar com um braço parado,https://youtu.be/6yV3l6z_2rg,77731,3298,65,,,2026-09-21 14:06
Kysha e Mine,YouTube,2026-09-20,17:26,Short,VvRgd9Xrz_k,Vocês pediram muito esse tutorial 👀💖,https://youtu.be/VvRgd9Xrz_k,12007,1368,69,,,2026-09-21 14:06
Fidelisx,YouTube,2026-09-20,18:00,Short,mmKwbk2wlw8,minimalista pra vocês pegarem🤟🏾 #fidelisx,https://youtu.be/mmKwbk2wlw8,7018,902,23,,,2026-09-21 14:06
Fidelisx,YouTube,2026-09-20,15:00,Short,bp8bOXTLxGg,to encantado nesse lugar❤️ #fidelisx,https://youtu.be/bp8bOXTLxGg,2636,393,11,,,2026-09-21 14:06
Fidelisx,YouTube,2026-09-20,12:00,Short,UoCWIe-u7YQ,passinho do jamal em MANAUS😝 #fidelisx,https://youtu.be/UoCWIe-u7YQ,21860,1238,26,,,2026-09-21 14:06
Russin Oficial,YouTube,2026-09-21,12:10,Short,7uYntYyaEVQ,Achei um de botão 🎶,https://youtu.be/7uYntYyaEVQ,764,45,3,,,2026-09-21 14:06
Russin Oficial,YouTube,2026-09-20,18:13,Short,4jIHnb3GwY8,Aprendendo molho internacional kkk,https://youtu.be/4jIHnb3GwY8,1742,172,4,,,2026-09-21 14:06
Russin Oficial,YouTube,2026-09-20,12:26,Short,BDW2rNrouCY,Dupla do molho especial ❤️,https://youtu.be/BDW2rNrouCY,18520,843,7,,,2026-09-21 14:06
Kaka,YouTube,2026-09-20,16:44,Short,MA641_mZqXs,Acharam ???,https://youtu.be/MA641_mZqXs,1460,163,0,,,2026-09-21 14:06
Casa Saturno,YouTube,2026-09-21,11:17,Short,18HLGbkXiJw,Passamos de 100 mil visualizações no YouTube! 🎩,https://youtu.be/18HLGbkXiJw,661,199,10,,,2026-09-21 14:06
Casa Saturno,YouTube,2026-09-20,17:49,Short,U3ju-3MQoj8,Quando a trend chama esse trio não consegue ficar parado! 🖤💛,https://youtu.be/U3ju-3MQoj8,9477,1128,16,,,2026-09-21 14:06
Casa Saturno,TikTok,2026-09-21,11:17,Vídeo,7687992400215559425,"Passamos de 100 mil visualizações no YouTube! 🎩✨ Vocês são incríveis! Se você ainda não viu, corre lá no canal para conferir! ⭐️ Qual trecho do clipe “KakáKadabra” não sai da sua cabeça? Comenta aí! 👇",https://www.tiktok.com/@acasasaturno/video/7687992400215559425,1318,282,11,,,2026-09-21 18:15
Russin Oficial,TikTok,2026-09-21,12:00,Vídeo,7688003527486065928,,https://www.tiktok.com/@orussindomolejo/video/7688003527486065928,8087,620,14,,,2026-09-21 18:15
Casa Saturno,Instagram,2026-09-21,14:19,Reel,DdjrgP9pEpY,"Ninguém: absolutamente ninguém: a
A @oikysha invadindo o vídeo do nada 😂💖🖤",https://www.instagram.com/p/DdjrgP9pEpY/,4544,388,16,,,2026-09-21 18:10
Evy Baddie,Instagram,2026-09-21,18:00,Reel,DdkE2hKBu77,"Ontem, dia 20, fez 1 ano que lancei minha primeira música. 1 ano do meu EP no mundo.
Parece que foi ontem que eu sonhava com isso, e hoje eu tô aqui vivendo.
Obrigada de coração a cada pessoa que me ajudou a realizar esse sonho, que acreditou em mim, no meu trabalho.
E obrigada aos meus fãs, a cada ",https://www.instagram.com/p/DdkE2hKBu77/,1306,157,36,,,2026-09-21 18:10
Kysha e Mine,TikTok,2026-09-21,16:25,Vídeo,7688071999393959188,Coitada dela carammmm 😂🩷,https://www.tiktok.com/@kyshaeminee/video/7688071999393959188,872,141,12,,,2026-09-21 18:15
Evy Baddie,TikTok,2026-09-21,18:00,Vídeo,7688072073402420501,"Ontem, dia 20, fez 1 ano que lancei minha primeira música. 1 ano do meu EP no mundo. Parece que foi ontem que eu sonhava com isso, e hoje eu tô aqui vivendo. Obrigada de coração a cada pessoa que me ajudou a realizar esse sonho, que acreditou em mim, no meu trabalho. E obrigada aos meus fãs, a cada play, a cada mensagem, a cada pessoa que escuta minhas músicas. Vocês me fazem continuar. Esse é só o começo. Amo vocês!❤️ #CapCut",https://www.tiktok.com/@evybaddiee/video/7688072073402420501,715,150,24,,,2026-09-21 18:15
Evy Baddie,TikTok,2026-09-21,16:27,Vídeo,7688072489116716308,@aminequerida_,https://www.tiktok.com/@evybaddiee/video/7688072489116716308,1613,352,28,,,2026-09-21 18:15
